species,genus,family,order,class,phylum,kingdom,superkingdom,species_str,has_sequence,split
100225,1184606,85018,85006,1760,201174,0,2,100225,True,train
1002689,1742983,204434,204433,204432,57723,0,2,1002689,True,id_novel_genus
1005039,1005038,1663426,1663425,1663419,67819,0,2,1005039,True,train
1006,869806,2762301,768507,768503,976,0,2,1006,True,ood_novel_family
1006576,1511648,1643949,1643947,188708,200918,0,2,1006576,True,train
100716,100715,2968741,191411,191410,1090,0,2,100716,True,train
1008,1007,89374,1936988,1937959,976,0,2,1008,True,train
100886,135858,2810280,526525,526524,1239,0,2,100886,True,ood_novel_family
101385,153265,49546,200644,117743,976,0,2,101385,True,ood_novel_family
1014,1013,2762318,200644,117743,976,0,2,1014,True,train
101534,203804,543,91347,1236,1224,0,2,101534,True,id_novel_genus
1018,1016,49546,200644,117743,976,0,2,1018,True,ood_novel_family
102116,102115,1890498,52604,3028117,1117,0,2,102116,True,train
102134,2867376,2867375,186802,186801,1239,0,2,102134,True,ood_novel_family
1027273,305899,2066474,135619,1236,1224,0,2,1027273,True,train
1031538,75687,135620,135619,1236,1224,0,2,1031538,True,train
1032623,1249016,712,135625,1236,1224,0,2,1032623,True,id_novel_genus
1033854,106633,72276,135613,1236,1224,0,2,1033854,True,train
103731,2071,2070,85010,1760,201174,0,2,103731,True,train
103816,1827,85025,85007,1760,201174,0,2,103816,True,id_novel_genus
104,68288,563798,768507,768503,976,0,2,104,True,train
1048758,1048757,543,91347,1236,1224,0,2,1048758,True,train
1049,85072,1046,135613,1236,1224,0,2,1049,True,id_novel_genus
104955,2742598,33958,186826,91061,1239,0,2,104955,True,id_novel_genus
1050,85073,1046,135613,1236,1224,0,2,1050,True,train
105219,48736,119060,80840,28216,1224,0,2,105219,True,id_novel_genus
1053,85108,72276,135613,1236,1224,0,2,1053,True,id_novel_genus
1055104,204286,28256,135619,1236,1224,0,2,1055104,True,train
105560,316612,2975441,80840,28216,1224,0,2,105560,True,ood_novel_family
1056807,212742,481,206351,28216,1224,0,2,1056807,True,train
106,105,2896860,768507,768503,976,0,2,106,True,train
1061,1060,31989,204455,28211,1224,0,2,1061,True,id_novel_genus
1063,1653176,31989,204455,28211,1224,0,2,1063,True,train
106370,1854,74712,85013,1760,201174,0,2,106370,True,train
106592,106591,82115,356,28211,1224,0,2,106592,True,id_novel_genus
1069,1068,45401,356,28211,1224,0,2,1069,True,id_novel_genus
1069220,2126281,1762,85007,1760,201174,0,2,1069220,True,train
1070130,1906661,543,91347,1236,1224,0,2,1070130,True,train
1074467,2767879,33958,186826,91061,1239,0,2,1074467,True,id_novel_genus
1075,2818469,31989,204455,28211,1224,0,2,1075,True,train
1076,1073,41294,356,28211,1224,0,2,1076,True,train
1076124,907364,28056,85008,1760,201174,0,2,1076124,True,train
1076588,1608298,0,0,1236,1224,0,2,1076588,True,id_novel_genus
1076626,1076625,0,0,1236,1224,0,2,1076626,True,train
107709,178440,134623,415000,414999,74201,0,2,107709,True,train
1079,59282,2831090,356,28211,1224,0,2,1079,True,train
1081631,1081630,543,91347,1236,1224,0,2,1081631,True,train
1082704,1082702,1903410,91347,1236,1224,0,2,1082704,True,train
1084,1612157,41295,204441,28211,1224,0,2,1084,True,train
1085624,59740,1853234,768507,768503,976,0,2,1085624,True,train
109266,110103,1892259,1161,3028117,1117,0,2,109266,True,id_novel_genus
109472,109471,712,135625,1236,1224,0,2,109472,True,id_novel_genus
1096,1091,191412,191411,191410,1090,0,2,1096,True,id_novel_genus
1097,256319,191412,191411,191410,1090,0,2,1097,True,train
1100,1099,191412,191411,191410,1090,0,2,1100,True,train
1102,1101,191412,191411,191410,1090,0,2,1102,True,train
110539,1866885,1762,85007,1760,201174,0,2,110539,True,train
1108,1107,1106,32064,32061,200795,0,2,1108,True,train
1108595,535,1499392,206351,28216,1224,0,2,1108595,True,train
1109412,71655,1903410,91347,1236,1224,0,2,1109412,True,train
111015,1654,2049,2037,1760,201174,0,2,111015,True,train
1112,1041,335929,204457,28211,1224,0,2,1112,True,train
111501,111500,49546,200644,117743,976,0,2,111501,True,ood_novel_family
1115758,1501226,186804,186802,186801,1239,0,2,1115758,True,id_novel_genus
1118202,1433995,2762318,200644,117743,976,0,2,1118202,True,train
111831,111830,41295,204441,28211,1224,0,2,111831,True,id_novel_genus
1123043,1382832,1914233,2691355,203683,203682,0,2,1123043,True,id_novel_genus
1124597,162171,1191479,1191478,28211,1224,0,2,1124597,True,train
1125847,1903858,82115,356,28211,1224,0,2,1125847,True,id_novel_genus
1125966,1348505,186824,1385,91061,1239,0,2,1125966,True,train
1126,1125,1890449,1118,3028117,1117,0,2,1126,True,train
1131703,399320,2791015,136,203692,203691,0,2,1131703,True,train
1133546,754249,0,85006,1760,201174,0,2,1133546,True,train
1134405,1134403,1334117,795748,795747,1134404,0,2,1134405,True,train
1134435,33057,2008794,206389,28216,1224,0,2,1134435,True,train
1137095,1203,1182,1161,3028117,1117,0,2,1137095,True,train
1138822,2767893,33958,186826,91061,1239,0,2,1138822,True,train
114186,114185,28256,135619,1236,1224,0,2,114186,True,train
1141883,149698,75682,80840,28216,1224,0,2,1141883,True,train
1145276,400634,186817,1385,91061,1239,0,2,1145276,True,id_novel_genus
1148,1142,1890428,1890424,3028117,1117,0,2,1148,True,train
1155739,1155738,1892254,1150,3028117,1117,0,2,1155739,True,train
1159327,1434032,85023,85006,1760,201174,0,2,1159327,True,train
1160,54304,1892252,1150,3028117,1117,0,2,1160,True,train
1160784,1301080,0,0,28216,1224,0,2,1160784,True,train
116090,171003,2848916,1737405,1737404,1239,0,2,116090,True,train
1162966,1434022,85023,85006,1760,201174,0,2,1162966,True,train
1164,264688,1162,1161,3028117,1117,0,2,1164,True,id_novel_genus
1165,1163,1162,1161,3028117,1117,0,2,1165,True,train
1165090,1165076,49546,200644,117743,976,0,2,1165090,True,ood_novel_family
1166950,53392,1046,135613,1236,1224,0,2,1166950,True,train
1170699,379068,49546,200644,117743,976,0,2,1170699,True,ood_novel_family
117157,117156,2805400,85009,1760,201174,0,2,117157,True,train
117207,165697,41297,204457,28211,1224,0,2,117207,True,train
1173025,63132,1892251,1150,3028117,1117,0,2,1173025,True,train
1173026,102231,1890464,1118,3028117,1117,0,2,1173026,True,train
1173032,217161,1890431,1890424,3028117,1117,0,2,1173032,True,train
1177211,2018044,119060,80840,28216,1224,0,2,1177211,True,train
1177712,1434011,433,204441,28211,1224,0,2,1177712,True,train
1179673,162491,85016,85006,1760,201174,0,2,1179673,True,train
118000,117999,2945019,191393,68337,200930,0,2,118000,True,train
118163,44474,1890500,52604,3028117,1117,0,2,118163,True,train
118323,1158,1892254,1150,3028117,1117,0,2,118323,True,train
1183401,357,82115,356,28211,1224,0,2,1183401,True,train
1184,47251,1890438,2881377,3028117,1117,0,2,1184,True,ood_novel_family
1184387,1184396,1643948,1643946,188708,200918,0,2,1184387,True,train
1185412,1348611,2603322,186802,186801,1239,0,2,1185412,True,train
118562,35823,1892252,1150,3028117,1117,0,2,118562,True,train
1188228,1188227,1955043,1955042,3028117,1117,0,2,1188228,True,train
1188319,1443590,90627,32003,28216,1224,0,2,1188319,True,train
119,1649490,126,112,203683,203682,0,2,119,True,train
1193095,2767890,33958,186826,91061,1239,0,2,1193095,True,train
1193713,2675232,186817,1385,91061,1239,0,2,1193713,True,id_novel_genus
119484,29526,213465,213462,3024408,200940,0,2,119484,True,train
1196083,1193515,481,206351,28216,1224,0,2,1196083,True,id_novel_genus
1196095,1193503,1240483,1240482,1236,1224,0,2,1196095,True,train
1197717,508459,649777,649776,649775,508458,0,2,1197717,True,id_novel_genus
119864,28253,135620,135619,1236,1224,0,2,119864,True,train
120,1649480,126,112,203683,203682,0,2,120,True,train
1208324,875170,2854170,204455,28211,1224,0,2,1208324,True,train
1209493,170610,2303730,2881377,3028117,1117,0,2,1209493,True,ood_novel_family
120962,120961,1508635,32064,32061,200795,0,2,120962,True,ood_novel_family
1210884,113,1914233,2691355,203683,203682,0,2,1210884,True,train
121719,227873,2821832,356,28211,1224,0,2,121719,True,id_novel_genus
1217908,53945,2854170,204455,28211,1224,0,2,1217908,True,id_novel_genus
1218801,221065,49546,200644,117743,976,0,2,1218801,True,ood_novel_family
1219,1218,2881426,1890424,3028117,1117,0,2,1219,True,id_novel_genus
1221500,1329200,186817,1385,91061,1239,0,2,1221500,True,train
1225128,1706033,433,204441,28211,1224,0,2,1225128,True,id_novel_genus
1225769,400060,1499392,206351,28216,1224,0,2,1225769,True,id_novel_genus
1229,1227,1046,135613,1236,1224,0,2,1229,True,train
1229164,1227948,41297,204457,28211,1224,0,2,1229164,True,train
1230341,351195,186817,1385,91061,1239,0,2,1230341,True,train
1231,35798,206379,32003,28216,1224,0,2,1231,True,ood_novel_family
1232575,119977,225058,225057,1807140,1224,0,2,1232575,True,train
1235591,1734920,0,356,28211,1224,0,2,1235591,True,id_novel_genus
1238,1237,135616,72273,1236,1224,0,2,1238,True,train
123824,1649317,712,135625,1236,1224,0,2,123824,True,train
1241979,2782231,2762318,200644,117743,976,0,2,1241979,True,id_novel_genus
1249552,1524249,0,0,1236,1224,0,2,1249552,True,id_novel_genus
1249553,1537406,135620,135619,1236,1224,0,2,1249553,True,train
125,123,2691357,2691354,203683,203682,0,2,125,True,train
1250539,263377,2854170,204455,28211,1224,0,2,1250539,True,id_novel_genus
1255,1253,33958,186826,91061,1239,0,2,1255,True,train
1259973,160674,543,91347,1236,1224,0,2,1259973,True,train
1260,150022,1570339,1737405,1737404,1239,0,2,1260,True,train
1263979,1263978,41295,204441,28211,1224,0,2,1263979,True,train
1264,1263,216572,186802,186801,1239,0,2,1264,True,id_novel_genus
1267021,1335631,1240483,1240482,1236,1224,0,2,1267021,True,train
1267766,2676755,335929,204457,28211,1224,0,2,1267766,True,train
1267768,1855413,31989,204455,28211,1224,0,2,1267768,True,train
1270,1269,1268,85006,1760,201174,0,2,1270,True,train
1274,57495,145357,85006,1760,201174,0,2,1274,True,train
1276,57499,2805426,85006,1760,201174,0,2,1276,True,ood_novel_family
1278232,1354809,2992719,1737405,1737404,1239,0,2,1278232,True,train
128,127,1763524,2691356,203683,203682,0,2,128,True,train
1280,1279,90964,1385,91061,1239,0,2,1280,True,train
1282737,1522056,2049,2037,1760,201174,0,2,1282737,True,train
1288970,1182780,2844866,204441,28211,1224,0,2,1288970,True,train
1293412,1649499,433,204441,28211,1224,0,2,1293412,True,train
1295382,1295378,403,135618,1236,1224,0,2,1295382,True,train
1295392,657,641,135623,1236,1224,0,2,1295392,True,train
1295609,1740,188711,188710,67799,200940,0,2,1295609,True,train
1296,2803850,90964,1385,91061,1239,0,2,1296,True,train
1296669,92793,0,80840,28216,1224,0,2,1296669,True,id_novel_genus
1297617,1392389,0,186802,186801,1239,0,2,1297617,True,train
129921,1813,2070,85010,1760,201174,0,2,129921,True,train
129958,129957,186814,68295,186801,1239,0,2,129958,True,ood_novel_family
129985,2675231,186817,1385,91061,1239,0,2,129985,True,id_novel_genus
1302411,1302410,543,91347,1236,1224,0,2,1302411,True,id_novel_genus
1302659,1372,186818,1385,91061,1239,0,2,1302659,True,train
1303590,2767878,33958,186826,91061,1239,0,2,1303590,True,train
1306787,3020833,224372,135619,1236,1224,0,2,1306787,True,ood_novel_family
1307,1301,1300,186826,91061,1239,0,2,1307,True,train
13076,13075,186827,186826,91061,1239,0,2,13076,True,ood_novel_family
1307761,1616789,137,136,203692,203691,0,2,1307761,True,train
1307763,1921784,1921783,1921782,1921781,134625,0,2,1307763,True,train
1307839,1970191,1970190,171549,200643,976,0,2,1307839,True,train
131568,33981,83778,622452,1760,201174,0,2,131568,True,train
1323375,1769008,0,53433,186801,1239,0,2,1323375,True,train
1323948,35800,407032,1293499,1293498,1293497,0,2,1323948,True,train
1331910,1676125,2691358,2691354,203683,203682,0,2,1331910,True,train
1332188,1331051,2171986,2093825,2093818,95818,0,2,1332188,True,train
1333996,1649510,41294,356,28211,1224,0,2,1333996,True,train
1334193,1330546,543,91347,1236,1224,0,2,1334193,True,train
133453,233191,475964,475963,475962,200795,0,2,133453,True,train
1335043,1573407,2831106,356,28211,1224,0,2,1335043,True,ood_novel_family
1335048,1775705,31989,204455,28211,1224,0,2,1335048,True,train
1335746,1335745,72276,135613,1236,1224,0,2,1335746,True,train
1336796,244698,49546,200644,117743,976,0,2,1336796,True,ood_novel_family
1336806,230494,255527,135619,1236,1224,0,2,1336806,True,ood_novel_family
133924,191028,2854170,204455,28211,1224,0,2,133924,True,id_novel_genus
133926,133925,1643824,84999,84998,201174,0,2,133926,True,train
134821,2129,2092,2085,31969,544448,0,2,134821,True,ood_novel_family
1348774,1295327,335929,204457,28211,1224,0,2,1348774,True,train
1353976,112987,92713,1963360,204429,204428,0,2,1353976,True,ood_novel_family
135577,135575,267893,135622,1236,1224,0,2,135577,True,train
1357545,98443,1162,1161,3028117,1117,0,2,1357545,True,train
1359,1357,1300,186826,91061,1239,0,2,1359,True,id_novel_genus
136073,748770,1892259,1161,3028117,1117,0,2,136073,True,train
136094,75905,64898,32069,187857,200783,0,2,136094,True,train
136609,1243,33958,186826,91061,1239,0,2,136609,True,train
1379870,107,89373,768507,768503,976,0,2,1379870,True,train
1379910,1379908,1853232,768507,768503,976,0,2,1379910,True,ood_novel_family
1380685,1274351,186824,1385,91061,1239,0,2,1380685,True,train
138072,568987,543,91347,1236,1224,0,2,138072,True,id_novel_genus
138118,138117,2008795,206389,28216,1224,0,2,138118,True,id_novel_genus
1382,2767353,1643824,84999,84998,201174,0,2,1382,True,id_novel_genus
138336,38501,85030,1643682,1760,201174,0,2,138336,True,id_novel_genus
1384459,1484898,45401,356,28211,1224,0,2,1384459,True,train
1387353,1763521,1763524,2691356,203683,203682,0,2,1387353,True,train
1391653,1524214,1524213,29,32015,2818505,0,2,1391653,True,train
1391654,1524217,1524216,3031712,0,2818505,0,2,1391654,True,train
139208,254250,85017,85006,1760,201174,0,2,139208,True,train
139438,46200,2945019,191393,68337,200930,0,2,139438,True,train
1397,2837506,186817,1385,91061,1239,0,2,1397,True,train
1397264,1522128,1522127,768507,768503,976,0,2,1397264,True,ood_novel_family
1397703,383614,1182,1161,3028117,1117,0,2,1397703,True,train
1398,2837504,186817,1385,91061,1239,0,2,1398,True,train
14,13,203488,203487,203486,68297,0,2,14,True,train
1400387,1400386,2691359,2691354,203683,203682,0,2,1400387,True,ood_novel_family
1402135,2854186,2854170,204455,28211,1224,0,2,1402135,True,train
1404864,374,41294,356,28211,1224,0,2,1404864,True,train
1408204,1408194,1783343,1783344,447830,74152,0,2,1408204,True,train
1410383,1682492,543,91347,1236,1224,0,2,1410383,True,train
1411902,2846749,31989,204455,28211,1224,0,2,1411902,True,id_novel_genus
1413,2837485,186817,1385,91061,1239,0,2,1413,True,id_novel_genus
141451,141450,191033,135619,1236,1224,0,2,141451,True,train
1415657,1940138,0,200644,117743,976,0,2,1415657,True,train
142,138,1643685,136,203692,203691,0,2,142,True,train
1423,1386,186817,1385,91061,1239,0,2,1423,True,train
1424294,390805,31979,186802,186801,1239,0,2,1424294,True,train
1424653,191301,224467,235899,3031852,29547,0,2,1424653,True,train
1426,1906945,186817,1385,91061,1239,0,2,1426,True,train
1427364,2841677,0,0,1236,1224,0,2,1427364,True,train
142864,56106,1162,1161,3028117,1117,0,2,142864,True,train
1432792,73778,403,135618,1236,1224,0,2,1432792,True,train
143361,44259,186804,186802,186801,1239,0,2,143361,True,train
1434191,1433402,2800061,2800059,28211,1224,0,2,1434191,True,id_novel_genus
1436133,2995702,2062,85011,1760,201174,0,2,1436133,True,train
1436290,1436289,80864,80840,28216,1224,0,2,1436290,True,train
1437009,2041902,31993,356,28211,1224,0,2,1437009,True,id_novel_genus
1441386,1769718,1769717,1769716,188708,200918,0,2,1441386,True,train
1443036,1520333,712,135625,1236,1224,0,2,1443036,True,train
1445505,1445504,255527,135619,1236,1224,0,2,1445505,True,ood_novel_family
1446467,89966,1853232,768507,768503,976,0,2,1446467,True,ood_novel_family
1447062,1827478,2831106,356,28211,1224,0,2,1447062,True,ood_novel_family
1449,29331,186817,1385,91061,1239,0,2,1449,True,train
1453352,389486,49546,200644,117743,976,0,2,1453352,True,ood_novel_family
1457365,2489367,3024158,1853223,1853221,1936987,0,2,1457365,True,train
1458425,2490452,80864,80840,28216,1224,0,2,1458425,True,train
1458461,1541445,2813035,356,28211,1224,0,2,1458461,True,train
1461582,227979,90964,1385,91061,1239,0,2,1461582,True,train
1462,129337,186817,1385,91061,1239,0,2,1462,True,id_novel_genus
1465,55080,186822,1385,91061,1239,0,2,1465,True,train
1467,2804231,186817,1385,91061,1239,0,2,1467,True,id_novel_genus
146786,146785,2881378,2881377,3028117,1117,0,2,146786,True,train
146919,146918,1853225,1853224,1853222,1853220,0,2,146919,True,train
146939,146937,75787,206389,28216,1224,0,2,146939,True,train
1470434,1434050,1706375,1706369,1236,1224,0,2,1470434,True,train
1471761,1677050,186824,1385,91061,1239,0,2,1471761,True,train
1472345,1472344,506,80840,28216,1224,0,2,1472345,True,id_novel_genus
147268,933,135616,72273,1236,1224,0,2,147268,True,train
1472767,175304,186817,1385,91061,1239,0,2,1472767,True,train
147322,2596745,2934961,1150,3028117,1117,0,2,147322,True,train
1473598,1649475,1962910,332160,204432,57723,0,2,1473598,True,train
1476,1569,186818,1385,91061,1239,0,2,1476,True,train
147709,2747,186828,186826,91061,1239,0,2,147709,True,train
1478,2675229,186817,1385,91061,1239,0,2,1478,True,train
1482,84406,186817,1385,91061,1239,0,2,1482,True,id_novel_genus
1482074,1572860,2843308,356,28211,1224,0,2,1482074,True,train
1484109,2804525,433,204441,28211,1224,0,2,1484109,True,train
1486034,291183,49546,200644,117743,976,0,2,1486034,True,ood_novel_family
1486262,293088,255475,356,28211,1224,0,2,1486262,True,id_novel_genus
148813,286130,2771471,213849,3031852,29547,0,2,148813,True,train
1490,1849822,31979,186802,186801,1239,0,2,1490,True,train
1492898,398041,563835,1853229,1853228,976,0,2,1492898,True,ood_novel_family
1496,1870884,186804,186802,186801,1239,0,2,1496,True,train
149715,160798,1643949,1643947,188708,200918,0,2,149715,True,train
1498,1769729,31979,186802,186801,1239,0,2,1498,True,train
1500254,55079,186822,1385,91061,1239,0,2,1500254,True,train
150123,190323,85023,85006,1760,201174,0,2,150123,True,train
1501392,1348911,2005519,171549,200643,976,0,2,1501392,True,train
150340,662,641,135623,1236,1224,0,2,150340,True,train
1505,1849828,186804,186802,186801,1239,0,2,1505,True,train
1505757,1649298,543,91347,1236,1224,0,2,1505757,True,train
150829,2951107,2951104,136,203692,203691,0,2,150829,True,id_novel_genus
1508404,157226,186818,1385,91061,1239,0,2,1508404,True,id_novel_genus
1509244,1509243,2100208,1921002,28211,1224,0,2,1509244,True,train
1510,2304691,216572,186802,186801,1239,0,2,1510,True,train
1510150,1649479,135621,72274,1236,1224,0,2,1510150,True,train
1510841,1602345,433,204441,28211,1224,0,2,1510841,True,train
1511,186831,186804,186802,186801,1239,0,2,1511,True,id_novel_genus
1513,1485,31979,186802,186801,1239,0,2,1513,True,train
1514105,1647,128827,526525,526524,1239,0,2,1514105,True,train
151895,1649482,84566,200666,117747,976,0,2,151895,True,train
1521,1508657,216572,186802,186801,1239,0,2,1521,True,train
1522,3025755,2810280,526525,526524,1239,0,2,1522,True,ood_novel_family
1525,44260,3039168,3039167,186801,1239,0,2,1525,True,ood_novel_family
1526571,1751872,72275,135622,1236,1224,0,2,1526571,True,train
1526572,1795639,255474,255473,28211,1224,0,2,1526572,True,train
1526658,85413,2831100,356,28211,1224,0,2,1526658,True,train
1528099,1847725,2805586,85007,1760,201174,0,2,1528099,True,train
1531429,2815775,1643826,1643822,84998,201174,0,2,1531429,True,id_novel_genus
1532552,704093,186817,1385,91061,1239,0,2,1532552,True,train
153493,334107,481,206351,28216,1224,0,2,153493,True,train
153496,153497,433,204441,28211,1224,0,2,153496,True,train
1535208,1535207,145357,85006,1760,201174,0,2,1535208,True,train
1537215,1679449,31989,204455,28211,1224,0,2,1537215,True,train
1537400,407217,1499392,206351,28216,1224,0,2,1537400,True,train
154,146,137,136,203692,203691,0,2,154,True,train
154046,1649459,31979,186802,186801,1239,0,2,154046,True,train
154288,191303,2810281,526525,526524,1239,0,2,154288,True,train
1543721,349742,0,0,1236,1224,0,2,1543721,True,train
1547448,2801844,31957,85009,1760,201174,0,2,1547448,True,train
1548547,1738655,1738654,135613,1236,1224,0,2,1548547,True,train
1548548,1779136,1779135,1779134,28221,0,0,2,1548548,True,train
1548602,57494,1268,85006,1760,201174,0,2,1548602,True,id_novel_genus
154981,1658781,31989,204455,28211,1224,0,2,154981,True,train
1549855,1804663,41295,204441,28211,1224,0,2,1549855,True,train
1550024,1905344,216572,186802,186801,1239,0,2,1550024,True,id_novel_genus
1550728,150203,41297,204457,28211,1224,0,2,1550728,True,id_novel_genus
1550733,2676781,41297,204457,28211,1224,0,2,1550733,True,id_novel_genus
155077,10,1706371,1706369,1236,1224,0,2,155077,True,train
1553431,1810868,119060,80840,28216,1224,0,2,1553431,True,train
1555112,1676651,1676650,1676649,1676648,1239,0,2,1555112,True,train
1556,1505664,2042895,1737405,1737404,1239,0,2,1556,True,train
155892,75,76892,204458,28211,1224,0,2,155892,True,train
155978,155977,1890429,1890424,3028117,1117,0,2,155978,True,train
1561003,2929841,0,80840,28216,1224,0,2,1561003,True,train
1561005,2924872,186807,186802,186801,1239,0,2,1561005,True,train
1565,1562,2937910,186802,186801,1239,0,2,1565,True,train
1565605,1914449,2008793,32003,28216,1224,0,2,1565605,True,id_novel_genus
1570,45667,186817,1385,91061,1239,0,2,1570,True,train
1575,110932,85023,85006,1760,201174,0,2,1575,True,train
157592,157591,2008793,32003,28216,1224,0,2,157592,True,train
157673,697331,712,135625,1236,1224,0,2,157673,True,train
157692,2755140,1129771,203491,203490,32066,0,2,157692,True,id_novel_genus
1578165,670516,1762,85007,1760,201174,0,2,1578165,True,train
1579316,2854182,2854170,204455,28211,1224,0,2,1579316,True,train
1579979,1676142,1676141,135613,1236,1224,0,2,1579979,True,train
158,157,2845253,136,203692,203691,0,2,158,True,train
158080,42054,28256,135619,1236,1224,0,2,158080,True,train
1581680,1679002,32011,32003,28216,1224,0,2,1581680,True,ood_novel_family
1582259,2692382,1737406,1737405,1737404,1239,0,2,1582259,True,train
158327,158481,224379,135619,1236,1224,0,2,158327,True,train
1585976,59735,2762318,200644,117743,976,0,2,1585976,True,train
1586287,165301,2070,85010,1760,201174,0,2,1586287,True,train
158822,158483,543,91347,1236,1224,0,2,158822,True,train
158841,82980,1903416,91347,1236,1224,0,2,158841,True,id_novel_genus
158849,158848,1903414,91347,1236,1224,0,2,158849,True,train
158877,158876,543,91347,1236,1224,0,2,158877,True,id_novel_genus
158899,202907,75682,80840,28216,1224,0,2,158899,True,train
1589,2767842,33958,186826,91061,1239,0,2,1589,True,id_novel_genus
1591409,1759417,31989,204455,28211,1224,0,2,1591409,True,train
159346,159345,2854170,204455,28211,1224,0,2,159346,True,train
1594731,1699619,543,91347,1236,1224,0,2,1594731,True,train
1597,2759736,33958,186826,91061,1239,0,2,1597,True,train
159743,44249,186822,1385,91061,1239,0,2,159743,True,id_novel_genus
1597781,1597779,0,80840,28216,1224,0,2,1597781,True,id_novel_genus
1603,2767876,33958,186826,91061,1239,0,2,1603,True,id_novel_genus
1603606,890,213421,69541,3031651,200940,0,2,1603606,True,train
1608628,119044,45401,356,28211,1224,0,2,1608628,True,train
1608957,908623,908622,908621,908620,201174,0,2,1608957,True,train
1609966,1433986,2854170,204455,28211,1224,0,2,1609966,True,id_novel_genus
1610493,72763,31957,85009,1760,201174,0,2,1610493,True,train
161154,202949,3039168,3039167,186801,1239,0,2,161154,True,ood_novel_family
1612173,1543704,2829815,204441,28211,1224,0,2,1612173,True,train
161493,161492,1524215,29,32015,2818505,0,2,161493,True,train
1618,2767888,33958,186826,91061,1239,0,2,1618,True,id_novel_genus
1618207,2078575,1268,85006,1760,201174,0,2,1618207,True,id_novel_genus
1619308,1759331,85023,85006,1760,201174,0,2,1619308,True,train
1619313,3026546,1903409,91347,1236,1224,0,2,1619313,True,train
1620215,1744881,1692041,1692040,1236,1224,0,2,1620215,True,train
1620816,1620790,1162,1161,3028117,1117,0,2,1620816,True,train
1621989,1902583,1902584,3031460,3031450,200940,0,2,1621989,True,train
1622118,358023,49546,200644,117743,976,0,2,1622118,True,ood_novel_family
1623,2767887,33958,186826,91061,1239,0,2,1623,True,train
1630135,36739,85020,85006,1760,201174,0,2,1630135,True,train
1630141,1980513,1046,135613,1236,1224,0,2,1630141,True,train
1632864,118,126,112,203683,203682,0,2,1632864,True,train
163359,986106,1692041,1692040,1236,1224,0,2,163359,True,id_novel_genus
1634516,72173,41297,204457,28211,1224,0,2,1634516,True,train
1635327,2894762,1240483,1240482,1236,1224,0,2,1635327,True,id_novel_genus
1639,1637,186820,1385,91061,1239,0,2,1639,True,train
1639108,1745211,1903411,91347,1236,1224,0,2,1639108,True,train
1642646,307628,2005520,171549,200643,976,0,2,1642646,True,train
164514,34098,39782,200644,117743,976,0,2,164514,True,ood_novel_family
164546,106589,119060,80840,28216,1224,0,2,164546,True,train
1646,1645,1268,85006,1760,201174,0,2,1646,True,train
1646377,1565532,1903411,91347,1236,1224,0,2,1646377,True,id_novel_genus
164759,238749,80864,80840,28216,1224,0,2,164759,True,id_novel_genus
1648404,2800681,335929,204457,28211,1224,0,2,1648404,True,train
165096,46255,33958,186826,91061,1239,0,2,165096,True,train
165179,2974251,171552,171549,200643,976,0,2,165179,True,train
1653434,1769710,186803,186802,186801,1239,0,2,1653434,True,train
1653476,444090,188711,188710,67799,200940,0,2,1653476,True,id_novel_genus
1653480,674734,2070,85010,1760,201174,0,2,1653480,True,train
1658616,256846,566277,278081,1313211,256845,0,2,1658616,True,train
1658665,65047,2975441,80840,28216,1224,0,2,1658665,True,ood_novel_family
1658671,267408,85021,85006,1760,201174,0,2,1658671,True,train
1661,1069494,2049,2037,1760,201174,0,2,1661,True,train
166485,166484,31979,186802,186801,1239,0,2,166485,True,train
166486,841,186803,186802,186801,1239,0,2,166486,True,id_novel_genus
166501,262406,0,0,0,200795,0,2,166501,True,train
166935,53246,267888,135622,1236,1224,0,2,166935,True,train
1670800,2911176,69277,356,28211,1224,0,2,1670800,True,id_novel_genus
1670830,1755825,1755824,1755823,908620,201174,0,2,1670830,True,train
1670831,1747770,1747769,1747768,908620,201174,0,2,1670831,True,train
1674922,478070,2821832,356,28211,1224,0,2,1674922,True,train
1675686,1692042,1692041,1692040,1236,1224,0,2,1675686,True,train
167642,167639,203492,203491,203490,32066,0,2,167642,True,train
1678128,665874,80864,80840,28216,1224,0,2,1678128,True,train
167964,233189,292628,292629,292625,200795,0,2,167964,True,id_novel_genus
1679721,1663717,186803,186802,186801,1239,0,2,1679721,True,id_novel_genus
168169,409304,543,91347,1236,1224,0,2,168169,True,id_novel_genus
1682490,2249462,90627,32003,28216,1224,0,2,1682490,True,train
168384,248744,186803,186802,186801,1239,0,2,168384,True,id_novel_genus
168471,168470,1499392,206351,28216,1224,0,2,168471,True,id_novel_genus
1685010,59732,2762318,200644,117743,976,0,2,1685010,True,train
168695,168694,28056,85008,1760,201174,0,2,168695,True,train
169176,2827482,335929,204457,28211,1224,0,2,169176,True,train
169435,244127,216572,186802,186801,1239,0,2,169435,True,train
1697053,1654787,135621,72274,1236,1224,0,2,1697053,True,train
1702221,1729679,128827,526525,526524,1239,0,2,1702221,True,train
1702325,28209,2036754,356,28211,1224,0,2,1702325,True,ood_novel_family
1704307,134550,0,0,134549,74201,0,2,1704307,True,train
1704499,762296,403,135618,1236,1224,0,2,1704499,True,id_novel_genus
1705394,655184,0,0,1236,1224,0,2,1705394,True,id_novel_genus
1711,1707,85016,85006,1760,201174,0,2,1711,True,train
1712261,1742974,2813035,356,28211,1224,0,2,1712261,True,train
1712410,2651578,186807,186802,186801,1239,0,2,1712410,True,id_novel_genus
171437,171436,2066434,204441,28211,1224,0,2,171437,True,train
1714860,290174,49546,200644,117743,976,0,2,1714860,True,ood_novel_family
1715691,2211635,31989,204455,28211,1224,0,2,1715691,True,train
171695,241192,3031464,188710,67799,200940,0,2,171695,True,ood_novel_family
1717717,2060722,1573805,1970189,200643,976,0,2,1717717,True,train
172,171,170,1643688,203692,203691,0,2,172,True,train
1720083,2767874,33958,186826,91061,1239,0,2,1720083,True,train
1731,1481960,186804,186802,186801,1239,0,2,1731,True,train
1734049,1890059,31979,186802,186801,1239,0,2,1734049,True,id_novel_genus
173480,173479,219687,219686,219685,142182,0,2,173480,True,ood_novel_family
1735038,1911577,75787,206389,28216,1224,0,2,1735038,True,train
1736674,2861660,49546,200644,117743,976,0,2,1736674,True,ood_novel_family
1737490,2036021,1706371,1706369,1236,1224,0,2,1737490,True,train
1740262,1172191,72275,135622,1236,1224,0,2,1740262,True,id_novel_genus
1745854,99,335928,356,28211,1224,0,2,1745854,True,train
174633,380738,1127830,1127829,2517206,203682,0,2,174633,True,train
1748,1912215,31957,85009,1760,201174,0,2,1748,True,train
1750598,1769732,0,0,28221,0,0,2,1750598,True,train
1750719,1649,186818,1385,91061,1239,0,2,1750719,True,train
1751046,2808942,2808923,206389,28216,1224,0,2,1751046,True,train
1752063,1190,1892263,1161,3028117,1117,0,2,1752063,True,train
1755811,2042066,641,135623,1236,1224,0,2,1755811,True,train
1758689,265976,2805590,85006,1760,201174,0,2,1758689,True,train
1759059,2892997,69657,2800060,28211,1224,0,2,1759059,True,id_novel_genus
1760988,1760987,403,135618,1236,1224,0,2,1760988,True,train
1761012,2840454,186807,186802,186801,1239,0,2,1761012,True,train
1761453,1287916,49546,200644,117743,976,0,2,1761453,True,ood_novel_family
1763535,47420,80864,80840,28216,1224,0,2,1763535,True,train
1763536,1518149,267889,135622,1236,1224,0,2,1763536,True,id_novel_genus
1763828,1763827,41297,204457,28211,1224,0,2,1763828,True,train
1768242,318147,0,80840,28216,1224,0,2,1768242,True,train
1771309,404432,28256,135619,1236,1224,0,2,1771309,True,train
1773,1763,1762,85007,1760,201174,0,2,1773,True,train
1773489,1866954,2844866,204441,28211,1224,0,2,1773489,True,train
1774273,52959,49546,200644,117743,976,0,2,1774273,True,ood_novel_family
1776384,1926556,543314,186802,186801,1239,0,2,1776384,True,id_novel_genus
177758,1643951,188709,2419,188708,200918,0,2,177758,True,train
1778262,1906657,543,91347,1236,1224,0,2,1778262,True,train
1778263,1906659,543,91347,1236,1224,0,2,1778263,True,train
1778264,1906660,543,91347,1236,1224,0,2,1778264,True,train
178339,2740557,2049,2037,1760,201174,0,2,178339,True,id_novel_genus
1784714,2173039,2896860,768507,768503,976,0,2,1784714,True,id_novel_genus
178899,178898,543347,186802,186801,1239,0,2,178899,True,train
1790137,1518147,49546,200644,117743,976,0,2,1790137,True,ood_novel_family
1795630,447237,85023,85006,1760,201174,0,2,1795630,True,train
179636,201096,80864,80840,28216,1224,0,2,179636,True,train
1796616,572511,186803,186802,186801,1239,0,2,1796616,True,id_novel_genus
1796620,1918385,216572,186802,186801,1239,0,2,1796620,True,train
1796635,1918536,128827,526525,526524,1239,0,2,1796635,True,train
1796646,1918540,2005473,171549,200643,976,0,2,1796646,True,train
1796652,1918598,995019,80840,28216,1224,0,2,1796652,True,train
1796921,2028344,134623,415000,414999,74201,0,2,1796921,True,train
1798205,655352,655351,356,28211,1224,0,2,1798205,True,train
180,179,189779,189778,203693,40117,0,2,180,True,train
1802984,1802983,1328881,766,28211,1224,0,2,1802984,True,id_novel_genus
1803846,1209327,49546,200644,117743,976,0,2,1803846,True,ood_novel_family
1804990,337004,85023,85006,1760,201174,0,2,1804990,True,train
1806508,1988031,0,0,1382928,200795,0,2,1806508,True,train
1808979,1808977,403,135618,1236,1224,0,2,1808979,True,id_novel_genus
1809410,303379,75682,80840,28216,1224,0,2,1809410,True,id_novel_genus
1810504,1934947,1934946,1934945,1236,1224,0,2,1810504,True,train
1811807,1860077,449719,135613,1236,1224,0,2,1811807,True,train
1813451,2853332,82115,356,28211,1224,0,2,1813451,True,train
1813871,1874621,563835,1853229,1853228,976,0,2,1813871,True,ood_novel_family
1813880,99479,85021,85006,1760,201174,0,2,1813880,True,id_novel_genus
181487,2529408,2049,2037,1760,201174,0,2,181487,True,train
181663,2904716,2904715,213118,3024418,200940,0,2,181663,True,train
1817405,1955413,90964,1385,91061,1239,0,2,1817405,True,train
1821621,48075,135620,135619,1236,1224,0,2,1821621,True,train
1821960,635,1903412,91347,1236,1224,0,2,1821960,True,id_novel_genus
182210,2035811,194924,213115,3031449,200940,0,2,182210,True,train
182262,261825,72275,135622,1236,1224,0,2,182262,True,train
182640,182639,2726069,85009,1760,201174,0,2,182640,True,train
1826607,1955420,31989,204455,28211,1224,0,2,1826607,True,train
182710,182709,186817,1385,91061,1239,0,2,182710,True,id_novel_genus
1836,1835,2070,85010,1760,201174,0,2,1836,True,id_novel_genus
1836467,252356,49546,200644,117743,976,0,2,1836467,True,ood_novel_family
1838286,1961799,134623,415000,414999,74201,0,2,1838286,True,train
1839801,670486,0,0,301297,200795,0,2,1839801,True,id_novel_genus
184064,227388,227387,68295,186801,1239,0,2,184064,True,train
1842540,378210,2008793,32003,28216,1224,0,2,1842540,True,train
1844971,281915,80864,80840,28216,1224,0,2,1844971,True,id_novel_genus
184914,83461,31,29,32015,2818505,0,2,184914,True,train
184917,2910984,194924,213115,3031449,200940,0,2,184917,True,train
185007,46205,186803,186802,186801,1239,0,2,185007,True,id_novel_genus
1850238,1649486,41297,204457,28211,1224,0,2,1850238,True,train
1850246,2700084,49546,200644,117743,976,0,2,1850246,True,ood_novel_family
1850252,104267,49546,200644,117743,976,0,2,1850252,True,ood_novel_family
1850254,2321187,2808963,213849,3031852,29547,0,2,1850254,True,train
1851148,2690160,2483367,2483366,666505,203682,0,2,1851148,True,train
1851514,2726810,543,91347,1236,1224,0,2,1851514,True,id_novel_genus
1852,1851,2070,85010,1760,201174,0,2,1852,True,id_novel_genus
1852022,1915401,69277,356,28211,1224,0,2,1852022,True,train
1852373,1161127,1570339,1737405,1737404,1239,0,2,1852373,True,train
1852374,1582879,0,0,1737404,1239,0,2,1852374,True,id_novel_genus
1852381,1980697,995019,80840,28216,1224,0,2,1852381,True,id_novel_genus
185300,346096,2005523,171549,200643,976,0,2,185300,True,train
1853278,482,481,206351,28216,1224,0,2,1853278,True,id_novel_genus
1855912,2004797,2211325,2910145,1813735,57723,0,2,1855912,True,train
1859475,1930830,1300,186826,91061,1239,0,2,1859475,True,train
1861,1860,85030,1643682,1760,201174,0,2,1861,True,train
186189,186188,85017,85006,1760,201174,0,2,186189,True,id_novel_genus
186192,186191,188786,68933,188787,1297,0,2,186192,True,train
1862145,390876,2844864,204441,28211,1224,0,2,1862145,True,train
1863,1862,85018,85006,1760,201174,0,2,1863,True,id_novel_genus
186490,198346,0,0,1236,1224,0,2,186490,True,train
1866,1865,28056,85008,1760,201174,0,2,1866,True,train
1866326,2038635,255474,255473,28211,1224,0,2,1866326,True,id_novel_genus
1867719,28100,69277,356,28211,1224,0,2,1867719,True,id_novel_genus
1868589,1632780,2843305,356,28211,1224,0,2,1868589,True,train
1870985,2005386,1643826,1643822,84998,201174,0,2,1870985,True,train
187101,168808,1129771,203491,203490,32066,0,2,187101,True,train
1871025,1930845,0,0,0,1239,0,2,1871025,True,train
1871034,2919589,31957,85009,1760,201174,0,2,1871034,True,id_novel_genus
187137,208447,188786,68933,188787,1297,0,2,187137,True,train
187145,187144,1962854,1962852,1962850,1930617,0,2,187145,True,ood_novel_family
187493,187492,135620,135619,1236,1224,0,2,187493,True,id_novel_genus
1878942,1927833,1903411,91347,1236,1224,0,2,1878942,True,train
1882682,186650,119045,356,28211,1224,0,2,1882682,True,train
1882918,1882917,49,3031712,0,2818505,0,2,1882918,True,train
1883414,1897649,28256,135619,1236,1224,0,2,1883414,True,id_novel_genus
1884634,2039639,2162846,2039638,1760,201174,0,2,1884634,True,train
1884914,622681,2162846,2039638,1760,201174,0,2,1884914,True,train
188913,180162,203492,203491,203490,32066,0,2,188913,True,id_novel_genus
1891207,2014233,641,135623,1236,1224,0,2,1891207,True,train
1891644,2078948,85033,2495578,1760,201174,0,2,1891644,True,ood_novel_family
1891926,1936111,126,112,203683,203682,0,2,1891926,True,train
189381,2837508,186817,1385,91061,1239,0,2,189381,True,train
1894999,212791,0,356,28211,1224,0,2,1894999,True,id_novel_genus
1896196,1111,335929,204457,28211,1224,0,2,1896196,True,id_novel_genus
1898042,258255,2821832,356,28211,1224,0,2,1898042,True,train
19,2812025,2812024,69541,3031651,200940,0,2,19,True,train
1903694,225143,84642,135624,1236,1224,0,2,1903694,True,train
1903704,432330,186823,1385,91061,1239,0,2,1903704,True,id_novel_genus
1906741,885864,1499392,206351,28216,1224,0,2,1906741,True,train
1906744,1960084,712,135625,1236,1224,0,2,1906744,True,train
1907662,1926677,1643826,1643822,84998,201174,0,2,1907662,True,train
1908198,51366,641,135623,1236,1224,0,2,1908198,True,id_novel_genus
1911586,191769,186828,186826,91061,1239,0,2,1911586,True,train
1912795,2767318,2049,2037,1760,201174,0,2,1912795,True,train
1913578,1434046,41297,204457,28211,1224,0,2,1913578,True,train
1914471,1938335,2008790,32003,28216,1224,0,2,1914471,True,train
191495,191494,320583,588673,1497346,201174,0,2,191495,True,train
1915078,285107,31989,204455,28211,1224,0,2,1915078,True,id_novel_genus
1915309,2024975,2024974,2024973,1553900,3018035,0,2,1915309,True,train
191579,332102,1853230,200644,117743,976,0,2,191579,True,train
1917421,2025617,224372,135619,1236,1224,0,2,1917421,True,ood_novel_family
1917485,60136,2854170,204455,28211,1224,0,2,1917485,True,train
192073,22,267890,135622,1236,1224,0,2,192073,True,ood_novel_family
1920883,1759396,31989,204455,28211,1224,0,2,1920883,True,train
1921086,377315,580372,580371,580370,1224,0,2,1921086,True,train
1921510,2685927,41297,204457,28211,1224,0,2,1921510,True,train
1925548,2045213,0,54526,28211,1224,0,2,1925548,True,train
1926868,3051138,80864,80840,28216,1224,0,2,1926868,True,train
1927128,188143,641,135623,1236,1224,0,2,1927128,True,id_novel_genus
192843,28065,80864,80840,28216,1224,0,2,192843,True,train
1930071,2093783,1843490,909929,909932,1239,0,2,1930071,True,train
1930273,1579505,2691357,2691354,203683,203682,0,2,1930273,True,id_novel_genus
1930274,1579506,2691357,2691354,203683,203682,0,2,1930274,True,train
1930276,2862451,2691359,2691354,203683,203682,0,2,1930276,True,ood_novel_family
1930277,2795779,2691357,2691354,203683,203682,0,2,1930277,True,train
1930593,2789201,0,0,0,67812,0,2,1930593,True,id_novel_genus
1933880,1742989,1268,85006,1760,201174,0,2,1933880,True,train
1935379,55968,85023,85006,1760,201174,0,2,1935379,True,train
1936003,2690159,2690158,2483366,666505,203682,0,2,1936003,True,train
1936021,2033601,188711,188710,67799,200940,0,2,1936021,True,train
1936081,1649495,49546,200644,117743,976,0,2,1936081,True,ood_novel_family
1938604,187,1499392,206351,28216,1224,0,2,1938604,True,train
1940612,152267,506,80840,28216,1224,0,2,1940612,True,train
1940790,2483368,2483367,2483366,666505,203682,0,2,1940790,True,train
194196,194195,481,206351,28216,1224,0,2,194196,True,train
1943633,983507,2854170,204455,28211,1224,0,2,1943633,True,id_novel_genus
1944646,1981050,1643826,1643822,84998,201174,0,2,1944646,True,id_novel_genus
195105,366614,31989,204455,28211,1224,0,2,195105,True,train
195913,245186,2854170,204455,28211,1224,0,2,195913,True,train
1962974,44675,574976,574975,533205,57723,0,2,1962974,True,train
1967665,2848171,267889,135622,1236,1224,0,2,1967665,True,train
1968839,1649506,563835,1853229,1853228,976,0,2,1968839,True,ood_novel_family
1969806,2603324,433,204441,28211,1224,0,2,1969806,True,train
1969821,1648508,82115,356,28211,1224,0,2,1969821,True,train
197,194,72294,213849,3031852,29547,0,2,197,True,train
197162,53572,191394,191393,68337,200930,0,2,197162,True,train
1972068,2034504,1096778,135613,1236,1224,0,2,1972068,True,train
1972134,204619,0,0,1236,1224,0,2,1972134,True,train
197482,2321114,2808963,213849,3031852,29547,0,2,197482,True,id_novel_genus
1981510,2039302,216572,186802,186801,1239,0,2,1981510,True,train
198252,198251,1655514,54526,28211,1224,0,2,198252,True,train
1982626,2678885,128827,526525,526524,1239,0,2,1982626,True,id_novel_genus
1986204,2019482,292628,292629,292625,200795,0,2,1986204,True,train
1987921,1177214,543,91347,1236,1224,0,2,1987921,True,train
199441,2893056,186817,1385,91061,1239,0,2,199441,True,train
199596,120652,45404,356,28211,1224,0,2,199596,True,train
2001,2000,2004,85012,1760,201174,0,2,2001,True,train
2003188,2082587,1643824,84999,84998,201174,0,2,2003188,True,train
2005460,268175,1890464,1118,3028117,1117,0,2,2005460,True,train
2006,147067,2004,85012,1760,201174,0,2,2006,True,train
2006110,83614,32033,135614,1236,1224,0,2,2006110,True,train
2010829,2707020,1775411,135614,1236,1224,0,2,2010829,True,train
2016596,2891294,2008794,206389,28216,1224,0,2,2016596,True,train
2017482,436357,2854170,204455,28211,1224,0,2,2017482,True,train
2020,2019,2012,85012,1760,201174,0,2,2020,True,train
2021234,2233801,1775411,135614,1236,1224,0,2,2021234,True,train
2024580,673534,28056,85008,1760,201174,0,2,2024580,True,id_novel_genus
2026,2023,186824,1385,91061,1239,0,2,2026,True,train
2026624,1234545,41297,204457,28211,1224,0,2,2026624,True,train
2026885,2250122,0,0,0,67810,0,2,2026885,True,train
2027857,527198,49546,200644,117743,976,0,2,2027857,True,ood_novel_family
2028345,305976,506,80840,28216,1224,0,2,2028345,True,train
2029849,1649466,2800061,2800059,28211,1224,0,2,2029849,True,train
2035,2034,85023,85006,1760,201174,0,2,2035,True,train
2036206,2689587,186827,186826,91061,1239,0,2,2036206,True,ood_novel_family
2038343,1434010,2805416,2805415,1760,201174,0,2,2038343,True,train
2039,2038,2805591,85006,1760,201174,0,2,2039,True,ood_novel_family
2043170,2813804,2066491,2066490,28211,1224,0,2,2043170,True,train
2045,2044,85015,85009,1760,201174,0,2,2045,True,train
204525,2870717,433,204441,28211,1224,0,2,204525,True,train
2047,32207,1268,85006,1760,201174,0,2,2047,True,train
2047767,1522431,188711,188710,67799,200940,0,2,2047767,True,train
2047966,2802288,84642,135624,1236,1224,0,2,2047966,True,train
2049305,2049301,49546,200644,117743,976,0,2,2049305,True,ood_novel_family
2051,2050,2049,2037,1760,201174,0,2,2051,True,train
2051959,388463,204434,204433,204432,57723,0,2,2051959,True,train
2054,2053,85026,85007,1760,201174,0,2,2054,True,train
2057,2056,85002,85001,189775,3027942,0,2,2057,True,train
2058135,336276,49546,200644,117743,976,0,2,2058135,True,ood_novel_family
2058175,2058174,49546,200644,117743,976,0,2,2058175,True,ood_novel_family
2058657,370735,1268,85006,1760,201174,0,2,2058657,True,train
2061,2060,85028,85007,1760,201174,0,2,2061,True,train
206403,265570,2771472,213849,3031852,29547,0,2,206403,True,train
206506,257820,506,80840,28216,1224,0,2,206506,True,train
2066,2063,2062,85011,1760,201174,0,2,2066,True,train
2066483,2953757,2953756,2497644,2497643,0,0,2,2066483,True,train
2067065,2593687,481,206351,28216,1224,0,2,2067065,True,train
2067960,2891323,2008794,206389,28216,1224,0,2,2067960,True,id_novel_genus
2068655,2888809,186803,186802,186801,1239,0,2,2068655,True,train
2069432,393005,49546,200644,117743,976,0,2,2069432,True,ood_novel_family
2070537,1079922,433,204441,28211,1224,0,2,2070537,True,train
2072590,1522432,75682,80840,28216,1224,0,2,2072590,True,id_novel_genus
207949,599651,135620,135619,1236,1224,0,2,207949,True,train
2079791,235888,85023,85006,1760,201174,0,2,2079791,True,train
2079792,76634,85023,85006,1760,201174,0,2,2079792,True,id_novel_genus
208199,2893058,186817,1385,91061,1239,0,2,208199,True,train
208216,208215,255474,255473,28211,1224,0,2,208216,True,train
208226,114627,31979,186802,186801,1239,0,2,208226,True,train
208479,2719313,186803,186802,186801,1239,0,2,208479,True,train
2086584,2717089,0,186802,186801,1239,0,2,2086584,True,train
2086585,3047433,3047432,186802,186801,1239,0,2,2086585,True,train
2093824,2093823,2093822,2093819,2093818,95818,0,2,2093824,True,train
2093856,574697,1853231,171549,200643,976,0,2,2093856,True,train
2093857,2591381,216572,186802,186801,1239,0,2,2093857,True,train
2094025,2831916,49546,200644,117743,976,0,2,2094025,True,ood_novel_family
2095,2093,2092,2085,31969,544448,0,2,2095,True,ood_novel_family
2097,2995234,2895623,2790996,0,544448,0,2,2097,True,train
2099786,2685905,186817,1385,91061,1239,0,2,2099786,True,train
2108365,2778400,1643949,1643947,188708,200918,0,2,2108365,True,train
2108523,2172004,216572,186802,186801,1239,0,2,2108523,True,id_novel_genus
2109913,1649468,80864,80840,28216,1224,0,2,2109913,True,train
2109914,219181,80864,80840,28216,1224,0,2,2109914,True,train
2109915,352450,80864,80840,28216,1224,0,2,2109915,True,train
211114,1137960,2070,85010,1760,201174,0,2,211114,True,train
2115,2767358,2092,2085,31969,544448,0,2,2115,True,ood_novel_family
2115978,2115980,775,766,28211,1224,0,2,2115978,True,train
2116657,2678886,80864,80840,28216,1224,0,2,2116657,True,train
2118,2923352,2092,2085,31969,544448,0,2,2118,True,ood_novel_family
2126321,1964366,1903411,91347,1236,1224,0,2,2126321,True,train
2126346,2995704,2062,85011,1760,201174,0,2,2126346,True,train
2133944,2884814,171552,171549,200643,976,0,2,2133944,True,train
214851,292632,216572,186802,186801,1239,0,2,214851,True,train
214888,2919614,0,186328,31969,544448,0,2,214888,True,train
2151,46239,33925,186328,31969,544448,0,2,2151,True,train
215591,2951106,2951104,136,203692,203691,0,2,215591,True,train
215813,309512,2854170,204455,28211,1224,0,2,215813,True,train
2161677,288021,1331809,362534,28211,1224,0,2,2161677,True,train
2161747,231683,255527,135619,1236,1224,0,2,2161747,True,ood_novel_family
2163011,1921582,506,80840,28216,1224,0,2,2163011,True,train
2163644,2603321,2603433,766,28211,1224,0,2,2163644,True,train
216465,52972,80864,80840,28216,1224,0,2,216465,True,train
216778,40323,32033,135614,1236,1224,0,2,216778,True,train
216816,1678,31953,85004,1760,201174,0,2,216816,True,train
216933,2132,2131,186328,31969,544448,0,2,216933,True,train
2169400,204456,31989,204455,28211,1224,0,2,2169400,True,train
2170745,1160973,1268,85006,1760,201174,0,2,2170745,True,train
2171623,947525,125316,85006,1760,201174,0,2,2171623,True,train
2171755,2778525,31989,204455,28211,1224,0,2,2171755,True,train
2172099,2894574,72275,135622,1236,1224,0,2,2172099,True,id_novel_genus
2172103,2172100,1903416,91347,1236,1224,0,2,2172103,True,train
2173034,2603323,2603322,186802,186801,1239,0,2,2173034,True,train
218208,218207,3031627,213118,3024418,200940,0,2,218208,True,train
2183582,2661818,72275,135622,1236,1224,0,2,2183582,True,train
2183911,180541,742031,742030,1236,1224,0,2,2183911,True,train
2184083,2891324,2008794,206389,28216,1224,0,2,2184083,True,train
219314,2040,85015,85009,1760,201174,0,2,219314,True,train
2202149,141948,32033,135614,1236,1224,0,2,2202149,True,train
2202721,561555,49546,200644,117743,976,0,2,2202721,True,ood_novel_family
220697,168934,2844866,204441,28211,1224,0,2,220697,True,id_novel_genus
2211106,2039723,135616,72273,1236,1224,0,2,2211106,True,train
2211108,3050898,2008793,32003,28216,1224,0,2,2211108,True,train
2211140,2608728,204434,204433,204432,57723,0,2,2211140,True,train
2213194,200903,186817,1385,91061,1239,0,2,2213194,True,train
2213226,2758906,135621,72274,1236,1224,0,2,2213226,True,train
221402,2899790,712,135625,1236,1224,0,2,221402,True,id_novel_genus
2218628,29487,1903414,91347,1236,1224,0,2,2218628,True,id_novel_genus
2219043,2494209,2494208,2494207,1042312,67819,0,2,2219043,True,train
2219224,83681,2004,85012,1760,201174,0,2,2219224,True,id_novel_genus
2220095,69578,85023,85006,1760,201174,0,2,2220095,True,train
2220096,2478349,2829815,204441,28211,1224,0,2,2220096,True,train
222819,2023214,0,1150,3028117,1117,0,2,222819,True,id_novel_genus
2231055,73029,2008795,206389,28216,1224,0,2,2231055,True,train
2233999,204447,2829815,204441,28211,1224,0,2,2233999,True,train
223967,2282523,119045,356,28211,1224,0,2,223967,True,train
225148,292833,689704,1963360,204429,204428,0,2,225148,True,ood_novel_family
225194,2883512,213422,3031668,3031651,200940,0,2,225194,True,train
2259620,2650549,72275,135622,1236,1224,0,2,2259620,True,train
225992,283,80864,80840,28216,1224,0,2,225992,True,train
2268024,2680021,119060,80840,28216,1224,0,2,2268024,True,train
2268449,39845,2070,85010,1760,201174,0,2,2268449,True,train
227318,390988,28056,85008,1760,201174,0,2,227318,True,train
2283160,1221880,186817,1385,91061,1239,0,2,2283160,True,id_novel_genus
2283195,125287,2805590,85006,1760,201174,0,2,2283195,True,train
2283318,2824158,468,2887326,1236,1224,0,2,2283318,True,train
228745,171868,558314,1485951,187857,200783,0,2,228745,True,train
2290923,1654931,481,206351,28216,1224,0,2,2290923,True,id_novel_genus
2291597,745410,0,0,1236,1224,0,2,2291597,True,train
2292766,2766927,1779135,1779134,28221,0,0,2,2292766,True,train
2293,2289,213119,213118,3024418,200940,0,2,2293,True,train
2293317,2293313,68298,186802,186801,1239,0,2,2293317,True,train
2296,2904687,213119,213118,3024418,200940,0,2,2296,True,train
2303331,413435,568386,1775403,1236,1224,0,2,2303331,True,train
2303538,288793,72275,135622,1236,1224,0,2,2303538,True,train
2304600,1406135,2831104,356,28211,1224,0,2,2304600,True,train
2305987,1649463,69277,356,28211,1224,0,2,2305987,True,train
231049,2767882,33958,186826,91061,1239,0,2,231049,True,train
2315862,2698688,563835,1853229,1853228,976,0,2,2315862,True,ood_novel_family
2316383,2770094,2770092,2770089,186801,1239,0,2,2316383,True,train
2320858,651660,186818,1385,91061,1239,0,2,2320858,True,train
2321403,1433993,2762286,768507,768503,976,0,2,2321403,True,train
232259,232244,563798,768507,768503,976,0,2,232259,True,train
2331,2330,972,53433,186801,1239,0,2,2331,True,train
233100,233099,72276,135613,1236,1224,0,2,233100,True,train
233181,33055,0,0,28216,1224,0,2,233181,True,id_novel_genus
2341112,2661800,82115,356,28211,1224,0,2,2341112,True,train
2341117,1769012,563835,1853229,1853228,976,0,2,2341117,True,ood_novel_family
234827,411566,1328881,766,28211,1224,0,2,234827,True,train
2350,2349,1937961,1936988,1937959,976,0,2,2350,True,train
2352,2351,2945022,191393,68337,200930,0,2,2352,True,train
2358,2357,3031658,3031657,3031650,200940,0,2,2358,True,ood_novel_family
2364647,2662752,1903409,91347,1236,1224,0,2,2364647,True,id_novel_genus
236753,236752,216572,186802,186801,1239,0,2,236753,True,train
2371,2370,32033,135614,1236,1224,0,2,2371,True,id_novel_genus
237258,501783,2762318,200644,117743,976,0,2,237258,True,id_novel_genus
2377,2375,1843490,909929,909932,1239,0,2,2377,True,id_novel_genus
238,308865,2762318,200644,117743,976,0,2,238,True,train
2382161,46466,972,53433,186801,1239,0,2,2382161,True,train
239935,239934,1647988,48461,203494,74201,0,2,239935,True,train
240427,2767892,33958,186826,91061,1239,0,2,240427,True,train
240495,1847,2070,85010,1760,201174,0,2,240495,True,train
241244,648802,186818,1385,91061,1239,0,2,241244,True,id_novel_genus
241425,241421,1892255,1150,3028117,1117,0,2,241425,True,train
2419771,1195526,85023,85006,1760,201174,0,2,2419771,True,train
2419772,2767877,33958,186826,91061,1239,0,2,2419772,True,train
2419774,2680004,85023,85006,1760,201174,0,2,2419774,True,train
2421,2420,1643950,2419,188708,200918,0,2,2421,True,train
2424,2422,1643950,2419,188708,200918,0,2,2424,True,train
242600,1755829,1755828,200644,117743,976,0,2,242600,True,train
242606,242605,1775411,135614,1236,1224,0,2,242606,True,train
244596,274591,69277,356,28211,1224,0,2,244596,True,train
244787,191291,224467,235899,3031852,29547,0,2,244787,True,train
245188,2211641,31989,204455,28211,1224,0,2,245188,True,train
248039,248038,2945020,191393,68337,200930,0,2,248039,True,train
2483033,2738399,31989,204455,28211,1224,0,2,2483033,True,id_novel_genus
2483799,154116,145358,85006,1760,201174,0,2,2483799,True,ood_novel_family
2487072,2782229,2762318,200644,117743,976,0,2,2487072,True,train
2487118,2679910,128827,526525,526524,1239,0,2,2487118,True,train
2490858,2689589,186824,1385,91061,1239,0,2,2490858,True,train
2493639,2698753,2024974,2024973,1553900,3018035,0,2,2493639,True,id_novel_genus
249402,273135,1501348,768507,768503,976,0,2,249402,True,train
2494234,40544,995019,80840,28216,1224,0,2,2494234,True,train
2494373,59739,200667,768507,768503,976,0,2,2494373,True,train
2494374,1443919,31989,204455,28211,1224,0,2,2494374,True,id_novel_genus
2495645,76833,2049,2037,1760,201174,0,2,2495645,True,train
2496265,1470540,186828,186826,91061,1239,0,2,2496265,True,train
2496266,32014,1499392,206351,28216,1224,0,2,2496266,True,train
2498113,2810357,1903416,91347,1236,1224,0,2,2498113,True,train
2498135,104204,83676,85012,1760,201174,0,2,2498135,True,train
2498451,67575,1046,135613,1236,1224,0,2,2498451,True,train
2499157,529881,85023,85006,1760,201174,0,2,2499157,True,id_novel_genus
2500533,238783,31989,204455,28211,1224,0,2,2500533,True,train
2500547,1778601,2762318,200644,117743,976,0,2,2500547,True,train
2502779,2812019,563835,1853229,1853228,976,0,2,2502779,True,ood_novel_family
2506420,2930384,33958,186826,91061,1239,0,2,2506420,True,train
2507160,2060094,543314,186802,186801,1239,0,2,2507160,True,train
2507161,2992720,2992717,1737405,1737404,1239,0,2,2507161,True,train
2507162,1738645,216572,186802,186801,1239,0,2,2507162,True,train
2507538,762641,49546,200644,117743,976,0,2,2507538,True,ood_novel_family
2509675,2692417,2692416,388448,388447,200795,0,2,2509675,True,train
2511995,2709666,32033,135614,1236,1224,0,2,2511995,True,train
2516557,2676247,89373,768507,768503,976,0,2,2516557,True,train
2518645,2035349,137,136,203692,203691,0,2,2518645,True,train
2518971,2518495,2005473,171549,200643,976,0,2,2518971,True,id_novel_genus
2518989,2847769,1706372,1706369,1236,1224,0,2,2518989,True,train
2518994,3040948,1706372,1706369,1236,1224,0,2,2518994,True,train
252130,299568,481,206351,28216,1224,0,2,252130,True,train
252307,252306,49546,200644,117743,976,0,2,252307,True,ood_novel_family
252514,48073,1706373,1706369,1236,1224,0,2,252514,True,train
2527968,2795605,2691357,2691354,203683,203682,0,2,2527968,True,train
2527972,2795781,2691359,2691354,203683,203682,0,2,2527972,True,ood_novel_family
2527973,1649453,126,112,203683,203682,0,2,2527973,True,train
2527974,2680020,1763524,2691356,203683,203682,0,2,2527974,True,id_novel_genus
2527979,2795973,2691357,2691354,203683,203682,0,2,2527979,True,train
2527982,2913022,666507,666506,666505,203682,0,2,2527982,True,train
2527983,2795778,126,112,203683,203682,0,2,2527983,True,train
2527984,2714594,2691357,2691354,203683,203682,0,2,2527984,True,id_novel_genus
2527989,2714737,126,112,203683,203682,0,2,2527989,True,id_novel_genus
2527994,2795865,126,112,203683,203682,0,2,2527994,True,train
2527995,2795780,126,112,203683,203682,0,2,2527995,True,train
2527996,2714592,126,112,203683,203682,0,2,2527996,True,train
2528007,2795774,126,112,203683,203682,0,2,2528007,True,train
2528009,2795783,2691359,2691354,203683,203682,0,2,2528009,True,ood_novel_family
2528010,2795775,2691357,2691354,203683,203682,0,2,2528010,True,train
2528020,2803301,666507,666506,666505,203682,0,2,2528020,True,train
2528021,2807414,2691357,2691354,203683,203682,0,2,2528021,True,id_novel_genus
2528022,2795782,2691359,2691354,203683,203682,0,2,2528022,True,ood_novel_family
2528023,2807415,1914233,2691355,203683,203682,0,2,2528023,True,train
2528024,2691417,2691359,2691354,203683,203682,0,2,2528024,True,ood_novel_family
2528026,2795777,126,112,203683,203682,0,2,2528026,True,id_novel_genus
2528027,2795776,126,112,203683,203682,0,2,2528027,True,id_novel_genus
2528037,538,481,206351,28216,1224,0,2,2528037,True,train
2528593,2748674,2748673,3039167,186801,1239,0,2,2528593,True,train
2528642,2723776,2723775,356,28211,1224,0,2,2528642,True,train
2528964,279,335928,356,28211,1224,0,2,2528964,True,train
2529032,2045416,49546,200644,117743,976,0,2,2529032,True,ood_novel_family
252966,252965,543372,68295,186801,1239,0,2,252966,True,train
252967,2792240,137,136,203692,203691,0,2,252967,True,train
253239,253238,216572,186802,186801,1239,0,2,253239,True,train
253245,267986,1333713,200644,117743,976,0,2,253245,True,train
254247,254245,118968,118969,1236,1224,0,2,254247,True,id_novel_genus
2546356,28070,1890450,1118,3028117,1117,0,2,2546356,True,train
2546360,263510,1890450,1118,3028117,1117,0,2,2546360,True,train
2546366,2546365,1890450,1118,3028117,1117,0,2,2546366,True,id_novel_genus
254758,2837510,186817,1385,91061,1239,0,2,254758,True,train
2558174,2654634,44746,1921002,28211,1224,0,2,2558174,True,train
2558360,2791118,433,204441,28211,1224,0,2,2558360,True,id_novel_genus
2558361,2952773,433,204441,28211,1224,0,2,2558361,True,train
2558931,2893090,563843,1853224,1853222,1853220,0,2,2558931,True,train
2560057,196080,2813951,204441,28211,1224,0,2,2560057,True,train
2562285,2907134,49546,200644,117743,976,0,2,2562285,True,ood_novel_family
256618,256616,2813035,356,28211,1224,0,2,256618,True,id_novel_genus
2567881,169133,1268,85006,1760,201174,0,2,2567881,True,train
2567896,55,49,3031712,0,2818505,0,2,2567896,True,id_novel_genus
2567941,2675233,186817,1385,91061,1239,0,2,2567941,True,train
256821,256818,85023,85006,1760,201174,0,2,256821,True,train
2569541,2886823,2886822,3024411,3031451,200940,0,2,2569541,True,id_novel_genus
2570561,49277,49546,200644,117743,976,0,2,2570561,True,ood_novel_family
2570586,2716172,1328881,766,28211,1224,0,2,2570586,True,train
2576307,44258,31979,186802,186801,1239,0,2,2576307,True,id_novel_genus
2576756,2576755,216572,186802,186801,1239,0,2,2576756,True,train
2576891,2576890,134623,415000,414999,74201,0,2,2576891,True,train
257708,125216,433,204441,28211,1224,0,2,257708,True,id_novel_genus
2579935,2815296,543,91347,1236,1224,0,2,2579935,True,train
2579971,2683599,31989,204455,28211,1224,0,2,2579971,True,id_novel_genus
2582419,39948,31977,1843489,909932,1239,0,2,2582419,True,train
2582913,2813803,2066491,2066490,28211,1224,0,2,2582913,True,id_novel_genus
2583377,456492,186822,1385,91061,1239,0,2,2583377,True,train
2583452,2749267,128827,526525,526524,1239,0,2,2583452,True,train
2583587,2913017,49546,200644,117743,976,0,2,2583587,True,ood_novel_family
2583823,2950010,194924,213115,3031449,200940,0,2,2583823,True,train
2584122,2706948,49546,200644,117743,976,0,2,2584122,True,ood_novel_family
2587163,252301,2854170,204455,28211,1224,0,2,2587163,True,id_novel_genus
2587808,157920,85017,85006,1760,201174,0,2,2587808,True,train
2587842,387095,2854170,204455,28211,1224,0,2,2587842,True,train
2588299,93682,2854170,204455,28211,1224,0,2,2588299,True,train
2588534,16,32011,32003,28216,1224,0,2,2588534,True,ood_novel_family
2588711,2795377,31989,204455,28211,1224,0,2,2588711,True,train
2590900,2760873,2760872,171549,200643,976,0,2,2590900,True,train
2591109,2706000,2705999,0,28216,1224,0,2,2591109,True,train
2592345,376469,84566,200666,117747,976,0,2,2592345,True,id_novel_genus
2592382,2944627,186817,1385,91061,1239,0,2,2592382,True,train
2593652,2920444,186817,1385,91061,1239,0,2,2593652,True,train
2593653,2838250,2813035,356,28211,1224,0,2,2593653,True,train
2594003,1231242,41295,204441,28211,1224,0,2,2594003,True,train
2594795,240411,119060,80840,28216,1224,0,2,2594795,True,train
2594883,2785518,186817,1385,91061,1239,0,2,2594883,True,train
2596890,2897349,2897348,2897347,2897345,203682,0,2,2596890,True,train
2596912,1649454,85023,85006,1760,201174,0,2,2596912,True,train
2596916,96492,85023,85006,1760,201174,0,2,2596916,True,id_novel_genus
2597660,741759,0,85007,1760,201174,0,2,2597660,True,train
2598579,2731450,1914233,2691355,203683,203682,0,2,2598579,True,train
2598861,2893057,186817,1385,91061,1239,0,2,2598861,True,train
2599293,427753,85023,85006,1760,201174,0,2,2599293,True,train
2599296,2816884,31989,204455,28211,1224,0,2,2599296,True,train
2599308,1848399,31979,186802,186801,1239,0,2,2599308,True,train
2600177,2946507,2946505,1779134,28221,0,0,2,2600177,True,train
2601575,2601574,44746,1921002,28211,1224,0,2,2601575,True,id_novel_genus
2601646,2601645,775,766,28211,1224,0,2,2601646,True,train
2601668,2601651,44746,1921002,28211,1224,0,2,2601668,True,train
2601677,2682228,2682227,2682226,2682225,200795,0,2,2601677,True,train
2601894,1217416,1706372,1706369,1236,1224,0,2,2601894,True,train
2601898,1344552,75682,80840,28216,1224,0,2,2601898,True,train
2602016,2705399,41295,204441,28211,1224,0,2,2602016,True,train
2603206,626119,1331736,85006,1760,201174,0,2,2603206,True,train
2605946,2831925,31989,204455,28211,1224,0,2,2605946,True,train
2606626,2815786,2005473,171549,200643,976,0,2,2606626,True,train
2610895,1918454,0,186802,186801,1239,0,2,2610895,True,train
2613965,2613960,31989,204455,28211,1224,0,2,2613965,True,train
2614693,267849,135620,135619,1236,1224,0,2,2614693,True,train
261964,261963,1920240,2887327,1236,1224,0,2,261964,True,train
264636,2147,2146,186329,31969,544448,0,2,264636,True,train
2651284,2651279,186817,1385,91061,1239,0,2,2651284,True,train
2652177,106146,506,80840,28216,1224,0,2,2652177,True,train
2652803,2817383,0,0,1236,1224,0,2,2652803,True,train
2654547,1926259,85016,85006,1760,201174,0,2,2654547,True,train
265606,265488,2691357,2691354,203683,203682,0,2,265606,True,train
265883,28884,135616,72273,1236,1224,0,2,265883,True,id_novel_genus
266,265,31989,204455,28211,1224,0,2,266,True,train
266009,81682,32011,32003,28216,1224,0,2,266009,True,ood_novel_family
2661630,2893036,135620,135619,1236,1224,0,2,2661630,True,train
2662261,1911549,31957,85009,1760,201174,0,2,2662261,True,train
2663022,74385,186817,1385,91061,1239,0,2,2663022,True,train
2665156,2831665,0,0,0,95818,0,2,2665156,True,train
2665642,2893576,2070,85010,1760,201174,0,2,2665642,True,id_novel_genus
2666138,2834348,216572,186802,186801,1239,0,2,2666138,True,train
266809,266808,2854170,204455,28211,1224,0,2,266809,True,train
266951,1855416,335929,204457,28211,1224,0,2,266951,True,train
2674991,329857,186822,1385,91061,1239,0,2,2674991,True,train
2674997,2674996,89373,768507,768503,976,0,2,2674997,True,train
2675053,2781120,135616,72273,1236,1224,0,2,2675053,True,train
2675054,2781121,135616,72273,1236,1224,0,2,2675054,True,train
2675298,1778653,2772226,32003,28216,1224,0,2,2675298,True,train
2675331,283785,49546,200644,117743,976,0,2,2675331,True,ood_novel_family
2675754,2828348,1331736,85006,1760,201174,0,2,2675754,True,train
2676868,2836216,563835,1853229,1853228,976,0,2,2676868,True,ood_novel_family
2681470,2822114,809,51291,204429,204428,0,2,2681470,True,train
2681766,2678352,1471398,1970189,200643,976,0,2,2681766,True,train
2682456,29465,31977,1843489,909932,1239,0,2,2682456,True,id_novel_genus
2682776,2981344,1643826,1643822,84998,201174,0,2,2682776,True,train
2682810,2899804,972,53433,186801,1239,0,2,2682810,True,id_novel_genus
2683272,2768738,2898533,135619,1236,1224,0,2,2683272,True,train
2683284,3050722,31989,204455,28211,1224,0,2,2683284,True,id_novel_genus
2683590,1433997,85023,85006,1760,201174,0,2,2683590,True,train
2684113,3049269,0,415001,414999,74201,0,2,2684113,True,train
2686077,286104,49546,200644,117743,976,0,2,2686077,True,ood_novel_family
2686094,2768684,76892,204458,28211,1224,0,2,2686094,True,train
2686365,261827,49546,200644,117743,976,0,2,2686365,True,ood_novel_family
2690837,84111,1643826,1643822,84998,201174,0,2,2690837,True,train
2692125,2888879,2049,2037,1760,201174,0,2,2692125,True,train
2692330,1434002,31989,204455,28211,1224,0,2,2692330,True,train
2692425,289201,186817,1385,91061,1239,0,2,2692425,True,train
269261,269260,2771472,213849,3031852,29547,0,2,269261,True,train
2696063,1843210,186803,186802,186801,1239,0,2,2696063,True,train
269673,2077,186821,1385,91061,1239,0,2,269673,True,train
2697032,54066,0,80840,28216,1224,0,2,2697032,True,train
2697033,3027666,433,204441,28211,1224,0,2,2697033,True,id_novel_genus
2697043,2907187,2907186,2907185,2907184,134625,0,2,2697043,True,train
2697363,50709,433,204441,28211,1224,0,2,2697363,True,train
2698458,1649474,1853232,768507,768503,976,0,2,2698458,True,ood_novel_family
2698684,1861863,568386,1775403,1236,1224,0,2,2698684,True,id_novel_genus
2699430,2828366,1046,135613,1236,1224,0,2,2699430,True,id_novel_genus
2704465,455076,89373,768507,768503,976,0,2,2704465,True,id_novel_genus
2704468,228398,2062,85011,1760,201174,0,2,2704468,True,train
2706014,2795692,2795691,235899,3031852,29547,0,2,2706014,True,train
2706887,1471399,1471398,1970189,200643,976,0,2,2706887,True,train
2707525,2911469,203557,48461,203494,74201,0,2,2707525,True,train
2708082,1546255,85015,85009,1760,201174,0,2,2708082,True,id_novel_genus
2708110,444051,49546,200644,117743,976,0,2,2708110,True,ood_novel_family
2708301,2678529,1706372,1706369,1236,1224,0,2,2708301,True,id_novel_genus
270918,143222,49546,200644,117743,976,0,2,270918,True,ood_novel_family
2709410,3031933,186803,186802,186801,1239,0,2,2709410,True,train
271065,2822410,403,135618,1236,1224,0,2,271065,True,train
2710758,2922426,2922432,2364208,2364196,200795,0,2,2710758,True,train
2711215,2676233,41297,204457,28211,1224,0,2,2711215,True,train
2711231,1348508,203557,48461,203494,74201,0,2,2711231,True,train
2712222,169055,0,356,28211,1224,0,2,2712222,True,id_novel_genus
2712698,2712688,69277,356,28211,1224,0,2,2712698,True,train
2714353,2892396,216572,186802,186801,1239,0,2,2714353,True,id_novel_genus
2714358,2892397,216572,186802,186801,1239,0,2,2714358,True,train
2714927,156973,2005520,171549,200643,976,0,2,2714927,True,id_novel_genus
2714937,1085622,31957,85009,1760,201174,0,2,2714937,True,id_novel_genus
2714941,367298,85021,85006,1760,201174,0,2,2714941,True,train
2714952,683756,80864,80840,28216,1224,0,2,2714952,True,id_novel_genus
2715131,2858886,2858885,768507,768503,976,0,2,2715131,True,train
2715678,2772198,2772226,32003,28216,1224,0,2,2715678,True,train
2715679,2811506,2811505,2811503,2811502,40117,0,2,2715679,True,train
2715735,2715734,2715733,0,0,0,0,2,2715735,True,train
2716227,2885697,85018,85006,1760,201174,0,2,2716227,True,train
2716812,2994361,74712,85013,1760,201174,0,2,2716812,True,id_novel_genus
2718,2717,868,135615,1236,1224,0,2,2718,True,id_novel_genus
2719989,2834378,137,136,203692,203691,0,2,2719989,True,id_novel_genus
272131,1177,1162,1161,3028117,1117,0,2,272131,True,train
2721545,1792291,1706371,1706369,1236,1224,0,2,2721545,True,train
2722751,28263,2049,2037,1760,201174,0,2,2722751,True,train
2724,2723,69657,2800060,28211,1224,0,2,2724,True,train
2725558,2709685,41297,204457,28211,1224,0,2,2725558,True,train
2726954,1266,31979,186802,186801,1239,0,2,2726954,True,train
2728021,75654,75682,80840,28216,1224,0,2,2728021,True,train
2728827,53365,28056,85008,1760,201174,0,2,2728827,True,train
2728835,518753,203557,48461,203494,74201,0,2,2728835,True,id_novel_genus
2729421,482460,186817,1385,91061,1239,0,2,2729421,True,train
2731377,2838170,1491775,186802,186801,1239,0,2,2731377,True,train
2731755,2425,1706371,1706369,1236,1224,0,2,2731755,True,id_novel_genus
2732067,2803845,2803844,32003,28216,1224,0,2,2732067,True,train
2732163,131079,119060,80840,28216,1224,0,2,2732163,True,train
273376,3062336,2791015,136,203692,203691,0,2,273376,True,train
273384,1696,85019,85006,1760,201174,0,2,273384,True,train
2734,2733,543349,186802,186801,1239,0,2,2734,True,train
2735133,881616,85023,85006,1760,201174,0,2,2735133,True,train
2735436,2903100,2146,186329,31969,544448,0,2,2735436,True,train
2735562,2900570,2900569,2900568,0,221235,0,2,2735562,True,train
2735563,1030,135617,72273,1236,1224,0,2,2735563,True,train
2736,2735,203557,48461,203494,74201,0,2,2736,True,train
2738883,2738850,0,0,1236,1224,0,2,2738883,True,train
2739061,400947,1499392,206351,28216,1224,0,2,2739061,True,id_novel_genus
2739434,230666,1499392,206351,28216,1224,0,2,2739434,True,train
274,270,188786,68933,188787,1297,0,2,274,True,train
2740163,51194,2886822,3024411,3031451,200940,0,2,2740163,True,train
2740515,223785,292630,213849,3031852,29547,0,2,2740515,True,train
2740807,406099,72276,135613,1236,1224,0,2,2740807,True,train
2742145,1594166,69277,356,28211,1224,0,2,2742145,True,train
2742204,1485594,45401,356,28211,1224,0,2,2742204,True,train
2742683,2807497,2807496,485256,186801,1239,0,2,2742683,True,ood_novel_family
2743,2742,2887365,72274,1236,1224,0,2,2743,True,train
2743772,1502725,186823,1385,91061,1239,0,2,2743772,True,train
2744027,2987594,49546,200644,117743,976,0,2,2744027,True,ood_novel_family
2744479,2834759,267888,135622,1236,1224,0,2,2744479,True,train
2745197,299566,1853232,768507,768503,976,0,2,2745197,True,ood_novel_family
2746,2745,28256,135619,1236,1224,0,2,2746,True,id_novel_genus
2748098,2831955,31989,204455,28211,1224,0,2,2748098,True,train
2749086,2004661,2800061,2800059,28211,1224,0,2,2749086,True,train
2751313,2786989,2786988,2786987,186801,1239,0,2,2751313,True,ood_novel_family
2755338,3051499,186814,68295,186801,1239,0,2,2755338,True,ood_novel_family
2756,2755,186820,1385,91061,1239,0,2,2756,True,train
2758038,2944826,31989,204455,28211,1224,0,2,2758038,True,train
2758041,414371,255475,356,28211,1224,0,2,2758041,True,train
2758440,2912996,2049,2037,1760,201174,0,2,2758440,True,id_novel_genus
2758442,458839,85016,85006,1760,201174,0,2,2758442,True,id_novel_genus
2759707,2883109,2820280,204457,28211,1224,0,2,2759707,True,train
2760713,649461,563835,1853229,1853228,976,0,2,2760713,True,ood_novel_family
2761580,2828338,1333713,200644,117743,976,0,2,2761580,True,train
2762277,2811380,433,204441,28211,1224,0,2,2762277,True,id_novel_genus
2762729,2709686,41297,204457,28211,1224,0,2,2762729,True,id_novel_genus
2763056,459786,216572,186802,186801,1239,0,2,2763056,True,train
2763107,2951993,204434,204433,204432,57723,0,2,2763107,True,train
2763667,2944198,186803,186802,186801,1239,0,2,2763667,True,train
2763669,2944195,186803,186802,186801,1239,0,2,2763669,True,train
2763670,2944152,186803,186802,186801,1239,0,2,2763670,True,train
2763672,2944193,186803,186802,186801,1239,0,2,2763672,True,train
2764705,2943286,90627,32003,28216,1224,0,2,2764705,True,train
2767188,2715289,49546,200644,117743,976,0,2,2767188,True,ood_novel_family
277,65551,188786,68933,188787,1297,0,2,277,True,id_novel_genus
2770551,908935,145357,85006,1760,201174,0,2,2770551,True,id_novel_genus
2771361,35812,433,204441,28211,1224,0,2,2771361,True,train
2771430,335405,2820280,204457,28211,1224,0,2,2771430,True,train
2772557,2894767,213121,3024411,3031451,200940,0,2,2772557,True,id_novel_genus
2773266,110934,85023,85006,1760,201174,0,2,2773266,True,train
2773299,2773294,194924,213115,3031449,200940,0,2,2773299,True,train
2774151,2774146,1914233,2691355,203683,203682,0,2,2774151,True,train
2775080,1647175,597359,204441,28211,1224,0,2,2775080,True,train
2778876,2872156,32011,32003,28216,1224,0,2,2778876,True,ood_novel_family
2779360,387658,49546,200644,117743,976,0,2,2779360,True,ood_novel_family
2779519,2847307,1643824,84999,84998,201174,0,2,2779519,True,train
2779527,496496,186818,1385,91061,1239,0,2,2779527,True,train
2780922,2842531,216572,186802,186801,1239,0,2,2780922,True,train
2781390,1330545,543,91347,1236,1224,0,2,2781390,True,train
2782006,1511649,563798,768507,768503,976,0,2,2782006,True,train
2782163,2975521,2975520,2975519,1912503,544448,0,2,2782163,True,train
2785025,3024823,186803,186802,186801,1239,0,2,2785025,True,train
2789216,204476,335928,356,28211,1224,0,2,2789216,True,train
2789776,2789775,633392,84993,84992,201174,0,2,2789776,True,train
2789856,1844015,31989,204455,28211,1224,0,2,2789856,True,train
2792603,1765964,72276,135613,1236,1224,0,2,2792603,True,train
2792978,2701,31953,85004,1760,201174,0,2,2792978,True,train
2794344,630749,1706375,1706369,1236,1224,0,2,2794344,True,id_novel_genus
2795293,3003266,213121,3024411,3031451,200940,0,2,2795293,True,train
2795690,166953,2831111,356,28211,1224,0,2,2795690,True,train
2796139,1541670,0,0,0,74201,0,2,2796139,True,train
2796927,189326,186814,68295,186801,1239,0,2,2796927,True,ood_novel_family
2798577,2845254,2951104,136,203692,203691,0,2,2798577,True,train
280236,2013,83676,85012,1760,201174,0,2,280236,True,train
28038,2767885,33958,186826,91061,1239,0,2,28038,True,train
280473,280472,563798,768507,768503,976,0,2,280473,True,train
28049,28048,85032,1643683,1760,201174,0,2,28049,True,train
2806210,2893022,568386,1775403,1236,1224,0,2,2806210,True,train
2806552,118747,128827,526525,526524,1239,0,2,2806552,True,train
2806609,2900571,44746,1921002,28211,1224,0,2,2806609,True,train
28068,28067,2975441,80840,28216,1224,0,2,28068,True,ood_novel_family
2807096,2946607,31989,204455,28211,1224,0,2,2807096,True,train
2807512,2807511,1771355,1771349,666505,203682,0,2,2807512,True,train
2807626,1229970,75682,80840,28216,1224,0,2,2807626,True,train
28077,1543705,2829815,204441,28211,1224,0,2,28077,True,train
2809020,2898489,481,206351,28216,1224,0,2,2809020,True,train
2809707,561367,49546,200644,117743,976,0,2,2809707,True,ood_novel_family
2810512,396811,2762286,768507,768503,976,0,2,2810512,True,train
2810562,497721,3031622,213118,3024418,200940,0,2,2810562,True,train
2811108,2838311,85034,85014,1760,201174,0,2,2811108,True,train
2811111,2920401,28056,85008,1760,201174,0,2,2811111,True,train
28112,195950,2005525,171549,200643,976,0,2,28112,True,ood_novel_family
281120,281119,1501348,768507,768503,976,0,2,281120,True,train
2811415,1769726,75787,206389,28216,1224,0,2,2811415,True,train
28118,283168,1853231,171549,200643,976,0,2,28118,True,train
28132,838,171552,171549,200643,976,0,2,28132,True,id_novel_genus
2813371,1505652,186804,186802,186801,1239,0,2,2813371,True,train
2813578,224458,31,29,32015,2818505,0,2,2813578,True,id_novel_genus
2815577,274470,186806,186802,186801,1239,0,2,2815577,True,train
2816908,190972,0,0,1737404,1239,0,2,2816908,True,train
2818388,2915177,533207,533206,533205,57723,0,2,2818388,True,train
28187,28186,53434,53433,186801,1239,0,2,28187,True,train
2819238,2888818,0,85006,1760,201174,0,2,2819238,True,train
28197,2321111,2808963,213849,3031852,29547,0,2,28197,True,train
28199,28196,2808963,213849,3031852,29547,0,2,28199,True,train
2820278,45402,335928,356,28211,1224,0,2,2820278,True,train
2820661,2953860,49546,200644,117743,976,0,2,2820661,True,ood_novel_family
2820710,907197,267888,135622,1236,1224,0,2,2820710,True,id_novel_genus
2820884,2913367,83676,85012,1760,201174,0,2,2820884,True,train
28223,28222,213119,213118,3024418,200940,0,2,28223,True,id_novel_genus
28227,2791001,2790998,2790996,0,544448,0,2,28227,True,train
28229,28228,267889,135622,1236,1224,0,2,28229,True,train
28251,28250,2762318,200644,117743,976,0,2,28251,True,train
28262,28261,2811504,2811503,2811502,40117,0,2,28262,True,train
2828656,3024226,3024225,1643687,203692,203691,0,2,2828656,True,train
2829569,2066071,135620,135619,1236,1224,0,2,2829569,True,train
2829795,2975260,2975259,200644,117743,976,0,2,2829795,True,ood_novel_family
2829812,294702,2005520,171549,200643,976,0,2,2829812,True,train
2830842,2901189,135621,72274,1236,1224,0,2,2830842,True,train
2831148,2905123,72275,135622,1236,1224,0,2,2831148,True,id_novel_genus
2834459,174708,128827,526525,526524,1239,0,2,2834459,True,id_novel_genus
2834768,354349,118882,356,28211,1224,0,2,2834768,True,train
2835787,1508451,2820280,204457,28211,1224,0,2,2835787,True,id_novel_genus
283811,283810,85034,85014,1760,201174,0,2,283811,True,train
2838156,1004301,563835,1853229,1853228,976,0,2,2838156,True,ood_novel_family
2839024,429,403,135618,1236,1224,0,2,2839024,True,train
284016,20,76892,204458,28211,1224,0,2,284016,True,train
2840183,1486720,1486721,135618,1236,1224,0,2,2840183,True,ood_novel_family
2841264,2905967,0,0,0,95818,0,2,2841264,True,train
2843215,2843200,2843199,2843198,1497346,201174,0,2,2843215,True,train
2843330,457933,2690195,204441,28211,1224,0,2,2843330,True,train
28446,2039240,186803,186802,186801,1239,0,2,28446,True,train
28447,1573,85023,85006,1760,201174,0,2,28447,True,id_novel_genus
2846775,120212,85023,85006,1760,201174,0,2,2846775,True,id_novel_genus
2847778,2847777,2847776,2847775,2847774,67818,0,2,2847778,True,train
2847992,2651583,213422,3031668,3031651,200940,0,2,2847992,True,train
2849779,1648491,633392,84993,84992,201174,0,2,2849779,True,train
285091,3020832,224372,135619,1236,1224,0,2,285091,True,ood_novel_family
2853258,1742990,1268,85006,1760,201174,0,2,2853258,True,train
2856823,2937410,31989,204455,28211,1224,0,2,2856823,True,train
2857064,2943291,2066491,2066490,28211,1224,0,2,2857064,True,train
2857077,2857076,1890422,307595,3028117,1117,0,2,2857077,True,train
2862509,3024544,1853230,200644,117743,976,0,2,2862509,True,train
2862869,2986286,134623,415000,414999,74201,0,2,2862869,True,id_novel_genus
2864201,365032,89374,1936988,1937959,976,0,2,2864201,True,train
2866311,2175957,3056374,415001,414999,74201,0,2,2866311,True,train
2866588,255204,85023,85006,1760,201174,0,2,2866588,True,train
2866627,1609627,539003,1385,91061,1239,0,2,2866627,True,ood_novel_family
286802,286801,316606,85007,1760,201174,0,2,286802,True,train
287,286,135621,72274,1236,1224,0,2,287,True,train
2871826,801,543,91347,1236,1224,0,2,2871826,True,train
2874213,1492710,1892252,1150,3028117,1117,0,2,2874213,True,id_novel_genus
2875540,1004303,563835,1853229,1853228,976,0,2,2875540,True,ood_novel_family
2875962,2923290,0,2923288,0,976,0,2,2875962,True,train
2877939,57739,1499392,206351,28216,1224,0,2,2877939,True,train
2880008,2967962,2845253,136,203692,203691,0,2,2880008,True,train
288004,1021,135617,72273,1236,1224,0,2,288004,True,train
2881056,577469,1042322,85006,1760,201174,0,2,2881056,True,train
2881234,3029205,31989,204455,28211,1224,0,2,2881234,True,train
2881428,2881427,2881426,1890424,3028117,1117,0,2,2881428,True,train
2884022,2976759,2976758,588673,1497346,201174,0,2,2884022,True,train
2885951,2303528,2303507,2881377,3028117,1117,0,2,2885951,True,train
2886352,2886347,1892251,1150,3028117,1117,0,2,2886352,True,train
288965,35829,216572,186802,186801,1239,0,2,288965,True,train
28901,590,543,91347,1236,1224,0,2,28901,True,train
2891570,1504576,543,91347,1236,1224,0,2,2891570,True,train
2893202,2893197,49546,200644,117743,976,0,2,2893202,True,ood_novel_family
2894156,2995122,1643824,84999,84998,201174,0,2,2894156,True,train
289435,752201,1892259,1161,3028117,1117,0,2,289435,True,train
2895352,3018276,135620,135619,1236,1224,0,2,2895352,True,id_novel_genus
2896848,2805681,2062,85011,1760,201174,0,2,2896848,True,train
2898187,2766734,2762318,200644,117743,976,0,2,2898187,True,train
2899121,2943184,128827,526525,526524,1239,0,2,2899121,True,train
290053,816,815,171549,200643,976,0,2,290053,True,train
2900738,1434045,49546,200644,117743,976,0,2,2900738,True,ood_novel_family
2901142,1148163,506,80840,28216,1224,0,2,2901142,True,train
290400,188905,2854170,204455,28211,1224,0,2,290400,True,train
2904523,2040262,145357,85006,1760,201174,0,2,2904523,True,train
2905121,444459,49546,200644,117743,976,0,2,2905121,True,ood_novel_family
2906072,182269,255475,356,28211,1224,0,2,2906072,True,train
2906798,2664261,1890438,2881377,3028117,1117,0,2,2906798,True,ood_novel_family
2908642,3024237,85015,85009,1760,201174,0,2,2908642,True,train
2908648,13275,868,135615,1236,1224,0,2,2908648,True,train
2916397,2680018,31989,204455,28211,1224,0,2,2916397,True,id_novel_genus
2916754,1573059,49546,200644,117743,976,0,2,2916754,True,ood_novel_family
2916755,312278,2896860,768507,768503,976,0,2,2916755,True,train
2917790,2944815,481,206351,28216,1224,0,2,2917790,True,train
2917832,2917830,1890438,2881377,3028117,1117,0,2,2917832,True,ood_novel_family
2919598,2975286,2975285,2975284,1236,1224,0,2,2919598,True,ood_novel_family
291990,291988,2770093,2770089,186801,1239,0,2,291990,True,train
2923279,112008,3018589,135615,1236,1224,0,2,2923279,True,train
2924031,1884449,186817,1385,91061,1239,0,2,2924031,True,id_novel_genus
2924032,2675234,186817,1385,91061,1239,0,2,2924032,True,train
292566,13034,1890426,1890424,3028117,1117,0,2,292566,True,ood_novel_family
2925830,2978367,33958,186826,91061,1239,0,2,2925830,True,train
2926907,2967089,49546,200644,117743,976,0,2,2926907,True,ood_novel_family
292800,946234,216572,186802,186801,1239,0,2,292800,True,train
2928472,1904377,2685818,356,28211,1224,0,2,2928472,True,train
29303,2995706,2062,85011,1760,201174,0,2,29303,True,id_novel_genus
2931922,2126548,1570339,1737405,1737404,1239,0,2,2931922,True,train
2931930,1874526,1890438,2881377,3028117,1117,0,2,2931930,True,ood_novel_family
29329,28895,186814,68295,186801,1239,0,2,29329,True,ood_novel_family
2933872,2837502,186817,1385,91061,1239,0,2,2933872,True,train
2934315,2997360,186803,186802,186801,1239,0,2,2934315,True,train
2935863,1858563,72275,135622,1236,1224,0,2,2935863,True,train
29360,698776,3018741,186802,186801,1239,0,2,29360,True,train
29394,29393,186828,186826,91061,1239,0,2,29394,True,train
2940302,559173,33958,186826,91061,1239,0,2,2940302,True,train
29405,29404,31957,85009,1760,201174,0,2,29405,True,train
2943192,265487,2691357,2691354,203683,203682,0,2,2943192,True,train
2944914,3059504,128827,526525,526524,1239,0,2,2944914,True,train
29459,234,118882,356,28211,1224,0,2,29459,True,train
29471,122277,1903410,91347,1236,1224,0,2,29471,True,train
2949635,286729,558415,1970189,200643,976,0,2,2949635,True,train
2949664,2758920,2758916,588673,1497346,201174,0,2,2949664,True,train
2950108,510690,510685,510684,28211,1224,0,2,2950108,True,train
29510,338321,170,1643688,203692,203691,0,2,29510,True,train
29539,192992,320796,588674,1497346,201174,0,2,29539,True,train
29543,18,213421,69541,3031651,200940,0,2,29543,True,train
29546,41707,194924,213115,3031449,200940,0,2,29546,True,id_novel_genus
29549,29548,563843,1853224,1853222,1853220,0,2,29549,True,train
29552,2903106,2146,186329,31969,544448,0,2,29552,True,train
29554,2895509,2895623,2790996,0,544448,0,2,29554,True,train
295596,295595,2092,2085,31969,544448,0,2,295596,True,ood_novel_family
2956798,940550,1706371,1706369,1236,1224,0,2,2956798,True,id_novel_genus
2966552,3048127,216572,186802,186801,1239,0,2,2966552,True,id_novel_genus
296745,379065,186817,1385,91061,1239,0,2,296745,True,train
297,70774,206349,119069,2008785,1224,0,2,297,True,train
2970906,191,2829815,204441,28211,1224,0,2,2970906,True,id_novel_genus
2974023,3050007,3050006,134621,203494,74201,0,2,2974023,True,train
2974039,1198,1892254,1150,3028117,1117,0,2,2974039,True,id_novel_genus
2975055,2056696,2056687,72273,1236,1224,0,2,2975055,True,train
2975157,2975149,2896860,768507,768503,976,0,2,2975157,True,id_novel_genus
2976241,1453544,1775411,135614,1236,1224,0,2,2976241,True,train
2976982,2838409,2024974,2024973,1553900,3018035,0,2,2976982,True,train
2979464,156993,2762302,768507,768503,976,0,2,2979464,True,train
2980027,3033930,186817,1385,91061,1239,0,2,2980027,True,id_novel_genus
2980099,1100891,506,80840,28216,1224,0,2,2980099,True,train
2980100,300264,1499392,206351,28216,1224,0,2,2980100,True,train
2981137,585890,1499392,206351,28216,1224,0,2,2981137,True,train
2981138,130795,2070,85010,1760,201174,0,2,2981138,True,train
2984951,1255275,1643949,1643947,188708,200918,0,2,2984951,True,train
2985506,1649457,85023,85006,1760,201174,0,2,2985506,True,train
298654,2994363,74712,85013,1760,201174,0,2,298654,True,train
2986923,1612611,82115,356,28211,1224,0,2,2986923,True,train
2986949,1775688,255475,356,28211,1224,0,2,2986949,True,train
299262,299261,2854170,204455,28211,1224,0,2,299262,True,train
2994555,3051458,200667,768507,768503,976,0,2,2994555,True,train
2995304,53,224463,3031713,0,2818505,0,2,2995304,True,train
2999116,1434026,31979,186802,186801,1239,0,2,2999116,True,train
300019,33882,85023,85006,1760,201174,0,2,300019,True,train
300231,89404,72275,135622,1236,1224,0,2,300231,True,train
3003601,1257,186804,186802,186801,1239,0,2,3003601,True,train
3004129,2905949,213116,213115,3031449,200940,0,2,3004129,True,ood_novel_family
3015160,265431,28056,85008,1760,201174,0,2,3015160,True,id_novel_genus
3015995,1751296,31989,204455,28211,1224,0,2,3015995,True,id_novel_genus
3022676,359337,1706371,1706369,1236,1224,0,2,3022676,True,train
3022791,2901164,135621,72274,1236,1224,0,2,3022791,True,train
3024400,3058346,1549128,362534,28211,1224,0,2,3024400,True,train
3025782,78526,82115,356,28211,1224,0,2,3025782,True,train
3028315,475230,186821,1385,91061,1239,0,2,3028315,True,train
3028735,449972,69277,356,28211,1224,0,2,3028735,True,train
3029084,3029078,3029085,649776,649775,508458,0,2,3029084,True,train
3031917,1548510,171551,171549,200643,976,0,2,3031917,True,ood_novel_family
3031919,2303321,543,91347,1236,1224,0,2,3031919,True,train
3035694,41273,1737406,1737405,1737404,1239,0,2,3035694,True,train
3036126,214904,186804,186802,186801,1239,0,2,3036126,True,train
3036945,1155385,31979,186802,186801,1239,0,2,3036945,True,train
3037797,1114981,2975441,80840,28216,1224,0,2,3037797,True,ood_novel_family
3039386,212744,75682,80840,28216,1224,0,2,3039386,True,train
3039851,1617805,31989,204455,28211,1224,0,2,3039851,True,train
3040677,2493629,2493628,2493627,28211,1224,0,2,3040677,True,train
3040935,512381,433,204441,28211,1224,0,2,3040935,True,train
3041175,369926,31957,85009,1760,201174,0,2,3041175,True,id_novel_genus
3041435,184923,45404,356,28211,1224,0,2,3041435,True,train
304207,2767891,33958,186826,91061,1239,0,2,304207,True,train
3042615,1621534,72275,135622,1236,1224,0,2,3042615,True,train
3045146,2304687,216572,186802,186801,1239,0,2,3045146,True,train
3045816,3045815,2303527,1890424,3028117,1117,0,2,3045816,True,train
3048007,58842,2854170,204455,28211,1224,0,2,3048007,True,train
304895,414878,414877,414714,1760,201174,0,2,304895,True,train
3050072,415014,0,186802,186801,1239,0,2,3050072,True,train
3052086,203133,31957,85009,1760,201174,0,2,3052086,True,train
3053655,1406885,72275,135622,1236,1224,0,2,3053655,True,train
3058420,599653,2854170,204455,28211,1224,0,2,3058420,True,train
307486,114248,0,80840,28216,1224,0,2,307486,True,train
309805,182899,224027,32069,187857,200783,0,2,309805,True,train
309806,212790,224027,32069,187857,200783,0,2,309806,True,train
310575,290425,506,80840,28216,1224,0,2,310575,True,train
310783,1298,183710,118964,188787,1297,0,2,310783,True,train
311180,2919626,2854170,204455,28211,1224,0,2,311180,True,train
311182,311181,2008793,32003,28216,1224,0,2,311182,True,train
313588,216431,49546,200644,117743,976,0,2,313588,True,ood_novel_family
313985,115782,213422,3031668,3031651,200940,0,2,313985,True,train
316068,319458,2896860,768507,768503,976,0,2,316068,True,train
316277,43773,213468,2914038,3031648,200940,0,2,316277,True,train
31909,32636,3046412,53433,186801,1239,0,2,31909,True,ood_novel_family
31998,407,119045,356,28211,1224,0,2,31998,True,id_novel_genus
32025,209,72293,213849,3031852,29547,0,2,32025,True,train
320324,225842,49546,200644,117743,976,0,2,320324,True,ood_novel_family
32046,1129,1890426,1890424,3028117,1117,0,2,32046,True,ood_novel_family
320497,320496,433,204441,28211,1224,0,2,320497,True,train
323415,323413,1775411,135614,1236,1224,0,2,323415,True,train
326320,326319,49546,200644,117743,976,0,2,326320,True,ood_novel_family
328813,239759,171550,171549,200643,976,0,2,328813,True,train
33007,2692118,2049,2037,1760,201174,0,2,33007,True,train
33010,1912216,31957,85009,1760,201174,0,2,33010,True,train
33025,33024,909930,1843488,909932,1239,0,2,33025,True,train
33033,543311,1570339,1737405,1737404,1239,0,2,33033,True,id_novel_genus
33037,165779,1570339,1737405,1737404,1239,0,2,33037,True,train
33038,2316020,186803,186802,186801,1239,0,2,33038,True,id_novel_genus
33045,773,772,356,28211,1224,0,2,33045,True,train
33070,2881385,2881384,2881383,3028117,1117,0,2,33070,True,ood_novel_family
33072,33071,1890422,307595,3028117,1117,0,2,33072,True,train
33074,33073,28256,135619,1236,1224,0,2,33074,True,train
33075,33973,204434,204433,204432,57723,0,2,33075,True,train
331696,556257,335928,356,28211,1224,0,2,331696,True,id_novel_genus
332055,165695,41297,204457,28211,1224,0,2,332055,True,train
332158,332157,2896860,768507,768503,976,0,2,332158,True,train
332249,332248,332247,2762275,188787,1297,0,2,332249,True,train
332410,33986,0,1385,91061,1239,0,2,332410,True,train
334543,497,468,2887326,1236,1224,0,2,334543,True,train
336261,336260,3029089,649776,649775,508458,0,2,336261,True,train
336810,336809,0,200644,117743,976,0,2,336810,True,train
336988,46254,33958,186826,91061,1239,0,2,336988,True,train
338565,551,1903409,91347,1236,1224,0,2,338565,True,train
338584,338583,28056,85008,1760,201174,0,2,338584,True,train
338645,338648,68298,186802,186801,1239,0,2,338645,True,id_novel_genus
33871,33870,84107,84999,84998,201174,0,2,33871,True,train
33888,33886,85023,85006,1760,201174,0,2,33888,True,train
33903,1883,2062,85011,1760,201174,0,2,33903,True,train
33934,150247,186817,1385,91061,1239,0,2,33934,True,train
33936,1055323,186817,1385,91061,1239,0,2,33936,True,train
33943,1129704,186823,1385,91061,1239,0,2,33943,True,train
33952,33951,186806,186802,186801,1239,0,2,33952,True,id_novel_genus
33959,1578,33958,186826,91061,1239,0,2,33959,True,train
33970,33969,81852,186826,91061,1239,0,2,33970,True,id_novel_genus
33996,89583,433,204441,28211,1224,0,2,33996,True,train
34,32,31,29,32015,2818505,0,2,34,True,train
34018,1081,41295,204441,28211,1224,0,2,34018,True,train
34029,88,2975441,80840,28216,1224,0,2,34029,True,ood_novel_family
340345,65496,2070,85010,1760,201174,0,2,340345,True,id_novel_genus
34038,34037,1903411,91347,1236,1224,0,2,34038,True,train
34070,34069,75682,80840,28216,1224,0,2,34070,True,id_novel_genus
34073,34072,80864,80840,28216,1224,0,2,34073,True,train
34085,34084,2762318,200644,117743,976,0,2,34085,True,train
341045,963,75682,80840,28216,1224,0,2,341045,True,train
34105,34104,1129771,203491,203490,32066,0,2,34105,True,train
342950,2547964,267890,135622,1236,1224,0,2,342950,True,ood_novel_family
343403,343334,49546,200644,117743,976,0,2,343403,True,ood_novel_family
343874,59734,2762318,200644,117743,976,0,2,343874,True,id_novel_genus
347534,347533,84642,135624,1236,1224,0,2,347534,True,train
349221,213485,213483,213481,3031418,3018035,0,2,349221,True,train
351052,133193,72276,135613,1236,1224,0,2,351052,True,train
351604,2910589,213422,3031668,3031651,200940,0,2,351604,True,id_novel_genus
352475,323620,82115,356,28211,1224,0,2,352475,True,id_novel_genus
354,352,135621,72274,1236,1224,0,2,354,True,id_novel_genus
354356,354354,563835,1853229,1853228,976,0,2,354356,True,ood_novel_family
355243,515417,135620,135619,1236,1224,0,2,355243,True,train
35554,28231,213422,3031668,3031651,200940,0,2,35554,True,train
356322,79598,31984,186802,186801,1239,0,2,356322,True,train
35701,2831443,31984,186802,186801,1239,0,2,35701,True,train
357794,67572,267894,135622,1236,1224,0,2,357794,True,train
35786,68335,2138247,2138246,2138243,2138240,0,2,35786,True,train
35806,34008,31989,204455,28211,1224,0,2,35806,True,train
35841,1276290,186817,1385,91061,1239,0,2,35841,True,id_novel_genus
359408,359407,32011,32003,28216,1224,0,2,359408,True,ood_novel_family
361111,361106,213465,213462,3024408,200940,0,2,361111,True,train
361183,361177,335929,204457,28211,1224,0,2,361183,True,train
362787,282132,92713,1963360,204429,204428,0,2,362787,True,ood_novel_family
364317,364316,80864,80840,28216,1224,0,2,364317,True,train
364410,364409,433,204441,28211,1224,0,2,364410,True,train
365349,365348,1843490,909929,909932,1239,0,2,365349,True,train
36835,1506577,186803,186802,186801,1239,0,2,36835,True,train
36861,919,2008790,32003,28216,1224,0,2,36861,True,train
36863,36862,2975441,80840,28216,1224,0,2,36863,True,ood_novel_family
36873,1822464,119060,80840,28216,1224,0,2,36873,True,train
370038,2905722,194924,213115,3031449,200940,0,2,370038,True,train
370405,96,90627,32003,28216,1224,0,2,370405,True,id_novel_genus
370777,490567,32033,135614,1236,1224,0,2,370777,True,train
371036,2837503,186817,1385,91061,1239,0,2,371036,True,train
37329,1817,85025,85007,1760,201174,0,2,37329,True,train
373994,373984,1185,1161,3028117,1117,0,2,373994,True,train
37482,292635,186824,1385,91061,1239,0,2,37482,True,id_novel_genus
37487,85076,1046,135613,1236,1224,0,2,37487,True,train
375175,2767889,33958,186826,91061,1239,0,2,375175,True,id_novel_genus
375929,375928,485255,485256,186801,1239,0,2,375929,True,ood_novel_family
376489,376488,28256,135619,1236,1224,0,2,376489,True,train
376490,2910986,194924,213115,3031449,200940,0,2,376490,True,train
376805,909656,815,171549,200643,976,0,2,376805,True,train
37692,33926,2146,186329,31969,544448,0,2,37692,True,id_novel_genus
37734,1350,81852,186826,91061,1239,0,2,37734,True,train
377615,76632,186822,1385,91061,1239,0,2,377615,True,train
379064,102234,2815910,1118,3028117,1117,0,2,379064,True,train
37927,596707,1268,85006,1760,201174,0,2,37927,True,train
37931,1742992,1268,85006,1760,201174,0,2,37931,True,train
379347,2083206,31989,204455,28211,1224,0,2,379347,True,train
379893,158851,543,91347,1236,1224,0,2,379893,True,train
382,28105,82115,356,28211,1224,0,2,382,True,train
38289,1716,1653,85007,1760,201174,0,2,38289,True,train
385025,34067,135616,72273,1236,1224,0,2,385025,True,id_novel_genus
386487,1541743,0,0,1236,1224,0,2,386487,True,train
386490,459532,186817,1385,91061,1239,0,2,386490,True,train
386891,475,468,2887326,1236,1224,0,2,386891,True,id_novel_genus
387092,269258,2795691,235899,3031852,29547,0,2,387092,True,train
388408,150830,2821832,356,28211,1224,0,2,388408,True,train
388413,246875,563798,768507,768503,976,0,2,388413,True,id_novel_genus
38986,2903105,2146,186329,31969,544448,0,2,38986,True,train
390884,390846,563798,768507,768503,976,0,2,390884,True,train
39122,59613,85026,85007,1760,201174,0,2,39122,True,train
391953,391952,2975441,80840,28216,1224,0,2,391953,True,ood_novel_family
392593,644355,2975441,80840,28216,1224,0,2,392593,True,ood_novel_family
393662,393661,1706372,1706369,1236,1224,0,2,393662,True,train
393765,393764,0,0,1236,1224,0,2,393765,True,id_novel_genus
39483,1573534,128827,526525,526524,1239,0,2,39483,True,train
39485,28050,186803,186802,186801,1239,0,2,39485,True,train
39488,2569097,186803,186802,186801,1239,0,2,39488,True,train
395631,447792,543,91347,1236,1224,0,2,395631,True,train
395922,442430,3056371,415001,414999,74201,0,2,395922,True,train
397260,13687,41297,204457,28211,1224,0,2,397260,True,train
39766,202746,2771471,213849,3031852,29547,0,2,39766,True,train
39775,39773,403,135618,1236,1224,0,2,39775,True,train
397865,397864,2005519,171549,200643,976,0,2,397865,True,train
398,379,82115,356,28211,1224,0,2,398,True,train
398743,417127,49546,200644,117743,976,0,2,398743,True,ood_novel_family
399,1525371,82115,356,28211,1224,0,2,399,True,train
399736,46352,85023,85006,1760,201174,0,2,399736,True,train
400092,323449,1853232,768507,768503,976,0,2,400092,True,ood_novel_family
400770,46913,2831106,356,28211,1224,0,2,400770,True,ood_novel_family
40091,31983,1570339,1737405,1737404,1239,0,2,40091,True,train
400946,582472,3018589,135615,1236,1224,0,2,400946,True,train
40137,1033,41294,356,28211,1224,0,2,40137,True,train
401471,401469,75682,80840,28216,1224,0,2,401471,True,train
401619,401618,543,91347,1236,1224,0,2,401619,True,train
405,404,32011,32003,28216,1224,0,2,405,True,ood_novel_family
405212,29330,186823,1385,91061,1239,0,2,405212,True,train
40542,32067,1129771,203491,203490,32066,0,2,40542,True,train
40567,40566,2070,85010,1760,201174,0,2,40567,True,train
40577,626,1903414,91347,1236,1224,0,2,40577,True,train
406548,1511635,1763524,2691356,203683,203682,0,2,406548,True,train
407035,45669,90964,1385,91061,1239,0,2,407035,True,id_novel_genus
41,40,39,29,32015,2818505,0,2,41,True,train
410072,33042,186803,186802,186801,1239,0,2,410072,True,train
411153,292691,49546,200644,117743,976,0,2,411153,True,ood_novel_family
411483,216851,216572,186802,186801,1239,0,2,411483,True,train
41202,41201,1903411,91347,1236,1224,0,2,41202,True,train
412034,412033,412032,0,1236,1224,0,2,412034,True,train
412384,2800373,186817,1385,91061,1239,0,2,412384,True,train
412593,412592,0,32069,187857,200783,0,2,412593,True,train
412690,518733,85023,85006,1760,201174,0,2,412690,True,id_novel_genus
412963,2571159,119060,80840,28216,1224,0,2,412963,True,train
412965,2732587,0,0,1236,1224,0,2,412965,True,train
413882,196013,2975441,80840,28216,1224,0,2,413882,True,ood_novel_family
414,413,403,135618,1236,1224,0,2,414,True,train
414996,1849,622451,622450,1760,201174,0,2,414996,True,train
415229,83618,32033,135614,1236,1224,0,2,415229,True,train
416213,416212,1442156,1442155,28216,1224,0,2,416213,True,train
418699,12960,2008794,206389,28216,1224,0,2,418699,True,train
418701,418700,449732,135619,1236,1224,0,2,418701,True,train
419479,281472,1217100,1217098,1760,201174,0,2,419479,True,train
41977,2891322,2008794,206389,28216,1224,0,2,41977,True,train
421,416,403,135618,1236,1224,0,2,421,True,train
421628,1051,72276,135613,1236,1224,0,2,421628,True,id_novel_genus
42253,1234,189779,189778,203693,40117,0,2,42253,True,train
423351,423349,84566,200666,117747,976,0,2,423351,True,train
423605,423604,641876,641854,641853,74152,0,2,423605,True,train
42422,42417,53434,53433,186801,1239,0,2,42422,True,train
42443,2433,2854170,204455,28211,1224,0,2,42443,True,train
426,425,31993,356,28211,1224,0,2,426,True,train
426114,32012,0,80840,28216,1224,0,2,426114,True,train
427923,427922,213121,3024411,3031451,200940,0,2,427923,True,train
42838,42837,186814,68295,186801,1239,0,2,42838,True,ood_novel_family
428712,428711,3029088,649776,649775,508458,0,2,428712,True,train
43,42,39,29,32015,2818505,0,2,43,True,id_novel_genus
430679,245876,69277,356,28211,1224,0,2,430679,True,train
43305,830,186803,186802,186801,1239,0,2,43305,True,train
43357,43356,2070,85010,1760,201174,0,2,43357,True,train
436,2919364,433,204441,28211,1224,0,2,436,True,train
43669,43668,85020,85006,1760,201174,0,2,43669,True,id_novel_genus
43674,43673,85022,85006,1760,201174,0,2,43674,True,train
437505,437504,449719,135613,1236,1224,0,2,437505,True,train
43767,2979332,85025,85007,1760,201174,0,2,43767,True,train
437897,158846,1843491,909929,909932,1239,0,2,437897,True,id_novel_genus
43948,43947,84642,135624,1236,1224,0,2,43948,True,train
44001,44000,543371,68295,186801,1239,0,2,44001,True,train
44012,44011,267892,135622,1236,1224,0,2,44012,True,train
441209,119541,31989,204455,28211,1224,0,2,441209,True,train
442,441,433,204441,28211,1224,0,2,442,True,train
443156,2805645,85021,85006,1760,201174,0,2,443156,True,train
445710,231454,1775411,135614,1236,1224,0,2,445710,True,train
446660,447020,1643826,1643822,84998,201174,0,2,446660,True,train
446683,379899,563835,1853229,1853228,976,0,2,446683,True,ood_novel_family
446692,434,433,204441,28211,1224,0,2,446692,True,train
447471,447467,1706371,1706369,1236,1224,0,2,447471,True,train
450,445,444,118969,1236,1224,0,2,450,True,train
450734,1839,85015,85009,1760,201174,0,2,450734,True,train
453162,453161,90627,32003,28216,1224,0,2,453162,True,train
453230,453229,453228,453227,3031646,200940,0,2,453230,True,train
453304,33877,85023,85006,1760,201174,0,2,453304,True,train
453816,2862745,213483,213481,3031418,3018035,0,2,453816,True,id_novel_genus
454155,577309,171552,171549,200643,976,0,2,454155,True,train
454171,1077265,1077264,1077263,1077257,67819,0,2,454171,True,train
454601,623276,2831106,356,28211,1224,0,2,454601,True,ood_novel_family
45497,2794837,2992719,1737405,1737404,1239,0,2,45497,True,train
45656,45654,2931039,213118,3024418,200940,0,2,45656,True,train
45663,45662,213117,213115,3031449,200940,0,2,45663,True,train
456827,456826,3039865,3039864,3039863,456828,0,2,456827,True,ood_novel_family
457083,111782,119859,1161,3028117,1117,0,2,457083,True,train
458033,458032,0,0,1562566,57723,0,2,458033,True,train
46124,117563,186828,186826,91061,1239,0,2,46124,True,id_novel_genus
46125,46123,186827,186826,91061,1239,0,2,46125,True,ood_novel_family
46165,1988,2012,85012,1760,201174,0,2,46165,True,train
463,461,444,118969,1236,1224,0,2,463,True,train
465721,469322,2689614,1775403,1236,1224,0,2,465721,True,train
466153,466152,1763524,2691356,203683,203682,0,2,466153,True,train
467094,682522,2448023,84993,84992,201174,0,2,467094,True,train
467976,467975,633392,84993,84992,201174,0,2,467976,True,id_novel_genus
471189,644652,1643826,1643822,84998,201174,0,2,471189,True,train
471827,471826,186807,186802,186801,1239,0,2,471827,True,train
472569,472568,85020,85006,1760,201174,0,2,472569,True,train
472834,472825,543,91347,1236,1224,0,2,472834,True,train
47671,47670,119060,80840,28216,1224,0,2,47671,True,train
47735,476528,712,135625,1236,1224,0,2,47735,True,id_novel_genus
477641,88138,85030,1643682,1760,201174,0,2,477641,True,train
477680,649460,563835,1853229,1853228,976,0,2,477680,True,ood_novel_family
477976,545865,2945021,191393,68337,200930,0,2,477976,True,train
47850,1873,28056,85008,1760,201174,0,2,47850,True,train
47960,2035712,2035710,135613,1236,1224,0,2,47960,True,train
48,47,39,29,32015,2818505,0,2,48,True,train
480520,76831,49546,200644,117743,976,0,2,480520,True,ood_novel_family
482957,32008,119060,80840,28216,1224,0,2,482957,True,id_novel_genus
48296,469,468,2887326,1236,1224,0,2,48296,True,train
483545,83677,83676,85012,1760,201174,0,2,483545,True,id_novel_genus
483547,392332,3031665,69541,3031651,200940,0,2,483547,True,train
485447,137583,267889,135622,1236,1224,0,2,485447,True,train
48935,165696,41297,204457,28211,1224,0,2,48935,True,id_novel_genus
489910,489909,90964,1385,91061,1239,0,2,489910,True,train
49118,49082,31979,186802,186801,1239,0,2,49118,True,id_novel_genus
49319,42255,84997,84996,84995,201174,0,2,49319,True,train
49338,36853,2937909,186802,186801,1239,0,2,49338,True,train
496014,2600304,2600303,84996,84995,201174,0,2,496014,True,train
496056,1773450,84566,200666,117747,976,0,2,496056,True,train
496866,1754,186814,68295,186801,1239,0,2,496866,True,ood_novel_family
497725,1330547,543,91347,1236,1224,0,2,497725,True,train
499229,499228,2770092,2770089,186801,1239,0,2,499229,True,train
499555,37914,85029,85007,1760,201174,0,2,499555,True,train
500,499,189777,189776,189775,3027942,0,2,500,True,train
504468,504465,433,204441,28211,1224,0,2,504468,True,train
505,32257,481,206351,28216,1224,0,2,505,True,train
511,507,506,80840,28216,1224,0,2,511,True,train
511062,129577,84642,135624,1236,1224,0,2,511062,True,id_novel_genus
511435,511434,0,171549,200643,976,0,2,511435,True,train
51173,160795,186818,1385,91061,1239,0,2,51173,True,train
511746,511745,717964,717963,1955630,74201,0,2,511746,True,train
51197,51196,2937909,186802,186801,1239,0,2,51197,True,train
51229,51228,1903409,91347,1236,1224,0,2,51229,True,train
51515,51514,186807,186802,186801,1239,0,2,51515,True,train
516075,586,1903414,91347,1236,1224,0,2,516075,True,train
51664,2767884,33958,186826,91061,1239,0,2,51664,True,train
51665,1375,186827,186826,91061,1239,0,2,51665,True,ood_novel_family
51669,51668,81852,186826,91061,1239,0,2,51669,True,train
519472,2737,81852,186826,91061,1239,0,2,519472,True,train
52,50,49,3031712,0,2818505,0,2,52,True,train
52022,2935559,188786,68933,188787,1297,0,2,52022,True,train
521689,1056,1046,135613,1236,1224,0,2,521689,True,train
521720,2901261,135621,72274,1236,1224,0,2,521720,True,id_novel_genus
529884,529883,85023,85006,1760,201174,0,2,529884,True,id_novel_genus
530584,142577,2070,85010,1760,201174,0,2,530584,True,train
531813,1082930,2831106,356,28211,1224,0,2,531813,True,ood_novel_family
533,532,45404,356,28211,1224,0,2,533,True,train
53336,82986,1903409,91347,1236,1224,0,2,53336,True,train
53358,53357,85021,85006,1760,201174,0,2,53358,True,train
53362,35753,28056,85008,1760,201174,0,2,53362,True,train
53399,81,45401,356,28211,1224,0,2,53399,True,train
53442,1730,186806,186802,186801,1239,0,2,53442,True,train
53444,2767881,33958,186826,91061,1239,0,2,53444,True,id_novel_genus
53461,53460,85031,1643684,1760,201174,0,2,53461,True,train
53501,335927,2854170,204455,28211,1224,0,2,53501,True,id_novel_genus
535744,413496,543,91347,1236,1224,0,2,535744,True,id_novel_genus
53635,53634,84994,84993,84992,201174,0,2,53635,True,train
538381,152161,2821832,356,28211,1224,0,2,538381,True,train
54005,162289,1570339,1737405,1737404,1239,0,2,54005,True,train
540747,74030,2854170,204455,28211,1224,0,2,540747,True,train
542,541,2844881,204457,28211,1224,0,2,542,True,train
54299,54298,1890528,1890505,3028117,1117,0,2,54299,True,ood_novel_family
543877,2800685,335929,204457,28211,1224,0,2,543877,True,id_novel_genus
545,544,543,91347,1236,1224,0,2,545,True,train
545619,665568,85016,85006,1760,201174,0,2,545619,True,train
546871,53387,85015,85009,1760,201174,0,2,546871,True,train
547143,168657,64898,32069,187857,200783,0,2,547143,True,id_novel_genus
547188,666508,666507,666506,666505,203682,0,2,547188,True,id_novel_genus
551760,551759,75787,206389,28216,1224,0,2,551760,True,id_novel_genus
55206,1911556,137,136,203692,203691,0,2,55206,True,train
553,53335,1903409,91347,1236,1224,0,2,553,True,train
553814,12916,80864,80840,28216,1224,0,2,553814,True,id_novel_genus
553981,2796146,1046,135613,1236,1224,0,2,553981,True,train
55508,29580,75682,80840,28216,1224,0,2,55508,True,train
55583,56112,2937909,186802,186801,1239,0,2,55583,True,train
556,204037,1903410,91347,1236,1224,0,2,556,True,id_novel_genus
556287,34019,82115,356,28211,1224,0,2,556287,True,train
556325,1868332,1268,85006,1760,201174,0,2,556325,True,id_novel_genus
556499,1743,31957,85009,1760,201174,0,2,556499,True,train
56,39643,49,3031712,0,2818505,0,2,56,True,train
561061,28453,84566,200666,117747,976,0,2,561061,True,train
561184,1434019,2854170,204455,28211,1224,0,2,561184,True,train
562,561,543,91347,1236,1224,0,2,562,True,id_novel_genus
563,1335483,543,91347,1236,1224,0,2,563,True,train
564137,1209946,31989,204455,28211,1224,0,2,564137,True,train
56438,56433,28056,85008,1760,201174,0,2,56438,True,id_novel_genus
56459,338,32033,135614,1236,1224,0,2,56459,True,id_novel_genus
565,1903434,543,91347,1236,1224,0,2,565,True,train
566,2055880,543,91347,1236,1224,0,2,566,True,train
569,568,1903412,91347,1236,1224,0,2,569,True,train
569860,1156568,45404,356,28211,1224,0,2,569860,True,id_novel_genus
570278,1400133,186817,1385,91061,1239,0,2,570278,True,train
57029,83612,49546,200644,117743,976,0,2,57029,True,ood_novel_family
571177,2299,3031624,213118,3024418,200940,0,2,571177,True,train
571913,745364,145357,85006,1760,201174,0,2,571913,True,train
573,570,543,91347,1236,1224,0,2,573,True,train
573501,283735,49546,200644,117743,976,0,2,573501,True,ood_novel_family
573658,573657,0,356,28211,1224,0,2,573658,True,id_novel_genus
57480,57479,1499392,206351,28216,1224,0,2,57480,True,train
575378,504481,563835,1853229,1853228,976,0,2,575378,True,ood_novel_family
576131,1434014,2854170,204455,28211,1224,0,2,576131,True,train
576611,44013,119060,80840,28216,1224,0,2,576611,True,train
577489,65097,1890450,1118,3028117,1117,0,2,577489,True,train
58138,2282742,186807,186802,186801,1239,0,2,58138,True,train
58180,2909705,194924,213115,3031449,200940,0,2,58180,True,id_novel_genus
582,581,1903414,91347,1236,1224,0,2,582,True,train
584,583,1903414,91347,1236,1224,0,2,584,True,train
585455,1273155,0,135613,1236,1224,0,2,585455,True,train
591197,795750,795749,795748,795747,1134404,0,2,591197,True,train
593909,68287,69277,356,28211,1224,0,2,593909,True,train
594679,1869285,34064,72273,1236,1224,0,2,594679,True,train
59505,1653174,2049,2037,1760,201174,0,2,59505,True,train
595468,2692113,2049,2037,1760,201174,0,2,595468,True,train
59600,104264,49546,200644,117743,976,0,2,59600,True,ood_novel_family
59610,2916693,186807,186802,186801,1239,0,2,59610,True,train
59754,59753,224372,135619,1236,1224,0,2,59754,True,ood_novel_family
59930,167375,2881426,1890424,3028117,1117,0,2,59930,True,train
604330,2847312,1643824,84999,84998,201174,0,2,604330,True,train
60890,302485,2854170,204455,28211,1224,0,2,60890,True,train
60893,60892,3031656,3031655,3031647,200940,0,2,60893,True,train
60920,60919,145360,85006,1760,201174,0,2,60920,True,train
61435,61434,1202464,1202465,301297,200795,0,2,61435,True,train
61635,2903107,2146,186329,31969,544448,0,2,61635,True,train
61648,579,543,91347,1236,1224,0,2,61648,True,id_novel_genus
616991,178469,49546,200644,117743,976,0,2,616991,True,ood_novel_family
617123,1164882,186803,186802,186801,1239,0,2,617123,True,train
62088,64895,1643685,136,203692,203691,0,2,62088,True,train
62140,522,433,204441,28211,1224,0,2,62140,True,train
622488,262,34064,72273,1236,1224,0,2,622488,True,train
623,620,543,91347,1236,1224,0,2,623,True,id_novel_genus
626937,990721,990719,186802,186801,1239,0,2,626937,True,train
63,59,481,206351,28216,1224,0,2,63,True,train
63186,112040,49546,200644,117743,976,0,2,63186,True,ood_novel_family
632,629,1903411,91347,1236,1224,0,2,632,True,train
63363,2713,64898,32069,187857,200783,0,2,63363,True,train
634113,637,1903414,91347,1236,1224,0,2,634113,True,train
63612,84565,2812006,91347,1236,1224,0,2,63612,True,train
63745,314343,90627,32003,28216,1224,0,2,63745,True,train
637971,2767886,33958,186826,91061,1239,0,2,637971,True,train
638849,638847,3029088,649776,649775,508458,0,2,638849,True,train
639200,34102,2975441,80840,28216,1224,0,2,639200,True,ood_novel_family
639313,697025,3040680,85007,1760,201174,0,2,639313,True,train
64160,64159,558314,1485951,187857,200783,0,2,64160,True,train
642780,86795,85015,85009,1760,201174,0,2,642780,True,id_novel_genus
645517,2800682,335929,204457,28211,1224,0,2,645517,True,train
649756,207244,186803,186802,186801,1239,0,2,649756,True,train
649841,935200,2772226,32003,28216,1224,0,2,649841,True,id_novel_genus
65093,76023,1890450,1118,3028117,1117,0,2,65093,True,train
651143,861914,2896860,768507,768503,976,0,2,651143,True,train
651457,651456,1643948,1643946,188708,200918,0,2,651457,True,train
651666,459520,135620,135619,1236,1224,0,2,651666,True,id_novel_genus
651822,1434006,3029087,649776,649775,508458,0,2,651822,True,train
655015,133,31993,356,28211,1224,0,2,655015,True,train
65553,57665,2932623,213849,3031852,29547,0,2,65553,True,train
65555,53318,2886822,3024411,3031451,200940,0,2,65555,True,train
656366,1663,1268,85006,1760,201174,0,2,656366,True,train
658062,658061,204434,204433,204432,57723,0,2,658062,True,train
661191,1223423,433,204441,28211,1224,0,2,661191,True,id_novel_genus
661488,1860196,563835,1853229,1853228,976,0,2,661488,True,ood_novel_family
66219,1506553,186803,186802,186801,1239,0,2,66219,True,train
663364,2321115,2808963,213849,3031852,29547,0,2,663364,True,train
665914,2100764,1903409,91347,1236,1224,0,2,665914,True,train
666685,75309,1775411,135614,1236,1224,0,2,666685,True,id_novel_genus
668,511678,641,135623,1236,1224,0,2,668,True,train
669359,669357,1890464,1118,3028117,1117,0,2,669359,True,id_novel_genus
669502,1381133,0,0,28216,1224,0,2,669502,True,train
671077,1006480,543349,186802,186801,1239,0,2,671077,True,train
673,246861,641,135623,1236,1224,0,2,673,True,train
673862,1551504,2497645,2497644,2497643,0,0,2,673862,True,train
674079,1230698,85023,85006,1760,201174,0,2,674079,True,id_novel_genus
674703,29407,45401,356,28211,1224,0,2,674703,True,train
675864,1278221,31957,85009,1760,201174,0,2,675864,True,train
676208,59195,118968,118969,1236,1224,0,2,676208,True,train
682798,1055692,481,206351,28216,1224,0,2,682798,True,train
692036,2051044,1914233,2691355,203683,203682,0,2,692036,True,train
69223,2884243,1903410,91347,1236,1224,0,2,69223,True,train
692370,2800686,335929,204457,28211,1224,0,2,692370,True,train
693075,693074,693073,693072,693071,67814,0,2,693075,True,train
69499,28236,1643949,1643947,188708,200918,0,2,69499,True,id_novel_genus
69823,970,1843491,909929,909932,1239,0,2,69823,True,train
698828,504090,28256,135619,1236,1224,0,2,698828,True,train
69966,69965,90964,1385,91061,1239,0,2,69966,True,train
7,6,335928,356,28211,1224,0,2,7,True,train
703,702,543,91347,1236,1224,0,2,703,True,train
70799,159191,1892259,1161,3028117,1117,0,2,70799,True,train
708113,2874214,0,356,28211,1224,0,2,708113,True,train
708131,1705353,85023,85006,1760,201174,0,2,708131,True,train
712157,1380,1643824,84999,84998,201174,0,2,712157,True,train
713887,1453359,1890450,1118,3028117,1117,0,2,713887,True,train
714,416916,712,135625,1236,1224,0,2,714,True,train
715451,226,72275,135622,1236,1224,0,2,715451,True,train
716,713,712,135625,1236,1224,0,2,716,True,train
71667,71666,92714,1963360,204429,204428,0,2,71667,True,train
716816,1084558,1706375,1706369,1236,1224,0,2,716816,True,train
718192,1407056,267889,135622,1236,1224,0,2,718192,True,train
71999,57493,1268,85006,1760,201174,0,2,71999,True,id_novel_genus
72,71,481,206351,28216,1224,0,2,72,True,train
72557,222,506,80840,28216,1224,0,2,72557,True,train
727,724,712,135625,1236,1224,0,2,727,True,train
728,292486,712,135625,1236,1224,0,2,728,True,train
731,214906,712,135625,1236,1224,0,2,731,True,train
73141,13724,1046,135613,1236,1224,0,2,73141,True,train
738,2094023,712,135625,1236,1224,0,2,738,True,train
73919,73918,539000,186802,186801,1239,0,2,73919,True,train
74033,74032,2854170,204455,28211,1224,0,2,74033,True,train
74313,41275,76892,204458,28211,1224,0,2,74313,True,id_novel_genus
74318,74317,2800061,2800059,28211,1224,0,2,74318,True,train
74426,102106,84107,84999,84998,201174,0,2,74426,True,train
747,745,712,135625,1236,1224,0,2,747,True,train
74700,46238,33925,186328,31969,544448,0,2,74700,True,train
747548,77021,1892259,1161,3028117,1117,0,2,747548,True,train
748280,568394,1499392,206351,28216,1224,0,2,748280,True,train
748811,1054211,2008793,32003,28216,1224,0,2,748811,True,train
75385,116071,85015,85009,1760,201174,0,2,75385,True,train
754429,379070,49546,200644,117743,976,0,2,754429,True,ood_novel_family
754477,40222,135616,72273,1236,1224,0,2,754477,True,train
75697,359336,506,80840,28216,1224,0,2,75697,True,id_novel_genus
758793,1827195,119060,80840,28216,1224,0,2,758793,True,id_novel_genus
76123,2974257,171552,171549,200643,976,0,2,76123,True,train
76259,88875,2008795,206389,28216,1224,0,2,76259,True,train
762954,1204360,49546,200644,117743,976,0,2,762954,True,ood_novel_family
76731,93681,2975441,80840,28216,1224,0,2,76731,True,ood_novel_family
767892,767891,0,0,28211,1224,0,2,767892,True,id_novel_genus
76859,848,203492,203491,203490,32066,0,2,76859,True,train
770,768,942,766,28211,1224,0,2,770,True,id_novel_genus
777,776,118968,118969,1236,1224,0,2,777,True,train
781,780,775,766,28211,1224,0,2,781,True,train
78258,196082,31953,85004,1760,201174,0,2,78258,True,id_novel_genus
78259,196081,31953,85004,1760,201174,0,2,78259,True,train
784,69474,775,766,28211,1224,0,2,784,True,id_novel_genus
78587,76890,76892,204458,28211,1224,0,2,78587,True,train
79209,79206,2937909,186802,186801,1239,0,2,79209,True,id_novel_genus
79329,79328,563835,1853229,1853228,976,0,2,79329,True,ood_novel_family
79604,79603,1643826,1643822,84998,201174,0,2,79604,True,train
79883,2837511,186817,1385,91061,1239,0,2,79883,True,id_novel_genus
79885,2893060,186817,1385,91061,1239,0,2,79885,True,train
80679,156885,1046,135613,1236,1224,0,2,80679,True,id_novel_genus
80816,162027,224464,3031714,0,2818505,0,2,80816,True,train
80849,953,942,766,28211,1224,0,2,80849,True,train
80866,80865,80864,80840,28216,1224,0,2,80866,True,train
80867,3051137,80864,80840,28216,1224,0,2,80867,True,train
80880,232523,80864,80840,28216,1224,0,2,80880,True,id_novel_genus
81032,85,69657,2800060,28211,1224,0,2,81032,True,train
813,810,809,51291,204429,204428,0,2,813,True,train
81412,81411,649777,649776,649775,508458,0,2,81412,True,train
81462,81461,649777,649776,649775,508458,0,2,81462,True,train
81468,81466,3029087,649776,649775,508458,0,2,81468,True,train
81475,70411,1775411,135614,1236,1224,0,2,81475,True,id_novel_genus
82135,2767327,2049,2037,1760,201174,0,2,82135,True,id_novel_genus
823,375288,2005525,171549,200643,976,0,2,823,True,ood_novel_family
826,32068,1129771,203491,203490,32066,0,2,826,True,train
82654,1152,1890436,2881377,3028117,1117,0,2,82654,True,train
82801,82800,186828,186826,91061,1239,0,2,82801,True,train
82977,82976,543,91347,1236,1224,0,2,82977,True,train
82983,82982,1903412,91347,1236,1224,0,2,82983,True,train
82985,82984,1903416,91347,1236,1224,0,2,82985,True,train
82996,613,1903411,91347,1236,1224,0,2,82996,True,train
83263,31988,69277,356,28211,1224,0,2,83263,True,train
833,832,204431,218872,204430,65842,0,2,833,True,train
83453,44,39,29,32015,2818505,0,2,83453,True,train
83552,83551,92713,1963360,204429,204428,0,2,83552,True,ood_novel_family
83561,34093,92712,1963360,204429,204428,0,2,83561,True,train
83655,83654,543,91347,1236,1224,0,2,83655,True,train
837,836,171551,171549,200643,976,0,2,837,True,ood_novel_family
83771,83770,83763,135624,1236,1224,0,2,83771,True,train
84030,2719231,186803,186802,186801,1239,0,2,84030,True,train
84032,2304693,216572,186802,186801,1239,0,2,84032,True,train
84110,84108,1643826,1643822,84998,201174,0,2,84110,True,train
84135,1378,0,1385,91061,1239,0,2,84135,True,train
84159,13134,41295,204441,28211,1224,0,2,84159,True,id_novel_genus
84163,84162,1643826,1643822,84998,201174,0,2,84163,True,train
84378,29521,143786,1643686,203692,203691,0,2,84378,True,train
844,843,72293,213849,3031852,29547,0,2,844,True,train
84405,84404,3048035,213113,3031853,29547,0,2,84405,True,train
84531,68,32033,135614,1236,1224,0,2,84531,True,train
84590,29574,506,80840,28216,1224,0,2,84590,True,id_novel_genus
847,846,75682,80840,28216,1224,0,2,847,True,train
84757,84756,125316,85006,1760,201174,0,2,84757,True,train
84980,109168,2886822,3024411,3031451,200940,0,2,84980,True,train
85085,1742993,1268,85006,1760,201174,0,2,85085,True,train
85404,75984,712,135625,1236,1224,0,2,85404,True,train
85683,1434042,186817,1385,91061,1239,0,2,85683,True,train
857417,53457,85021,85006,1760,201174,0,2,857417,True,train
85874,140458,186814,68295,186801,1239,0,2,85874,True,ood_novel_family
859144,2675230,186817,1385,91061,1239,0,2,859144,True,train
860235,2029,2070,85010,1760,201174,0,2,860235,True,train
861299,1706036,219687,219686,219685,142182,0,2,861299,True,ood_novel_family
86170,129001,68298,186802,186801,1239,0,2,86170,True,train
863,862,68298,186802,186801,1239,0,2,863,True,train
86304,316625,1706371,1706369,1236,1224,0,2,86304,True,train
86332,86331,543314,186802,186801,1239,0,2,86332,True,train
863643,278993,2937911,186802,186801,1239,0,2,863643,True,train
865,864,1843491,909929,909932,1239,0,2,865,True,train
86665,2893055,186817,1385,91061,1239,0,2,86665,True,train
870,869,868,135615,1236,1224,0,2,870,True,train
870903,392733,204434,204433,204432,57723,0,2,870903,True,id_novel_genus
873,2582840,194924,213115,3031449,200940,0,2,873,True,id_novel_genus
875328,1073531,1762,85007,1760,201174,0,2,875328,True,id_novel_genus
879,2910978,194924,213115,3031449,200940,0,2,879,True,train
880,2794998,194924,213115,3031449,200940,0,2,880,True,train
881,872,194924,213115,3031449,200940,0,2,881,True,train
88431,189330,186803,186802,186801,1239,0,2,88431,True,id_novel_genus
884684,1637257,216572,186802,186801,1239,0,2,884684,True,id_novel_genus
885040,547,543,91347,1236,1224,0,2,885040,True,train
889453,1193324,558415,1970189,200643,976,0,2,889453,True,train
89093,89092,186827,186826,91061,1239,0,2,89093,True,ood_novel_family
89152,2743582,186804,186802,186801,1239,0,2,89152,True,train
89184,97050,2854170,204455,28211,1224,0,2,89184,True,train
894,893,213121,3024411,3031451,200940,0,2,894,True,train
89586,467749,942,766,28211,1224,0,2,89586,True,train
897,896,2931039,213118,3024418,200940,0,2,897,True,train
899,898,213116,213115,3031449,200940,0,2,899,True,ood_novel_family
9,32199,1903409,91347,1236,1224,0,2,9,True,id_novel_genus
90244,90243,506,80840,28216,1224,0,2,90244,True,train
905,904,909930,1843488,909932,1239,0,2,905,True,train
907,906,31977,1843489,909932,1239,0,2,907,True,train
90736,58050,267891,135622,1236,1224,0,2,90736,True,train
911092,249529,186814,68295,186801,1239,0,2,911092,True,ood_novel_family
913,911,41294,356,28211,1224,0,2,913,True,train
913107,1649478,292628,292629,292625,200795,0,2,913107,True,train
915,914,206379,32003,28216,1224,0,2,915,True,ood_novel_family
91604,1521255,1777752,1921002,28211,1224,0,2,91604,True,ood_novel_family
91844,235572,28256,135619,1236,1224,0,2,91844,True,train
91915,91914,433,204441,28211,1224,0,2,91915,True,train
921,152053,335928,356,28211,1224,0,2,921,True,train
927,109262,255526,135613,1236,1224,0,2,927,True,ood_novel_family
927083,1055688,1055686,3031712,0,2818505,0,2,927083,True,train
92945,92944,2854170,204455,28211,1224,0,2,92945,True,train
929813,929812,1903411,91347,1236,1224,0,2,929813,True,id_novel_genus
930802,363408,49546,200644,117743,976,0,2,930802,True,ood_novel_family
930972,1001222,1522127,768507,768503,976,0,2,930972,True,ood_novel_family
931531,1077254,1522127,768507,768503,976,0,2,931531,True,ood_novel_family
93220,93217,119060,80840,28216,1224,0,2,93220,True,train
936456,393029,189770,189769,118001,200938,0,2,936456,True,train
938288,1686313,0,186802,186801,1239,0,2,938288,True,train
938406,1186,2661849,1161,3028117,1117,0,2,938406,True,train
93929,2335,188709,2419,188708,200918,0,2,93929,True,train
94,93,2844601,204441,28211,1224,0,2,94,True,train
940,939,64898,32069,187857,200783,0,2,940,True,train
940614,940557,204434,204433,204432,57723,0,2,940614,True,train
94132,174951,80864,80840,28216,1224,0,2,94132,True,train
941907,2823232,41297,204457,28211,1224,0,2,941907,True,train
94254,120831,2896860,768507,768503,976,0,2,94254,True,train
943830,1395974,41294,356,28211,1224,0,2,943830,True,id_novel_genus
944,943,942,766,28211,1224,0,2,944,True,train
94624,517,506,80840,28216,1224,0,2,94624,True,train
946333,212743,0,80840,28216,1224,0,2,946333,True,train
948519,642,84642,135624,1236,1224,0,2,948519,True,train
951,33993,942,766,28211,1224,0,2,951,True,train
959,958,213483,213481,3031418,3018035,0,2,959,True,train
960,146784,263369,2024979,3031419,3018035,0,2,960,True,train
97084,1652133,1652132,2024979,3031419,3018035,0,2,97084,True,train
97477,49894,3029086,649776,649775,508458,0,2,97477,True,train
980251,2005380,2691357,2691354,203683,203682,0,2,980251,True,train
981385,1172428,2562244,2562243,533205,57723,0,2,981385,True,train
984,84567,84566,200666,117747,976,0,2,984,True,train
985,978,89373,768507,768503,976,0,2,985,True,train
986,237,49546,200644,117743,976,0,2,986,True,ood_novel_family
98671,1742991,1268,85006,1760,201174,0,2,98671,True,train
991904,991903,31989,204455,28211,1224,0,2,991904,True,id_novel_genus
995,929509,84566,200666,117747,976,0,2,995,True,train
999,1937972,1937968,768507,768503,976,0,2,999,True,train
1000373,1299297,1299296,2732540,2732458,2732405,2732396,10239,1000373,True,ood_nonbacterial
1003891,1914293,675068,675063,2732461,2732406,2732396,10239,1003891,True,ood_nonbacterial
1005962,461281,1156497,4892,4891,4890,4751,2759,1005962,True,ood_nonbacterial
100887,12291,675071,2732544,2732461,2732406,2732396,10239,100887,True,ood_nonbacterial
101192,101191,2206,94695,224756,28890,0,2157,101192,True,ood_nonbacterial
10261,10260,10240,2732527,2732525,2732007,2732005,10239,10261,True,ood_nonbacterial
10273,10270,10240,2732527,2732525,2732007,2732005,10239,10273,True,ood_nonbacterial
10276,10275,10240,2732527,2732525,2732007,2732005,10239,10276,True,ood_nonbacterial
10279,10278,10240,2732527,2732525,2732007,2732005,10239,10279,True,ood_nonbacterial
1032474,1298634,324686,0,0,0,0,10239,1032474,True,ood_nonbacterial
1034377,1884454,1513294,11157,2497574,2497569,2732396,10239,1034377,True,ood_nonbacterial
10406,10405,10404,2732515,2732514,2732409,2732397,10239,10406,True,ood_nonbacterial
104580,208294,2946186,2732541,2732459,2732405,2732396,10239,104580,True,ood_nonbacterial
1047171,1047167,93133,2726947,147541,4890,4751,2759,1047171,True,ood_nonbacterial
1048396,1209988,1963271,1644055,183963,28890,0,2157,1048396,True,ood_nonbacterial
10484,2948762,2946196,0,0,0,0,10239,10484,True,ood_nonbacterial
1048434,2169649,39729,2732550,2732507,2732408,2732396,10239,1048434,True,ood_nonbacterial
10497,39743,137992,2732526,2732525,2732007,2732005,10239,10497,True,ood_nonbacterial
10506,181083,10501,2732524,2732523,2732007,2732005,10239,10506,True,ood_nonbacterial
10561,333921,151340,2732533,2732421,2732415,2732092,10239,10561,True,ood_nonbacterial
10564,325454,151340,2732533,2732421,2732415,2732092,10239,10564,True,ood_nonbacterial
10567,325456,151340,2732533,2732421,2732415,2732092,10239,10567,True,ood_nonbacterial
1056831,2948788,0,0,2731619,2731618,2731360,10239,1056831,True,ood_nonbacterial
10570,333750,151340,2732533,2732421,2732415,2732092,10239,10570,True,ood_nonbacterial
10623,325457,151340,2732533,2732421,2732415,2732092,10239,10623,True,ood_nonbacterial
106284,1623298,0,0,2731619,2731618,2731360,10239,106284,True,ood_nonbacterial
10661,10660,10659,2732560,2732529,2732008,2732005,10239,10661,True,ood_nonbacterial
10665,10663,2946170,0,2731619,2731618,2731360,10239,10665,True,ood_nonbacterial
10677,186777,0,0,2731619,2731618,2731360,10239,10677,True,ood_nonbacterial
10678,186789,0,0,2731619,2731618,2731360,10239,10678,True,ood_nonbacterial
10679,140410,2946167,0,2731619,2731618,2731360,10239,10679,True,ood_nonbacterial
10683,2843463,0,0,2731619,2731618,2731360,10239,10683,True,ood_nonbacterial
10685,1857845,2560065,0,2731619,2731618,2731360,10239,10685,True,ood_nonbacterial
10690,1196844,2946167,0,2731619,2731618,2731360,10239,10690,True,ood_nonbacterial
1069378,1987146,0,0,2731619,2731618,2731360,10239,1069378,True,ood_nonbacterial
10708,1623286,0,0,2731619,2731618,2731360,10239,10708,True,ood_nonbacterial
10710,186765,0,0,2731619,2731618,2731360,10239,10710,True,ood_nonbacterial
10726,187218,2731690,0,2731619,2731618,2731360,10239,10726,True,ood_nonbacterial
1073767,2842816,2731691,0,2731619,2731618,2731360,10239,1073767,True,ood_nonbacterial
1073996,1450140,1963271,1644055,183963,28890,0,2157,1073996,True,ood_nonbacterial
10742,2843034,0,0,2731619,2731618,2731360,10239,10742,True,ood_nonbacterial
1074214,2948727,2946178,2732536,2732423,2732416,2732092,10239,1074214,True,ood_nonbacterial
1074325,39749,39748,2732549,2732505,2732408,2732396,10239,1074325,True,ood_nonbacterial
10752,371730,2842329,0,2731619,2731618,2731360,10239,10752,True,ood_nonbacterial
10756,186846,2842328,0,2731619,2731618,2731360,10239,10756,True,ood_nonbacterial
1076255,2005509,10240,2732527,2732525,2732007,2732005,10239,1076255,True,ood_nonbacterial
10778,2842397,2842328,0,2731619,2731618,2731360,10239,10778,True,ood_nonbacterial
10837,10812,10811,2732539,2732424,2732416,2732092,10239,10837,True,ood_nonbacterial
10847,1910954,10841,2732414,2732413,2732412,2732091,10239,10847,True,ood_nonbacterial
1084719,2843376,0,0,2731619,2731618,2731360,10239,1084719,True,ood_nonbacterial
10855,10852,10841,2732414,2732413,2732412,2732091,10239,10855,True,ood_nonbacterial
10862,2732872,10860,2732094,2732411,2732410,2732090,10239,10862,True,ood_nonbacterial
10869,1977142,10860,2732094,2732411,2732410,2732090,10239,10869,True,ood_nonbacterial
1091052,2169534,2169529,0,2731619,2731618,2731360,10239,1091052,True,ood_nonbacterial
109270,2169665,11632,2169561,2732514,2732409,2732397,10239,109270,True,ood_nonbacterial
10991,10985,2946186,2732541,2732459,2732405,2732396,10239,10991,True,ood_nonbacterial
11020,11019,11018,2732544,2732461,2732406,2732396,10239,11020,True,ood_nonbacterial
1105381,2219055,0,464095,2732506,2732408,2732396,10239,1105381,True,ood_nonbacterial
1109716,1982375,0,0,2731619,2731618,2731360,10239,1109716,True,ood_nonbacterial
111955,69655,118883,2281,183924,28889,0,2157,111955,True,ood_nonbacterial
112437,156207,39729,2732550,2732507,2732408,2732396,10239,112437,True,ood_nonbacterial
1124849,2733122,0,0,2731619,2731618,2731360,10239,1124849,True,ood_nonbacterial
113608,113604,4893,4892,4891,4890,4751,2759,113608,True,ood_nonbacterial
113653,190818,2232,2231,183980,28890,0,2157,113653,True,ood_nonbacterial
1141134,1623283,2943001,0,2731619,2731618,2731360,10239,1141134,True,ood_nonbacterial
11569,35323,11308,2499411,2497577,2497569,2732396,10239,11569,True,ood_nonbacterial
1157339,1511856,1511855,0,0,0,0,10239,1157339,True,ood_nonbacterial
1159556,124426,34397,5125,147550,4890,4751,2759,1159556,True,ood_nonbacterial
115987,1912143,2946170,0,2731619,2731618,2731360,10239,115987,True,ood_nonbacterial
1159906,1159901,11118,76804,2732506,2732408,2732396,10239,1159906,True,ood_nonbacterial
115991,2842979,2946170,0,2731619,2731618,2731360,10239,115991,True,ood_nonbacterial
116056,413970,39740,2732544,2732461,2732406,2732396,10239,116056,True,ood_nonbacterial
117187,5506,110618,5125,147550,4890,4751,2759,117187,True,ood_nonbacterial
11723,11646,11632,2169561,2732514,2732409,2732397,10239,11723,True,ood_nonbacterial
11757,140052,11632,2169561,2732514,2732409,2732397,10239,11757,True,ood_nonbacterial
1176145,334211,151340,2732533,2732421,2732415,2732092,10239,1176145,True,ood_nonbacterial
1176146,936057,151340,2732533,2732421,2732415,2732092,10239,1176146,True,ood_nonbacterial
1176147,935635,151340,2732533,2732421,2732415,2732092,10239,1176147,True,ood_nonbacterial
1176148,934799,151340,2732533,2732421,2732415,2732092,10239,1176148,True,ood_nonbacterial
1176149,936058,151340,2732533,2732421,2732415,2732092,10239,1176149,True,ood_nonbacterial
1177757,934802,151340,2732533,2732421,2732415,2732092,10239,1177757,True,ood_nonbacterial
1177758,934800,151340,2732533,2732421,2732415,2732092,10239,1177758,True,ood_nonbacterial
1177762,935650,151340,2732533,2732421,2732415,2732092,10239,1177762,True,ood_nonbacterial
1177763,936061,151340,2732533,2732421,2732415,2732092,10239,1177763,True,ood_nonbacterial
1177764,936056,151340,2732533,2732421,2732415,2732092,10239,1177764,True,ood_nonbacterial
1177765,935646,151340,2732533,2732421,2732415,2732092,10239,1177765,True,ood_nonbacterial
1177766,934803,151340,2732533,2732421,2732415,2732092,10239,1177766,True,ood_nonbacterial
1177767,935641,151340,2732533,2732421,2732415,2732092,10239,1177767,True,ood_nonbacterial
118140,118139,12058,464095,2732506,2732408,2732396,10239,118140,True,ood_nonbacterial
11885,153057,11632,2169561,2732514,2732409,2732397,10239,11885,True,ood_nonbacterial
1188794,2560159,0,0,2731619,2731618,2731360,10239,1188794,True,ood_nonbacterial
1190451,1636617,0,0,2731619,2731618,2731360,10239,1190451,True,ood_nonbacterial
1195085,2733102,0,0,2731619,2731618,2731360,10239,1195085,True,ood_nonbacterial
11983,142786,11974,464095,2732506,2732408,2732396,10239,11983,True,ood_nonbacterial
1200300,477695,2272,114380,183924,28889,0,2157,1200300,True,ood_nonbacterial
1202142,2842607,10811,2732539,2732424,2732416,2732092,10239,1202142,True,ood_nonbacterial
1204525,2733201,0,0,2731619,2731618,2731360,10239,1204525,True,ood_nonbacterial
1204543,1857889,2560065,0,2731619,2731618,2731360,10239,1204543,True,ood_nonbacterial
1206566,2946831,69973,2732544,2732461,2732406,2732396,10239,1206566,True,ood_nonbacterial
12092,12091,12058,464095,2732506,2732408,2732396,10239,12092,True,ood_nonbacterial
1211644,2733155,0,0,2731619,2731618,2731360,10239,1211644,True,ood_nonbacterial
12173,12163,675068,675063,2732461,2732406,2732396,10239,12173,True,ood_nonbacterial
12175,40276,675068,675063,2732461,2732406,2732396,10239,12175,True,ood_nonbacterial
12181,12176,675064,675063,2732461,2732406,2732396,10239,12181,True,ood_nonbacterial
1218727,2022857,10811,2732539,2732424,2732416,2732092,10239,1218727,True,ood_nonbacterial
122368,29002,93133,2726947,147541,4890,4751,2759,122368,True,ood_nonbacterial
12241,12234,675071,2732544,2732461,2732406,2732396,10239,12241,True,ood_nonbacterial
12288,143920,12283,2732546,2732464,2732406,2732396,10239,12288,True,ood_nonbacterial
12295,12293,675071,2732544,2732461,2732406,2732396,10239,12295,True,ood_nonbacterial
12303,12300,39740,2732544,2732461,2732406,2732396,10239,12303,True,ood_nonbacterial
12315,12304,39740,2732544,2732461,2732406,2732396,10239,12315,True,ood_nonbacterial
12319,12316,39740,2732544,2732461,2732406,2732396,10239,12319,True,ood_nonbacterial
12321,12320,39740,2732544,2732461,2732406,2732396,10239,12321,True,ood_nonbacterial
12327,12326,675071,2732544,2732461,2732406,2732396,10239,12327,True,ood_nonbacterial
1233177,934804,151340,2732533,2732421,2732415,2732092,10239,1233177,True,ood_nonbacterial
12345,2842696,2842328,0,2731619,2731618,2731360,10239,12345,True,ood_nonbacterial
1235662,1052159,151340,2732533,2732421,2732415,2732092,10239,1235662,True,ood_nonbacterial
12360,2842658,0,0,2731619,2731618,2731360,10239,12360,True,ood_nonbacterial
1239574,249588,39733,2732551,2732507,2732408,2732396,10239,1239574,True,ood_nonbacterial
12407,2732978,2946167,0,2731619,2731618,2731360,10239,12407,True,ood_nonbacterial
12431,140568,675064,675063,2732461,2732406,2732396,10239,12431,True,ood_nonbacterial
1245909,187213,157897,1511857,2841637,2840024,2840023,10239,1245909,True,ood_nonbacterial
12465,39731,39729,2732550,2732507,2732408,2732396,10239,12465,True,ood_nonbacterial
12475,39759,2842321,0,0,0,0,10239,12475,True,ood_nonbacterial
12558,12137,2169577,2732553,2732506,2732408,2732396,10239,12558,True,ood_nonbacterial
1256869,1298653,11270,11157,2497574,2497569,2732396,10239,1256869,True,ood_nonbacterial
12585,251096,251095,2732538,2732423,2732416,2732092,10239,12585,True,ood_nonbacterial
12639,10437,10404,2732515,2732514,2732409,2732397,10239,12639,True,ood_nonbacterial
1273541,2308,2307,114380,183924,28889,0,2157,1273541,True,ood_nonbacterial
1273739,1623275,0,0,2731619,2731618,2731360,10239,1273739,True,ood_nonbacterial
127509,2732885,10860,2732094,2732411,2732410,2732090,10239,127509,True,ood_nonbacterial
1279082,2948755,0,0,2731619,2731618,2731360,10239,1279082,True,ood_nonbacterial
1285589,1285588,1285587,2732531,2732420,2732415,2732092,10239,1285589,True,ood_nonbacterial
1285598,1285597,1285596,2732540,2732458,2732405,2732396,10239,1285598,True,ood_nonbacterial
1285600,1285599,10240,2732527,2732525,2732007,2732005,10239,1285600,True,ood_nonbacterial
128818,156208,39729,2732550,2732507,2732408,2732396,10239,128818,True,ood_nonbacterial
12893,147262,185751,0,0,0,0,10239,12893,True,ood_nonbacterial
129141,699166,675068,675063,2732461,2732406,2732396,10239,129141,True,ood_nonbacterial
1291540,1291539,2517203,1235850,183967,2283796,0,2157,1291540,True,ood_nonbacterial
129395,675062,675061,675063,2732461,2732406,2732396,10239,129395,True,ood_nonbacterial
1294262,2705406,118883,2281,183924,28889,0,2157,1294262,True,ood_nonbacterial
129727,10257,10240,2732527,2732525,2732007,2732005,10239,129727,True,ood_nonbacterial
129875,10509,10508,2732559,2732529,2732008,2732005,10239,129875,True,ood_nonbacterial
130327,100953,10508,2732559,2732529,2732008,2732005,10239,130327,True,ood_nonbacterial
130478,1623273,0,0,2731619,2731618,2731360,10239,130478,True,ood_nonbacterial
131082,119164,2169577,2732553,2732506,2732408,2732396,10239,131082,True,ood_nonbacterial
1312874,1312873,1312872,76804,2732506,2732408,2732396,10239,1312874,True,ood_nonbacterial
1329402,2733301,10240,2732527,2732525,2732007,2732005,10239,1329402,True,ood_nonbacterial
1330066,1330065,12058,464095,2732506,2732408,2732396,10239,1330066,True,ood_nonbacterial
1330068,1330067,12058,464095,2732506,2732408,2732396,10239,1330068,True,ood_nonbacterial
1330070,1330069,12058,464095,2732506,2732408,2732396,10239,1330070,True,ood_nonbacterial
1330524,688449,12058,464095,2732506,2732408,2732396,10239,1330524,True,ood_nonbacterial
1340830,2948773,0,0,2731619,2731618,2731360,10239,1340830,True,ood_nonbacterial
1343920,1914295,675068,675063,2732461,2732406,2732396,10239,1343920,True,ood_nonbacterial
1349409,2060084,0,0,0,0,0,10239,1349409,True,ood_nonbacterial
13502,13366,1156497,4892,4891,4890,4751,2759,13502,True,ood_nonbacterial
1353260,1826864,1033997,1033996,1643678,651137,0,2157,1353260,True,ood_nonbacterial
136084,2843048,2842333,0,2731619,2731618,2731360,10239,136084,True,ood_nonbacterial
1364945,2162630,0,2235,183963,28890,0,2157,1364945,True,ood_nonbacterial
137475,137757,39729,2732550,2732507,2732408,2732396,10239,137475,True,ood_nonbacterial
13769,63742,1644061,1644060,183963,28890,0,2157,13769,True,ood_nonbacterial
13773,2276,2267,2266,183924,28889,0,2157,13773,True,ood_nonbacterial
1379040,1073986,1644056,1644055,183963,28890,0,2157,1379040,True,ood_nonbacterial
1381007,2034995,10811,2732539,2732424,2732416,2732092,10239,1381007,True,ood_nonbacterial
138950,12059,12058,464095,2732506,2732408,2732396,10239,138950,True,ood_nonbacterial
1400526,1921433,675064,675063,2732461,2732406,2732396,10239,1400526,True,ood_nonbacterial
1406512,1080709,1577788,1235850,183967,2283796,0,2157,1406512,True,ood_nonbacterial
1407499,2239,2236,2235,183963,28890,0,2157,1407499,True,ood_nonbacterial
1410606,1593364,0,0,0,651137,0,2157,1410606,True,ood_nonbacterial
141904,2732869,10860,2732094,2732411,2732410,2732090,10239,141904,True,ood_nonbacterial
1425362,1914296,675068,675063,2732461,2732406,2732396,10239,1425362,True,ood_nonbacterial
1431460,1431456,12058,464095,2732506,2732408,2732396,10239,1431460,True,ood_nonbacterial
1437839,2948936,0,0,2731619,2731618,2731360,10239,1437839,True,ood_nonbacterial
1443909,1885570,10780,2732534,2732422,2732415,2732092,10239,1443909,True,ood_nonbacterial
1450746,1805626,2023203,0,0,0,0,10239,1450746,True,ood_nonbacterial
145263,145260,2159,2158,183925,28890,0,2157,145263,True,ood_nonbacterial
1457165,1307798,0,0,0,0,0,10239,1457165,True,ood_nonbacterial
1465639,2731953,2731643,0,2731619,2731618,2731360,10239,1465639,True,ood_nonbacterial
146826,146825,1963268,2235,183963,28890,0,2157,146826,True,ood_nonbacterial
1481186,2733128,0,0,2731619,2731618,2731360,10239,1481186,True,ood_nonbacterial
1481452,1481451,12058,464095,2732506,2732408,2732396,10239,1481452,True,ood_nonbacterial
148603,186764,0,0,2731619,2731618,2731360,10239,148603,True,ood_nonbacterial
148879,2946817,675068,675063,2732461,2732406,2732396,10239,148879,True,ood_nonbacterial
148880,1511811,11012,2732549,2732505,2732408,2732396,10239,148880,True,ood_nonbacterial
1493829,2948844,69973,2732544,2732461,2732406,2732396,10239,1493829,True,ood_nonbacterial
1510225,1377992,2236,2235,183963,28890,0,2157,1510225,True,ood_nonbacterial
1511776,1511775,12058,464095,2732506,2732408,2732396,10239,1511776,True,ood_nonbacterial
1511781,1511780,12058,464095,2732506,2732408,2732396,10239,1511781,True,ood_nonbacterial
1511783,1511782,12058,464095,2732506,2732408,2732396,10239,1511783,True,ood_nonbacterial
1511803,1511802,12058,464095,2732506,2732408,2732396,10239,1511803,True,ood_nonbacterial
1511805,1511804,12058,464095,2732506,2732408,2732396,10239,1511805,True,ood_nonbacterial
1511891,10803,10780,2732534,2732422,2732415,2732092,10239,1511891,True,ood_nonbacterial
1513188,10806,10780,2732534,2732422,2732415,2732092,10239,1513188,True,ood_nonbacterial
1513202,1513201,10780,2732534,2732422,2732415,2732092,10239,1513202,True,ood_nonbacterial
1513224,1513223,10780,2732534,2732422,2732415,2732092,10239,1513224,True,ood_nonbacterial
1513248,1513239,151340,2732533,2732421,2732415,2732092,10239,1513248,True,ood_nonbacterial
1513249,1513240,151340,2732533,2732421,2732415,2732092,10239,1513249,True,ood_nonbacterial
1513250,1513241,151340,2732533,2732421,2732415,2732092,10239,1513250,True,ood_nonbacterial
1513251,1513242,151340,2732533,2732421,2732415,2732092,10239,1513251,True,ood_nonbacterial
1513252,1513243,151340,2732533,2732421,2732415,2732092,10239,1513252,True,ood_nonbacterial
1513253,1513244,151340,2732533,2732421,2732415,2732092,10239,1513253,True,ood_nonbacterial
1513254,1513245,151340,2732533,2732421,2732415,2732092,10239,1513254,True,ood_nonbacterial
1513255,1513246,151340,2732533,2732421,2732415,2732092,10239,1513255,True,ood_nonbacterial
151528,2731984,2731643,0,2731619,2731618,2731360,10239,151528,True,ood_nonbacterial
152177,1913605,11270,11157,2497574,2497569,2732396,10239,152177,True,ood_nonbacterial
1547219,1921556,2732891,2732546,2732464,2732406,2732396,10239,1547219,True,ood_nonbacterial
1547898,376170,1644056,1644055,183963,28890,0,2157,1547898,True,ood_nonbacterial
1550241,2856573,114378,2856582,183924,28889,0,2157,1550241,True,ood_nonbacterial
1552990,2993618,1644061,1644060,183963,28890,0,2157,1552990,True,ood_nonbacterial
155863,155862,2183,2182,183939,28890,0,2157,155863,True,ood_nonbacterial
1569057,2733238,675068,675063,2732461,2732406,2732396,10239,1569057,True,ood_nonbacterial
1577791,1607807,1577788,1235850,183967,2283796,0,2157,1577791,True,ood_nonbacterial
1586232,1699375,1644061,1644060,183963,28890,0,2157,1586232,True,ood_nonbacterial
1586233,1763447,1963268,2235,183963,28890,0,2157,1586233,True,ood_nonbacterial
1595998,2169662,2169574,2732537,2732423,2732416,2732092,10239,1595998,True,ood_nonbacterial
160233,54258,2272,114380,183924,28889,0,2157,160233,True,ood_nonbacterial
1603555,1825023,0,0,0,651137,0,2157,1603555,True,ood_nonbacterial
1604004,1656823,2236,2235,183963,28890,0,2157,1604004,True,ood_nonbacterial
1633151,1623299,0,0,2731619,2731618,2731360,10239,1633151,True,ood_nonbacterial
164451,164450,2267,2266,183924,28889,0,2157,164451,True,ood_nonbacterial
164750,11014,249310,2732540,2732458,2732405,2732396,10239,164750,True,ood_nonbacterial
1659771,1659770,12058,464095,2732506,2732408,2732396,10239,1659771,True,ood_nonbacterial
1670455,2017961,118883,2281,183924,28889,0,2157,1670455,True,ood_nonbacterial
1673428,1747777,1747776,2301,183967,2283796,0,2157,1673428,True,ood_nonbacterial
1678143,2948857,291484,2732543,2732461,2732406,2732396,10239,1678143,True,ood_nonbacterial
1678144,2946812,291484,2732543,2732461,2732406,2732396,10239,1678144,True,ood_nonbacterial
1678145,2948883,291484,2732543,2732461,2732406,2732396,10239,1678145,True,ood_nonbacterial
1678146,2948661,291484,2732543,2732461,2732406,2732396,10239,1678146,True,ood_nonbacterial
1678147,1678142,291484,2732543,2732461,2732406,2732396,10239,1678147,True,ood_nonbacterial
1678906,39755,11006,2732540,2732458,2732405,2732396,10239,1678906,True,ood_nonbacterial
1679096,2907507,1963268,2235,183963,28890,0,2157,1679096,True,ood_nonbacterial
1690672,2733291,10404,2732515,2732514,2732409,2732397,10239,1690672,True,ood_nonbacterial
169683,680115,0,0,2731619,2731618,2731360,10239,169683,True,ood_nonbacterial
1714619,186458,178830,11157,2497574,2497569,2732396,10239,1714619,True,ood_nonbacterial
174142,675065,675064,675063,2732461,2732406,2732396,10239,174142,True,ood_nonbacterial
1755588,1755587,12058,464095,2732506,2732408,2732396,10239,1755588,True,ood_nonbacterial
176106,341940,10477,1511857,2841637,2840024,2840023,10239,176106,True,ood_nonbacterial
176652,10487,10486,2732555,2732523,2732007,2732005,10239,176652,True,ood_nonbacterial
1785753,181084,10501,2732524,2732523,2732007,2732005,10239,1785753,True,ood_nonbacterial
179637,2249,1963270,2235,183963,28890,0,2157,179637,True,ood_nonbacterial
180170,308906,10486,2732555,2732523,2732007,2732005,10239,180170,True,ood_nonbacterial
1803957,138954,12058,464095,2732506,2732408,2732396,10239,1803957,True,ood_nonbacterial
180504,1623297,0,0,2731619,2731618,2731360,10239,180504,True,ood_nonbacterial
181082,346673,10501,2732524,2732523,2732007,2732005,10239,181082,True,ood_nonbacterial
181124,34448,654128,5338,155619,5204,4751,2759,181124,True,ood_nonbacterial
181762,71950,40562,5338,155619,5204,4751,2759,181762,True,ood_nonbacterial
1821560,2948800,0,0,2731619,2731618,2731360,10239,1821560,True,ood_nonbacterial
1821750,12103,12058,464095,2732506,2732408,2732396,10239,1821750,True,ood_nonbacterial
1838062,2948772,0,0,2731619,2731618,2731360,10239,1838062,True,ood_nonbacterial
184117,2270,2267,2266,183924,28889,0,2157,184117,True,ood_nonbacterial
1853682,744724,2236,2235,183963,28890,0,2157,1853682,True,ood_nonbacterial
1853690,1075397,1963271,1644055,183963,28890,0,2157,1853690,True,ood_nonbacterial
185782,10979,2946187,2732541,2732459,2732405,2732396,10239,185782,True,ood_nonbacterial
186165,1283211,1283210,0,0,0,2732396,10239,186165,True,ood_nonbacterial
186772,186767,186766,2732502,2732498,2732407,2732396,10239,186772,True,ood_nonbacterial
186786,186783,2560063,2732504,2732500,2732407,2732396,10239,186786,True,ood_nonbacterial
1871153,2022641,2022639,464095,2732506,2732408,2732396,10239,1871153,True,ood_nonbacterial
1873524,1980514,2236,2235,183963,28890,0,2157,1873524,True,ood_nonbacterial
1873698,2733298,10240,2732527,2732525,2732007,2732005,10239,1873698,True,ood_nonbacterial
1874277,2613912,2798276,2798275,2798274,651137,0,2157,1874277,True,ood_nonbacterial
1883371,2169624,0,0,2731619,2731618,2731360,10239,1883371,True,ood_nonbacterial
188350,545932,0,0,2731619,2731618,2731360,10239,188350,True,ood_nonbacterial
1884450,2219049,0,464095,2732506,2732408,2732396,10239,1884450,True,ood_nonbacterial
1884453,1921703,1884452,11157,2497574,2497569,2732396,10239,1884453,True,ood_nonbacterial
1884460,1884455,2501985,11157,2497574,2497569,2732396,10239,1884460,True,ood_nonbacterial
1884461,1884456,2501987,11157,2497574,2497569,2732396,10239,1884461,True,ood_nonbacterial
1891729,1891713,151341,2732532,2732421,2732415,2732092,10239,1891729,True,ood_nonbacterial
1891746,1891716,151341,2732532,2732421,2732415,2732092,10239,1891746,True,ood_nonbacterial
1891754,2842669,151341,2732532,2732421,2732415,2732092,10239,1891754,True,ood_nonbacterial
1891755,2948924,151341,2732532,2732421,2732415,2732092,10239,1891755,True,ood_nonbacterial
1891756,2843160,151341,2732532,2732421,2732415,2732092,10239,1891756,True,ood_nonbacterial
1891770,1891714,151341,2732532,2732421,2732415,2732092,10239,1891770,True,ood_nonbacterial
1898749,1993653,338190,31932,1643678,651137,0,2157,1898749,True,ood_nonbacterial
190064,10552,10508,2732559,2732529,2732008,2732005,10239,190064,True,ood_nonbacterial
1903276,1078904,0,0,0,651137,0,2157,1903276,True,ood_nonbacterial
1910935,1910931,2560065,0,2731619,2731618,2731360,10239,1910935,True,ood_nonbacterial
1911006,1910993,0,0,2731619,2731618,2731360,10239,1911006,True,ood_nonbacterial
1911010,1910992,0,0,2731619,2731618,2731360,10239,1911010,True,ood_nonbacterial
1913656,1913650,2946170,0,2731619,2731618,2731360,10239,1913656,True,ood_nonbacterial
1913658,1913653,2946170,0,2731619,2731618,2731360,10239,1913658,True,ood_nonbacterial
1913995,1913654,2946170,0,2731619,2731618,2731360,10239,1913995,True,ood_nonbacterial
1914019,1198137,2946170,0,2731619,2731618,2731360,10239,1914019,True,ood_nonbacterial
1914020,2948831,2946170,0,2731619,2731618,2731360,10239,1914020,True,ood_nonbacterial
1914161,1913652,2946170,0,2731619,2731618,2731360,10239,1914161,True,ood_nonbacterial
1914568,1914567,12058,464095,2732506,2732408,2732396,10239,1914568,True,ood_nonbacterial
1914574,1914566,12058,464095,2732506,2732408,2732396,10239,1914574,True,ood_nonbacterial
1914853,1914852,0,0,2731619,2731618,2731360,10239,1914853,True,ood_nonbacterial
1914897,1914850,0,0,2731619,2731618,2731360,10239,1914897,True,ood_nonbacterial
1915209,1915205,0,0,2731619,2731618,2731360,10239,1915209,True,ood_nonbacterial
1917980,1917979,0,0,0,0,0,10239,1917980,True,ood_nonbacterial
1918005,1917990,2560065,0,2731619,2731618,2731360,10239,1918005,True,ood_nonbacterial
1918011,1918010,2560065,0,2731619,2731618,2731360,10239,1918011,True,ood_nonbacterial
1918014,1918013,0,0,0,0,2732396,10239,1918014,True,ood_nonbacterial
1918194,1918017,0,0,2731619,2731618,2731360,10239,1918194,True,ood_nonbacterial
1918525,1918522,0,0,2731619,2731618,2731360,10239,1918525,True,ood_nonbacterial
1918720,1918718,0,0,2731619,2731618,2731360,10239,1918720,True,ood_nonbacterial
1918722,1918721,2560065,0,2731619,2731618,2731360,10239,1918722,True,ood_nonbacterial
1918727,1918725,0,0,2731619,2731618,2731360,10239,1918727,True,ood_nonbacterial
1918729,1918728,151340,2732533,2732421,2732415,2732092,10239,1918729,True,ood_nonbacterial
1918731,1918730,151340,2732533,2732421,2732415,2732092,10239,1918731,True,ood_nonbacterial
1920493,1920492,151340,2732533,2732421,2732415,2732092,10239,1920493,True,ood_nonbacterial
1920498,1920494,151340,2732533,2732421,2732415,2732092,10239,1920498,True,ood_nonbacterial
1920749,2490204,0,0,0,1801631,0,2157,1920749,True,ood_nonbacterial
1920751,1920750,0,0,2731619,2731618,2731360,10239,1920751,True,ood_nonbacterial
1920754,1920753,2842329,0,2731619,2731618,2731360,10239,1920754,True,ood_nonbacterial
1920763,1920762,2842329,0,2731619,2731618,2731360,10239,1920763,True,ood_nonbacterial
1920772,1920771,675071,2732544,2732461,2732406,2732396,10239,1920772,True,ood_nonbacterial
1920777,1920774,2731643,0,2731619,2731618,2731360,10239,1920777,True,ood_nonbacterial
1920998,1920866,2731691,0,2731619,2731618,2731360,10239,1920998,True,ood_nonbacterial
1921008,187217,2731691,0,2731619,2731618,2731360,10239,1921008,True,ood_nonbacterial
1921018,1921016,2560065,0,2731619,2731618,2731360,10239,1921018,True,ood_nonbacterial
1921118,1921117,0,0,2731619,2731618,2731360,10239,1921118,True,ood_nonbacterial
1921123,1921122,0,0,2731619,2731618,2731360,10239,1921123,True,ood_nonbacterial
1921130,1921125,0,0,2731619,2731618,2731360,10239,1921130,True,ood_nonbacterial
1921188,1921184,0,0,2731619,2731618,2731360,10239,1921188,True,ood_nonbacterial
1921411,1921407,0,0,2731619,2731618,2731360,10239,1921411,True,ood_nonbacterial
1921432,1921431,0,0,0,0,0,10239,1921432,True,ood_nonbacterial
1921436,1921434,0,0,2731619,2731618,2731360,10239,1921436,True,ood_nonbacterial
1921526,1921525,0,0,2731619,2731618,2731360,10239,1921526,True,ood_nonbacterial
1921545,1921544,0,0,2731619,2731618,2731360,10239,1921545,True,ood_nonbacterial
1921548,2733183,0,0,2731619,2731618,2731360,10239,1921548,True,ood_nonbacterial
1921554,1921553,0,0,2731619,2731618,2731360,10239,1921554,True,ood_nonbacterial
1921698,1921696,0,0,2731619,2731618,2731360,10239,1921698,True,ood_nonbacterial
1921705,1921704,2946170,0,2731619,2731618,2731360,10239,1921705,True,ood_nonbacterial
1921710,1921709,0,0,2731619,2731618,2731360,10239,1921710,True,ood_nonbacterial
1921773,1921772,151340,2732533,2732421,2732415,2732092,10239,1921773,True,ood_nonbacterial
1921778,1921776,151340,2732533,2732421,2732415,2732092,10239,1921778,True,ood_nonbacterial
1921824,1921823,151340,2732533,2732421,2732415,2732092,10239,1921824,True,ood_nonbacterial
1922208,1922207,151340,2732533,2732421,2732415,2732092,10239,1922208,True,ood_nonbacterial
1922212,1922210,0,0,2731619,2731618,2731360,10239,1922212,True,ood_nonbacterial
1922242,1922241,1922240,0,0,0,0,10239,1922242,True,ood_nonbacterial
1922247,1922243,0,0,2731619,2731618,2731360,10239,1922247,True,ood_nonbacterial
1922328,1922327,2560065,0,2731619,2731618,2731360,10239,1922328,True,ood_nonbacterial
1922331,1922329,0,0,2731619,2731618,2731360,10239,1922331,True,ood_nonbacterial
1923469,2169646,2169570,464095,2732506,2732408,2732396,10239,1923469,True,ood_nonbacterial
1925781,1925779,0,0,2731619,2731618,2731360,10239,1925781,True,ood_nonbacterial
1925803,1925802,0,0,0,0,0,10239,1925803,True,ood_nonbacterial
1926511,2560168,12058,464095,2732506,2732408,2732396,10239,1926511,True,ood_nonbacterial
193121,12289,2169577,2732553,2732506,2732408,2732396,10239,193121,True,ood_nonbacterial
1932910,1932909,151340,2732533,2732421,2732415,2732092,10239,1932910,True,ood_nonbacterial
1932912,1932911,151340,2732533,2732421,2732415,2732092,10239,1932912,True,ood_nonbacterial
1932923,993034,1914302,2732556,2732528,2732008,2732005,10239,1932923,True,ood_nonbacterial
1932927,1932924,1914302,2732556,2732528,2732008,2732005,10239,1932927,True,ood_nonbacterial
194441,153136,11632,2169561,2732514,2732409,2732397,10239,194441,True,ood_nonbacterial
1945565,2732062,2731691,0,2731619,2731618,2731360,10239,1945565,True,ood_nonbacterial
1945589,1910951,10841,2732414,2732413,2732412,2732091,10239,1945589,True,ood_nonbacterial
194699,542959,0,0,2731619,2731618,2731360,10239,194699,True,ood_nonbacterial
194802,2843119,2842333,0,2731619,2731618,2731360,10239,194802,True,ood_nonbacterial
194965,194960,12058,464095,2732506,2732408,2732396,10239,194965,True,ood_nonbacterial
194966,542837,2731643,0,2731619,2731618,2731360,10239,194966,True,ood_nonbacterial
1961787,1513238,151340,2732533,2732421,2732415,2732092,10239,1961787,True,ood_nonbacterial
1965384,1985293,0,0,2731619,2731618,2731360,10239,1965384,True,ood_nonbacterial
1966265,2948935,0,0,2731619,2731618,2731360,10239,1966265,True,ood_nonbacterial
1971236,1915204,0,0,0,0,0,10239,1971236,True,ood_nonbacterial
1972577,11271,11270,11157,2497574,2497569,2732396,10239,1972577,True,ood_nonbacterial
1972580,1513300,11270,11157,2497574,2497569,2732396,10239,1972580,True,ood_nonbacterial
1972584,1299306,11270,11157,2497574,2497569,2732396,10239,1972584,True,ood_nonbacterial
1972593,32613,11270,11157,2497574,2497569,2732396,10239,1972593,True,ood_nonbacterial
1972626,1972611,11270,11157,2497574,2497569,2732396,10239,1972626,True,ood_nonbacterial
1972686,1972682,11270,11157,2497574,2497569,2732396,10239,1972686,True,ood_nonbacterial
1977105,1884458,1513294,11157,2497574,2497569,2732396,10239,1977105,True,ood_nonbacterial
1977140,1977139,10860,2732094,2732411,2732410,2732090,10239,1977140,True,ood_nonbacterial
1977297,1977141,10860,2732094,2732411,2732410,2732090,10239,1977297,True,ood_nonbacterial
1977306,1977143,10860,2732094,2732411,2732410,2732090,10239,1977306,True,ood_nonbacterial
1977402,10861,10860,2732094,2732411,2732410,2732090,10239,1977402,True,ood_nonbacterial
1977408,1977144,2732098,2732094,2732411,2732410,2732090,10239,1977408,True,ood_nonbacterial
1977411,2732873,10860,2732094,2732411,2732410,2732090,10239,1977411,True,ood_nonbacterial
1977412,2732870,2842326,2732094,2732411,2732410,2732090,10239,1977412,True,ood_nonbacterial
197771,325458,151340,2732533,2732421,2732415,2732092,10239,197771,True,ood_nonbacterial
197772,334213,151340,2732533,2732421,2732415,2732092,10239,197772,True,ood_nonbacterial
1978413,2560252,675068,675063,2732461,2732406,2732396,10239,1978413,True,ood_nonbacterial
1978546,1978532,11270,11157,2497574,2497569,2732396,10239,1978546,True,ood_nonbacterial
1980426,675845,1980412,1980410,2497576,2497569,2732396,10239,1980426,True,ood_nonbacterial
1980456,1980442,1980413,1980410,2497576,2497569,2732396,10239,1980456,True,ood_nonbacterial
1980541,2501996,1980417,1980410,2497576,2497569,2732396,10239,1980541,True,ood_nonbacterial
1980918,186778,11270,11157,2497574,2497569,2732396,10239,1980918,True,ood_nonbacterial
1980923,1980921,0,0,2731619,2731618,2731360,10239,1980923,True,ood_nonbacterial
1980926,1980922,0,0,2731619,2731618,2731360,10239,1980926,True,ood_nonbacterial
1980931,1980928,2560065,0,2731619,2731618,2731360,10239,1980931,True,ood_nonbacterial
1980941,1980938,0,0,2731619,2731618,2731360,10239,1980941,True,ood_nonbacterial
1980946,1980937,0,0,2731619,2731618,2731360,10239,1980946,True,ood_nonbacterial
1981041,1920860,2731691,0,2731619,2731618,2731360,10239,1981041,True,ood_nonbacterial
1981164,1981157,0,0,2731619,2731618,2731360,10239,1981164,True,ood_nonbacterial
1981166,1981158,0,0,2731619,2731618,2731360,10239,1981166,True,ood_nonbacterial
1981167,1981159,0,0,2731619,2731618,2731360,10239,1981167,True,ood_nonbacterial
1982090,1982088,0,0,2731619,2731618,2731360,10239,1982090,True,ood_nonbacterial
1982093,1982091,0,0,2731619,2731618,2731360,10239,1982093,True,ood_nonbacterial
1982096,1982095,2946162,0,2731619,2731618,2731360,10239,1982096,True,ood_nonbacterial
1982100,1982099,0,0,2731619,2731618,2731360,10239,1982100,True,ood_nonbacterial
1982102,1982101,0,0,2731619,2731618,2731360,10239,1982102,True,ood_nonbacterial
1982105,1982104,0,0,2731619,2731618,2731360,10239,1982105,True,ood_nonbacterial
1982107,1982106,0,0,2731619,2731618,2731360,10239,1982107,True,ood_nonbacterial
1982112,1982111,0,0,2731619,2731618,2731360,10239,1982112,True,ood_nonbacterial
1982148,1982113,0,0,2731619,2731618,2731360,10239,1982148,True,ood_nonbacterial
1982151,1982150,0,0,2731619,2731618,2731360,10239,1982151,True,ood_nonbacterial
1982153,1982152,0,0,2731619,2731618,2731360,10239,1982153,True,ood_nonbacterial
1982219,1982218,0,0,2731619,2731618,2731360,10239,1982219,True,ood_nonbacterial
1982221,1982220,0,0,2731619,2731618,2731360,10239,1982221,True,ood_nonbacterial
1982225,1982222,0,0,2731619,2731618,2731360,10239,1982225,True,ood_nonbacterial
1982229,1982227,0,0,2731619,2731618,2731360,10239,1982229,True,ood_nonbacterial
1982237,1982236,0,0,2731619,2731618,2731360,10239,1982237,True,ood_nonbacterial
1982240,1982239,0,0,2731619,2731618,2731360,10239,1982240,True,ood_nonbacterial
1982245,2976977,0,0,2731619,2731618,2731360,10239,1982245,True,ood_nonbacterial
1982247,1982244,0,0,2731619,2731618,2731360,10239,1982247,True,ood_nonbacterial
1982269,1982251,0,0,2731619,2731618,2731360,10239,1982269,True,ood_nonbacterial
1982357,1982355,0,0,2731619,2731618,2731360,10239,1982357,True,ood_nonbacterial
1982360,1982359,0,0,2731619,2731618,2731360,10239,1982360,True,ood_nonbacterial
1982363,1623276,0,0,2731619,2731618,2731360,10239,1982363,True,ood_nonbacterial
1982364,2843403,0,0,2731619,2731618,2731360,10239,1982364,True,ood_nonbacterial
1982365,2843439,0,0,2731619,2731618,2731360,10239,1982365,True,ood_nonbacterial
1982368,1982367,0,0,2731619,2731618,2731360,10239,1982368,True,ood_nonbacterial
1982371,1982370,0,0,2731619,2731618,2731360,10239,1982371,True,ood_nonbacterial
1982373,1982372,0,0,2731619,2731618,2731360,10239,1982373,True,ood_nonbacterial
1982377,1623302,0,0,2731619,2731618,2731360,10239,1982377,True,ood_nonbacterial
1982555,1982554,0,0,2731619,2731618,2731360,10239,1982555,True,ood_nonbacterial
1982560,2733200,0,0,2731619,2731618,2731360,10239,1982560,True,ood_nonbacterial
1982561,1982557,0,0,2731619,2731618,2731360,10239,1982561,True,ood_nonbacterial
1982563,1982562,0,0,2731619,2731618,2731360,10239,1982563,True,ood_nonbacterial
1982567,1982566,0,0,2731619,2731618,2731360,10239,1982567,True,ood_nonbacterial
1982570,1982569,0,0,2731619,2731618,2731360,10239,1982570,True,ood_nonbacterial
1982575,1982573,0,0,2731619,2731618,2731360,10239,1982575,True,ood_nonbacterial
1982577,1982576,2842329,0,2731619,2731618,2731360,10239,1982577,True,ood_nonbacterial
1982580,542960,0,0,2731619,2731618,2731360,10239,1982580,True,ood_nonbacterial
1982584,1982583,2842328,0,2731619,2731618,2731360,10239,1982584,True,ood_nonbacterial
1982588,1982587,0,0,2731619,2731618,2731360,10239,1982588,True,ood_nonbacterial
1982591,1982590,0,0,2731619,2731618,2731360,10239,1982591,True,ood_nonbacterial
1982596,1982594,2842329,0,2731619,2731618,2731360,10239,1982596,True,ood_nonbacterial
1982660,2169648,39729,2732550,2732507,2732408,2732396,10239,1982660,True,ood_nonbacterial
1982747,1982745,0,0,2731619,2731618,2731360,10239,1982747,True,ood_nonbacterial
1982750,2733196,0,0,2731619,2731618,2731360,10239,1982750,True,ood_nonbacterial
1982751,1982748,0,0,2731619,2731618,2731360,10239,1982751,True,ood_nonbacterial
1982882,1982879,0,0,2731619,2731618,2731360,10239,1982882,True,ood_nonbacterial
1982890,1982880,0,0,2731619,2731618,2731360,10239,1982890,True,ood_nonbacterial
1982894,1982881,0,0,2731619,2731618,2731360,10239,1982894,True,ood_nonbacterial
1982895,2948757,0,0,2731619,2731618,2731360,10239,1982895,True,ood_nonbacterial
1982903,1982897,0,0,2731619,2731618,2731360,10239,1982903,True,ood_nonbacterial
1982918,1982899,0,0,2731619,2731618,2731360,10239,1982918,True,ood_nonbacterial
1983117,1982898,0,0,2731619,2731618,2731360,10239,1983117,True,ood_nonbacterial
1983550,2843109,157897,1511857,2841637,2840024,2840023,10239,1983550,True,ood_nonbacterial
1983736,1623277,0,0,2731619,2731618,2731360,10239,1983736,True,ood_nonbacterial
1983739,1983734,0,0,2731619,2731618,2731360,10239,1983739,True,ood_nonbacterial
1983742,1983735,0,0,2731619,2731618,2731360,10239,1983742,True,ood_nonbacterial
1983750,1983744,2946173,0,2731619,2731618,2731360,10239,1983750,True,ood_nonbacterial
1984775,1984773,0,0,2731619,2731618,2731360,10239,1984775,True,ood_nonbacterial
1984778,1984776,0,0,2731619,2731618,2731360,10239,1984778,True,ood_nonbacterial
1984783,2843401,0,0,2731619,2731618,2731360,10239,1984783,True,ood_nonbacterial
1984787,1984786,0,0,2731619,2731618,2731360,10239,1984787,True,ood_nonbacterial
1984790,1984788,0,0,2731619,2731618,2731360,10239,1984790,True,ood_nonbacterial
1984796,1980929,0,0,2731619,2731618,2731360,10239,1984796,True,ood_nonbacterial
1984800,1984798,0,0,2731619,2731618,2731360,10239,1984800,True,ood_nonbacterial
1985175,1911929,2560065,0,2731619,2731618,2731360,10239,1985175,True,ood_nonbacterial
1985182,1985181,2560065,0,2731619,2731618,2731360,10239,1985182,True,ood_nonbacterial
1985290,1985292,0,0,2731619,2731618,2731360,10239,1985290,True,ood_nonbacterial
1985305,1985303,0,0,2731619,2731618,2731360,10239,1985305,True,ood_nonbacterial
1985310,1198140,0,0,2731619,2731618,2731360,10239,1985310,True,ood_nonbacterial
1985326,1985325,2946170,0,2731619,2731618,2731360,10239,1985326,True,ood_nonbacterial
1985337,1985328,2946170,0,2731619,2731618,2731360,10239,1985337,True,ood_nonbacterial
1985342,1985329,2946170,0,2731619,2731618,2731360,10239,1985342,True,ood_nonbacterial
1985354,1913651,2946170,0,2731619,2731618,2731360,10239,1985354,True,ood_nonbacterial
1985689,1985687,11270,11157,2497574,2497569,2732396,10239,1985689,True,ood_nonbacterial
1985695,1985692,11270,11157,2497574,2497569,2732396,10239,1985695,True,ood_nonbacterial
1985698,140295,11270,11157,2497574,2497569,2732396,10239,1985698,True,ood_nonbacterial
1985704,11305,11270,11157,2497574,2497569,2732396,10239,1985704,True,ood_nonbacterial
1985714,1985711,2731643,0,2731619,2731618,2731360,10239,1985714,True,ood_nonbacterial
1985726,1985720,2731643,0,2731619,2731618,2731360,10239,1985726,True,ood_nonbacterial
1985729,2731954,2731643,0,2731619,2731618,2731360,10239,1985729,True,ood_nonbacterial
1985730,2731988,2731643,0,2731619,2731618,2731360,10239,1985730,True,ood_nonbacterial
1985731,2732924,2731643,0,2731619,2731618,2731360,10239,1985731,True,ood_nonbacterial
1985732,477967,2731643,0,2731619,2731618,2731360,10239,1985732,True,ood_nonbacterial
1985736,1985733,2731643,0,2731619,2731618,2731360,10239,1985736,True,ood_nonbacterial
1985737,2732926,2731643,0,2731619,2731618,2731360,10239,1985737,True,ood_nonbacterial
1985740,2732683,2731643,0,2731619,2731618,2731360,10239,1985740,True,ood_nonbacterial
1985983,1511771,12058,464095,2732506,2732408,2732396,10239,1985983,True,ood_nonbacterial
1986027,10856,10841,2732414,2732413,2732412,2732091,10239,1986027,True,ood_nonbacterial
1986034,1910952,10841,2732414,2732413,2732412,2732091,10239,1986034,True,ood_nonbacterial
1986112,2508241,2508209,76804,2732506,2732408,2732396,10239,1986112,True,ood_nonbacterial
1986113,2508211,2508209,76804,2732506,2732408,2732396,10239,1986113,True,ood_nonbacterial
1986118,2508244,2508209,76804,2732506,2732408,2732396,10239,1986118,True,ood_nonbacterial
1986538,1623295,0,0,2731619,2731618,2731360,10239,1986538,True,ood_nonbacterial
1986960,1986961,12058,464095,2732506,2732408,2732396,10239,1986960,True,ood_nonbacterial
1987993,2169536,2169529,0,2731619,2731618,2731360,10239,1987993,True,ood_nonbacterial
1987994,2169532,2169529,0,2731619,2731618,2731360,10239,1987994,True,ood_nonbacterial
1993650,1993641,1993640,0,0,0,0,10239,1993650,True,ood_nonbacterial
1993859,1993858,2946173,0,2731619,2731618,2731360,10239,1993859,True,ood_nonbacterial
1993872,1623306,0,0,2731619,2731618,2731360,10239,1993872,True,ood_nonbacterial
2003329,40274,10841,2732414,2732413,2732412,2732091,10239,2003329,True,ood_nonbacterial
2003391,2003390,12058,464095,2732506,2732408,2732396,10239,2003391,True,ood_nonbacterial
2003649,586418,12058,464095,2732506,2732408,2732396,10239,2003649,True,ood_nonbacterial
2003678,2003395,564644,2732544,2732461,2732406,2732396,10239,2003678,True,ood_nonbacterial
200415,200414,255472,871006,183924,28889,0,2157,200415,True,ood_nonbacterial
2004457,1914165,2946170,0,2731619,2731618,2731360,10239,2004457,True,ood_nonbacterial
2005060,2005059,0,0,2731619,2731618,2731360,10239,2005060,True,ood_nonbacterial
2005701,1910991,0,0,2731619,2731618,2731360,10239,2005701,True,ood_nonbacterial
2006134,680114,0,0,2731619,2731618,2731360,10239,2006134,True,ood_nonbacterial
2006145,1982900,0,0,2731619,2731618,2731360,10239,2006145,True,ood_nonbacterial
2006175,1198980,0,0,2731619,2731618,2731360,10239,2006175,True,ood_nonbacterial
2011073,2732884,10860,2732094,2732411,2732410,2732090,10239,2011073,True,ood_nonbacterial
2011074,2732099,2732098,2732094,2732411,2732410,2732090,10239,2011074,True,ood_nonbacterial
2011075,2732877,10860,2732094,2732411,2732410,2732090,10239,2011075,True,ood_nonbacterial
2011076,2732883,10860,2732094,2732411,2732410,2732090,10239,2011076,True,ood_nonbacterial
2011077,2732871,10860,2732094,2732411,2732410,2732090,10239,2011077,True,ood_nonbacterial
2011078,2732878,10860,2732094,2732411,2732410,2732090,10239,2011078,True,ood_nonbacterial
2011079,2732880,10860,2732094,2732411,2732410,2732090,10239,2011079,True,ood_nonbacterial
2011080,2732879,10860,2732094,2732411,2732410,2732090,10239,2011080,True,ood_nonbacterial
2011081,2732875,10860,2732094,2732411,2732410,2732090,10239,2011081,True,ood_nonbacterial
2011082,2732881,10860,2732094,2732411,2732410,2732090,10239,2011082,True,ood_nonbacterial
2011083,2732874,10860,2732094,2732411,2732410,2732090,10239,2011083,True,ood_nonbacterial
2011088,2732876,10860,2732094,2732411,2732410,2732090,10239,2011088,True,ood_nonbacterial
2024608,1977639,549779,2732554,2732523,2732007,2732005,10239,2024608,True,ood_nonbacterial
2025079,2025078,12058,464095,2732506,2732408,2732396,10239,2025079,True,ood_nonbacterial
2030964,674976,866787,2732553,2732506,2732408,2732396,10239,2030964,True,ood_nonbacterial
2034170,5543,5129,5125,147550,4890,4751,2759,2034170,True,ood_nonbacterial
2034996,2034997,2501949,2499411,2497577,2497569,2732396,10239,2034996,True,ood_nonbacterial
2034999,2034998,0,0,2731619,2731618,2731360,10239,2034999,True,ood_nonbacterial
204090,680287,2842327,0,2731619,2731618,2731360,10239,204090,True,ood_nonbacterial
2041855,2560147,0,0,2731619,2731618,2731360,10239,2041855,True,ood_nonbacterial
2041859,2560158,0,0,2731619,2731618,2731360,10239,2041859,True,ood_nonbacterial
2045011,498374,1968910,1968909,1643678,651137,0,2157,2045011,True,ood_nonbacterial
2049886,2049885,0,0,2731619,2731618,2731360,10239,2049886,True,ood_nonbacterial
2052899,186667,186665,2169561,2732514,2732409,2732397,10239,2052899,True,ood_nonbacterial
2055893,2678343,1963271,1644055,183963,28890,0,2157,2055893,True,ood_nonbacterial
2056194,2560089,2560062,0,0,0,0,10239,2056194,True,ood_nonbacterial
205868,1623281,0,0,2731619,2731618,2731360,10239,205868,True,ood_nonbacterial
205869,1623284,0,0,2731619,2731618,2731360,10239,205869,True,ood_nonbacterial
205870,2942894,0,0,2731619,2731618,2731360,10239,205870,True,ood_nonbacterial
205872,1623282,0,0,2731619,2731618,2731360,10239,205872,True,ood_nonbacterial
205875,1623285,0,0,2731619,2731618,2731360,10239,205875,True,ood_nonbacterial
205876,2843352,0,0,2731619,2731618,2731360,10239,205876,True,ood_nonbacterial
205879,1623292,0,0,2731619,2731618,2731360,10239,205879,True,ood_nonbacterial
205910,10981,2946187,2732541,2732459,2732405,2732396,10239,205910,True,ood_nonbacterial
2060092,2560112,2731690,0,2731619,2731618,2731360,10239,2060092,True,ood_nonbacterial
2060093,2948922,2731690,0,2731619,2731618,2731360,10239,2060093,True,ood_nonbacterial
2060142,2843099,10811,2732539,2732424,2732416,2732092,10239,2060142,True,ood_nonbacterial
2060973,1052105,474942,5125,147550,4890,4751,2759,2060973,True,ood_nonbacterial
207343,2169664,11632,2169561,2732514,2732409,2732397,10239,207343,True,ood_nonbacterial
2079521,11306,11270,11157,2497574,2497569,2732396,10239,2079521,True,ood_nonbacterial
2083181,186666,186665,2169561,2732514,2732409,2732397,10239,2083181,True,ood_nonbacterial
2126984,2094720,549779,2732554,2732523,2732007,2732005,10239,2126984,True,ood_nonbacterial
213034,675066,675064,675063,2732461,2732406,2732396,10239,213034,True,ood_nonbacterial
2136037,2136036,178830,11157,2497574,2497569,2732396,10239,2136037,True,ood_nonbacterial
213633,1283209,1283208,2732548,2732463,2732406,2732396,10239,213633,True,ood_nonbacterial
2161875,2842611,1458186,0,0,0,0,10239,2161875,True,ood_nonbacterial
2161876,2842806,1458186,0,0,0,0,10239,2161876,True,ood_nonbacterial
2161880,2842617,1458186,0,0,0,0,10239,2161880,True,ood_nonbacterial
2169571,2169647,2169572,0,0,0,0,10239,2169571,True,ood_nonbacterial
2169685,2169637,12058,464095,2732506,2732408,2732396,10239,2169685,True,ood_nonbacterial
2169686,2841279,2169529,0,2731619,2731618,2731360,10239,2169686,True,ood_nonbacterial
2169687,2731621,2169529,0,2731619,2731618,2731360,10239,2169687,True,ood_nonbacterial
2169689,2841278,2169529,0,2731619,2731618,2731360,10239,2169689,True,ood_nonbacterial
2169692,2169650,151340,2732533,2732421,2732415,2732092,10239,2169692,True,ood_nonbacterial
2169700,2169669,10656,2732558,2732529,2732008,2732005,10239,2169700,True,ood_nonbacterial
2169704,2169651,0,0,2731619,2731618,2731360,10239,2169704,True,ood_nonbacterial
2169707,2169652,0,0,2731619,2731618,2731360,10239,2169707,True,ood_nonbacterial
2169721,2169626,1458186,0,0,0,0,10239,2169721,True,ood_nonbacterial
2169724,2842885,1458186,0,0,0,0,10239,2169724,True,ood_nonbacterial
2169725,674962,324901,464095,2732506,2732408,2732396,10239,2169725,True,ood_nonbacterial
2169730,3044672,0,0,2731619,2731618,2731360,10239,2169730,True,ood_nonbacterial
2169731,2169635,0,0,2731619,2731618,2731360,10239,2169731,True,ood_nonbacterial
2169775,2169638,12058,464095,2732506,2732408,2732396,10239,2169775,True,ood_nonbacterial
2169798,1623280,0,0,2731619,2731618,2731360,10239,2169798,True,ood_nonbacterial
2169814,2169644,2169570,464095,2732506,2732408,2732396,10239,2169814,True,ood_nonbacterial
2169834,2169627,1458186,0,0,0,0,10239,2169834,True,ood_nonbacterial
2169853,1506581,12058,464095,2732506,2732408,2732396,10239,2169853,True,ood_nonbacterial
2169860,10878,10877,2732542,2732460,2732405,2732396,10239,2169860,True,ood_nonbacterial
2169864,2169569,2169568,675063,2732461,2732406,2732396,10239,2169864,True,ood_nonbacterial
2169868,2169641,2842329,0,2731619,2731618,2731360,10239,2169868,True,ood_nonbacterial
2169870,2169653,0,0,2731619,2731618,2731360,10239,2169870,True,ood_nonbacterial
2169883,2169623,0,0,2731619,2731618,2731360,10239,2169883,True,ood_nonbacterial
2169893,2169628,1458186,0,0,0,0,10239,2169893,True,ood_nonbacterial
2169894,2169666,11632,2169561,2732514,2732409,2732397,10239,2169894,True,ood_nonbacterial
2169905,2842656,1458186,0,0,0,0,10239,2169905,True,ood_nonbacterial
2169910,2169612,0,0,2731619,2731618,2731360,10239,2169910,True,ood_nonbacterial
2169918,2733290,10404,2732515,2732514,2732409,2732397,10239,2169918,True,ood_nonbacterial
2169919,2733289,10404,2732515,2732514,2732409,2732397,10239,2169919,True,ood_nonbacterial
2169921,2842814,0,0,2731619,2731618,2731360,10239,2169921,True,ood_nonbacterial
2169922,2843141,0,0,2731619,2731618,2731360,10239,2169922,True,ood_nonbacterial
2169925,2843015,0,0,2731619,2731618,2731360,10239,2169925,True,ood_nonbacterial
2169926,2843126,0,0,2731619,2731618,2731360,10239,2169926,True,ood_nonbacterial
2169927,2842619,0,0,2731619,2731618,2731360,10239,2169927,True,ood_nonbacterial
2169937,2169645,2169570,464095,2732506,2732408,2732396,10239,2169937,True,ood_nonbacterial
2169963,2169642,2842329,0,2731619,2731618,2731360,10239,2169963,True,ood_nonbacterial
2169965,1755589,12058,464095,2732506,2732408,2732396,10239,2169965,True,ood_nonbacterial
2169978,2169621,0,0,2731619,2731618,2731360,10239,2169978,True,ood_nonbacterial
2170027,2169629,1458186,0,0,0,0,10239,2170027,True,ood_nonbacterial
2170030,696855,11974,464095,2732506,2732408,2732396,10239,2170030,True,ood_nonbacterial
2170047,88129,568247,2499881,2497573,2497569,2732396,10239,2170047,True,ood_nonbacterial
2170052,2169639,12058,464095,2732506,2732408,2732396,10239,2170052,True,ood_nonbacterial
2170091,2169655,0,0,2731619,2731618,2731360,10239,2170091,True,ood_nonbacterial
2170098,10875,2732098,2732094,2732411,2732410,2732090,10239,2170098,True,ood_nonbacterial
2170116,2169663,2169574,2732537,2732423,2732416,2732092,10239,2170116,True,ood_nonbacterial
2170139,2169667,11632,2169561,2732514,2732409,2732397,10239,2170139,True,ood_nonbacterial
2170191,2169640,12058,464095,2732506,2732408,2732396,10239,2170191,True,ood_nonbacterial
2170203,2169668,11632,2169561,2732514,2732409,2732397,10239,2170203,True,ood_nonbacterial
2170215,2842973,2842329,0,2731619,2731618,2731360,10239,2170215,True,ood_nonbacterial
2170216,2169643,2842329,0,2731619,2731618,2731360,10239,2170216,True,ood_nonbacterial
2170221,2169625,0,0,2731619,2731618,2731360,10239,2170221,True,ood_nonbacterial
2170233,11007,11006,2732540,2732458,2732405,2732396,10239,2170233,True,ood_nonbacterial
2170234,2169656,0,0,2731619,2731618,2731360,10239,2170234,True,ood_nonbacterial
2170235,2169614,151340,2732533,2732421,2732415,2732092,10239,2170235,True,ood_nonbacterial
2170236,2169615,151340,2732533,2732421,2732415,2732092,10239,2170236,True,ood_nonbacterial
2170237,2169616,151340,2732533,2732421,2732415,2732092,10239,2170237,True,ood_nonbacterial
2170239,2169657,0,0,2731619,2731618,2731360,10239,2170239,True,ood_nonbacterial
2170248,2169622,0,0,2731619,2731618,2731360,10239,2170248,True,ood_nonbacterial
2170254,2169658,0,0,2731619,2731618,2731360,10239,2170254,True,ood_nonbacterial
2173,2172,2159,2158,183925,28890,0,2157,2173,True,ood_nonbacterial
2176,2175,2206,94695,224756,28890,0,2157,2176,True,ood_nonbacterial
217686,1513308,69973,2732544,2732461,2732406,2732396,10239,217686,True,ood_nonbacterial
2180,2179,2178,2158,183925,28890,0,2157,2180,True,ood_nonbacterial
2182400,2733202,0,0,2731619,2731618,2731360,10239,2182400,True,ood_nonbacterial
2187,2184,2183,2182,183939,28890,0,2157,2187,True,ood_nonbacterial
2189,196119,196117,2182,183939,28890,0,2157,2189,True,ood_nonbacterial
219174,564640,185752,0,0,0,0,10239,219174,True,ood_nonbacterial
2198,45989,2194,2191,224756,28890,0,2157,2198,True,ood_nonbacterial
2199,2195,2194,2191,224756,28890,0,2157,2199,True,ood_nonbacterial
2201,81416,2194,2191,224756,28890,0,2157,2201,True,ood_nonbacterial
2203,2202,196137,2191,224756,28890,0,2157,2203,True,ood_nonbacterial
2209,2207,2206,94695,224756,28890,0,2157,2209,True,ood_nonbacterial
221915,1857843,2560065,0,2731619,2731618,2731360,10239,221915,True,ood_nonbacterial
2224,2222,143067,2905377,224756,28890,0,2157,2224,True,ood_nonbacterial
2231603,150366,474943,5125,147550,4890,4751,2759,2231603,True,ood_nonbacterial
2238,2237,1963268,2235,183963,28890,0,2157,2238,True,ood_nonbacterial
2246,2251,1644056,1644055,183963,28890,0,2157,2246,True,ood_nonbacterial
2247,56688,1963271,1644055,183963,28890,0,2157,2247,True,ood_nonbacterial
225588,308912,0,0,2731619,2731618,2731360,10239,225588,True,ood_nonbacterial
2257,63743,1963268,2235,183963,28890,0,2157,2257,True,ood_nonbacterial
2259673,1007082,338190,31932,1643678,651137,0,2157,2259673,True,ood_nonbacterial
2269,2268,114378,2856582,183924,28889,0,2157,2269,True,ood_nonbacterial
227086,227085,0,0,29197,136419,0,2759,227086,True,ood_nonbacterial
227470,2948665,2946170,0,2731619,2731618,2731360,10239,227470,True,ood_nonbacterial
2275,2273,2272,114380,183924,28889,0,2157,2275,True,ood_nonbacterial
2280,2279,2272,114380,183924,28889,0,2157,2280,True,ood_nonbacterial
2282148,662756,2885735,2885734,2885733,1801631,0,2157,2282148,True,ood_nonbacterial
2282206,692605,548682,548681,2731363,2731361,2731360,10239,2282206,True,ood_nonbacterial
2287,2100760,118883,2281,183924,28889,0,2157,2287,True,ood_nonbacterial
229731,203193,1644061,1644060,183963,28890,0,2157,229731,True,ood_nonbacterial
2306623,2733284,39729,2732550,2732507,2732408,2732396,10239,2306623,True,ood_nonbacterial
230871,2733143,2842327,0,2731619,2731618,2731360,10239,230871,True,ood_nonbacterial
2315,2314,2194,2191,224756,28890,0,2157,2315,True,ood_nonbacterial
2317,2316,2159,2158,183925,28890,0,2157,2317,True,ood_nonbacterial
2320,2319,183713,68985,183988,28890,0,2157,2320,True,ood_nonbacterial
2322,2321,2206,94695,224756,28890,0,2157,2322,True,ood_nonbacterial
232237,1623309,0,0,2731619,2731618,2731360,10239,232237,True,ood_nonbacterial
233894,2560244,2946170,0,2731619,2731618,2731360,10239,233894,True,ood_nonbacterial
235201,1623300,0,0,2731619,2731618,2731360,10239,235201,True,ood_nonbacterial
235266,2948650,2946183,1511857,2841637,2840024,2840023,10239,235266,True,ood_nonbacterial
240426,2733300,10240,2732527,2732525,2732007,2732005,10239,240426,True,ood_nonbacterial
242527,1720323,0,0,2731619,2731618,2731360,10239,242527,True,ood_nonbacterial
242703,105850,871007,871006,183924,28889,0,2157,242703,True,ood_nonbacterial
244589,10475,10474,0,0,0,0,10239,244589,True,ood_nonbacterial
245685,1920865,2731691,0,2731619,2731618,2731360,10239,245685,True,ood_nonbacterial
2494552,2733285,39729,2732550,2732507,2732408,2732396,10239,2494552,True,ood_nonbacterial
2499618,2499609,76803,76804,2732506,2732408,2732396,10239,2499618,True,ood_nonbacterial
2499620,2499610,76803,76804,2732506,2732408,2732396,10239,2499620,True,ood_nonbacterial
2499621,2499611,76803,76804,2732506,2732408,2732396,10239,2499621,True,ood_nonbacterial
2499622,2499612,76803,76804,2732506,2732408,2732396,10239,2499622,True,ood_nonbacterial
2499677,2499676,76803,76804,2732506,2732408,2732396,10239,2499677,True,ood_nonbacterial
2499678,2499675,76803,76804,2732506,2732408,2732396,10239,2499678,True,ood_nonbacterial
2499685,2499674,76803,76804,2732506,2732408,2732396,10239,2499685,True,ood_nonbacterial
2499932,2499617,76803,76804,2732506,2732408,2732396,10239,2499932,True,ood_nonbacterial
2501933,2948716,2501985,11157,2497574,2497569,2732396,10239,2501933,True,ood_nonbacterial
2501934,2946788,2501985,11157,2497574,2497569,2732396,10239,2501934,True,ood_nonbacterial
2501935,2948685,2501985,11157,2497574,2497569,2732396,10239,2501935,True,ood_nonbacterial
2501936,2948683,2501985,11157,2497574,2497569,2732396,10239,2501936,True,ood_nonbacterial
2501937,2948759,2501985,11157,2497574,2497569,2732396,10239,2501937,True,ood_nonbacterial
2501942,2948893,2501987,11157,2497574,2497569,2732396,10239,2501942,True,ood_nonbacterial
2501943,2948799,2501987,11157,2497574,2497569,2732396,10239,2501943,True,ood_nonbacterial
2501944,2948673,2501987,11157,2497574,2497569,2732396,10239,2501944,True,ood_nonbacterial
2501945,2948721,2501987,11157,2497574,2497569,2732396,10239,2501945,True,ood_nonbacterial
2501946,2948837,2501987,11157,2497574,2497569,2732396,10239,2501946,True,ood_nonbacterial
2501947,2499615,76803,76804,2732506,2732408,2732396,10239,2501947,True,ood_nonbacterial
2501958,1985709,2501986,11157,2497574,2497569,2732396,10239,2501958,True,ood_nonbacterial
2501965,2499613,76803,76804,2732506,2732408,2732396,10239,2501965,True,ood_nonbacterial
2501969,2499614,76803,76804,2732506,2732408,2732396,10239,2501969,True,ood_nonbacterial
2502000,2499616,76803,76804,2732506,2732408,2732396,10239,2502000,True,ood_nonbacterial
2505977,1070314,2236,2235,183963,28890,0,2157,2505977,True,ood_nonbacterial
2507290,2507289,2501983,76804,2732506,2732408,2732396,10239,2507290,True,ood_nonbacterial
2507503,2507497,2501968,2499405,2497572,2497569,2732396,10239,2507503,True,ood_nonbacterial
2508226,2508224,2501967,76804,2732506,2732408,2732396,10239,2508226,True,ood_nonbacterial
2508233,2508230,2501982,76804,2732506,2732408,2732396,10239,2508233,True,ood_nonbacterial
2508237,2508231,2501982,76804,2732506,2732408,2732396,10239,2508237,True,ood_nonbacterial
2508251,2508243,2508209,76804,2732506,2732408,2732396,10239,2508251,True,ood_nonbacterial
2508252,2508245,2508209,76804,2732506,2732408,2732396,10239,2508252,True,ood_nonbacterial
2508255,2508253,2501959,2499408,2497575,2497569,2732396,10239,2508255,True,ood_nonbacterial
2508259,2508258,2501940,1980410,2497576,2497569,2732396,10239,2508259,True,ood_nonbacterial
2509286,2509285,2501941,1980410,2497576,2497569,2732396,10239,2509286,True,ood_nonbacterial
2509380,2501972,1513294,11157,2497574,2497569,2732396,10239,2509380,True,ood_nonbacterial
2509382,2501973,1513294,11157,2497574,2497569,2732396,10239,2509382,True,ood_nonbacterial
2509383,2501974,1513294,11157,2497574,2497569,2732396,10239,2509383,True,ood_nonbacterial
2509395,2508220,2501983,76804,2732506,2732408,2732396,10239,2509395,True,ood_nonbacterial
251749,181086,10501,2732524,2732523,2732007,2732005,10239,251749,True,ood_nonbacterial
2560261,2560109,0,0,2731619,2731618,2731360,10239,2560261,True,ood_nonbacterial
2560265,2560250,0,0,2731619,2731618,2731360,10239,2560265,True,ood_nonbacterial
2560266,2560170,0,0,2731619,2731618,2731360,10239,2560266,True,ood_nonbacterial
2560269,2560175,0,0,2731619,2731618,2731360,10239,2560269,True,ood_nonbacterial
2560283,2560208,0,0,2731619,2731618,2731360,10239,2560283,True,ood_nonbacterial
2560286,2560207,0,0,2731619,2731618,2731360,10239,2560286,True,ood_nonbacterial
2560287,2560085,12058,464095,2732506,2732408,2732396,10239,2560287,True,ood_nonbacterial
2560293,2560090,12058,464095,2732506,2732408,2732396,10239,2560293,True,ood_nonbacterial
2560297,2560093,2731643,0,2731619,2731618,2731360,10239,2560297,True,ood_nonbacterial
2560300,1980936,0,0,2731619,2731618,2731360,10239,2560300,True,ood_nonbacterial
2560303,2560134,0,0,2731619,2731618,2731360,10239,2560303,True,ood_nonbacterial
2560304,2560153,0,0,2731619,2731618,2731360,10239,2560304,True,ood_nonbacterial
2560308,2560164,324901,464095,2732506,2732408,2732396,10239,2560308,True,ood_nonbacterial
2560332,2842856,2560065,0,2731619,2731618,2731360,10239,2560332,True,ood_nonbacterial
2560333,2560171,0,0,2731619,2731618,2731360,10239,2560333,True,ood_nonbacterial
2560334,2842880,2560065,0,2731619,2731618,2731360,10239,2560334,True,ood_nonbacterial
2560335,2843047,2560065,0,2731619,2731618,2731360,10239,2560335,True,ood_nonbacterial
2560336,2560237,0,0,2731619,2731618,2731360,10239,2560336,True,ood_nonbacterial
2560337,2560228,2560065,0,2731619,2731618,2731360,10239,2560337,True,ood_nonbacterial
2560343,2560097,11974,464095,2732506,2732408,2732396,10239,2560343,True,ood_nonbacterial
2560351,2560105,2560063,2732504,2732500,2732407,2732396,10239,2560351,True,ood_nonbacterial
2560358,2948786,2560065,0,2731619,2731618,2731360,10239,2560358,True,ood_nonbacterial
2560359,2560084,2943001,0,2731619,2731618,2731360,10239,2560359,True,ood_nonbacterial
2560360,2560186,2943001,0,2731619,2731618,2731360,10239,2560360,True,ood_nonbacterial
2560387,2560116,0,0,2731619,2731618,2731360,10239,2560387,True,ood_nonbacterial
2560388,2560117,0,0,2731619,2731618,2731360,10239,2560388,True,ood_nonbacterial
2560392,2560223,0,0,2731619,2731618,2731360,10239,2560392,True,ood_nonbacterial
2560393,2560111,2946175,0,2731619,2731618,2731360,10239,2560393,True,ood_nonbacterial
2560395,2560115,2946175,0,2731619,2731618,2731360,10239,2560395,True,ood_nonbacterial
2560396,2560209,0,0,2731619,2731618,2731360,10239,2560396,True,ood_nonbacterial
2560398,2560149,0,0,2731619,2731618,2731360,10239,2560398,True,ood_nonbacterial
2560400,2560176,0,0,2731619,2731618,2731360,10239,2560400,True,ood_nonbacterial
2560405,2560120,10486,2732555,2732523,2732007,2732005,10239,2560405,True,ood_nonbacterial
2560406,2560152,0,0,2731619,2731618,2731360,10239,2560406,True,ood_nonbacterial
2560407,2560183,0,0,2731619,2731618,2731360,10239,2560407,True,ood_nonbacterial
2560409,2560141,0,0,2731619,2731618,2731360,10239,2560409,True,ood_nonbacterial
2560414,2560123,2731691,0,2731619,2731618,2731360,10239,2560414,True,ood_nonbacterial
2560419,2560160,2560065,0,2731619,2731618,2731360,10239,2560419,True,ood_nonbacterial
2560421,2560124,0,0,2731619,2731618,2731360,10239,2560421,True,ood_nonbacterial
2560422,2732968,2560065,0,2731619,2731618,2731360,10239,2560422,True,ood_nonbacterial
2560434,2560148,0,0,2731619,2731618,2731360,10239,2560434,True,ood_nonbacterial
2560435,2560216,0,0,2731619,2731618,2731360,10239,2560435,True,ood_nonbacterial
2560436,2560094,0,0,2731619,2731618,2731360,10239,2560436,True,ood_nonbacterial
2560440,2560095,0,0,2731619,2731618,2731360,10239,2560440,True,ood_nonbacterial
2560453,2560227,2731691,0,2731619,2731618,2731360,10239,2560453,True,ood_nonbacterial
2560472,2560245,2946157,0,2731619,2731618,2731360,10239,2560472,True,ood_nonbacterial
2560473,2560131,0,0,2731619,2731618,2731360,10239,2560473,True,ood_nonbacterial
2560476,2560132,0,0,2731619,2731618,2731360,10239,2560476,True,ood_nonbacterial
2560479,2560100,249310,2732540,2732458,2732405,2732396,10239,2560479,True,ood_nonbacterial
2560482,2560136,10656,2732558,2732529,2732008,2732005,10239,2560482,True,ood_nonbacterial
2560484,2560096,0,0,2731619,2731618,2731360,10239,2560484,True,ood_nonbacterial
2560485,2560101,0,0,2731619,2731618,2731360,10239,2560485,True,ood_nonbacterial
2560486,2560255,0,0,2731619,2731618,2731360,10239,2560486,True,ood_nonbacterial
2560487,2560106,0,0,2731619,2731618,2731360,10239,2560487,True,ood_nonbacterial
2560489,2560107,0,0,2731619,2731618,2731360,10239,2560489,True,ood_nonbacterial
2560492,2560129,0,0,2731619,2731618,2731360,10239,2560492,True,ood_nonbacterial
2560493,2560135,0,0,2731619,2731618,2731360,10239,2560493,True,ood_nonbacterial
2560494,2560137,0,0,2731619,2731618,2731360,10239,2560494,True,ood_nonbacterial
2560495,2560099,0,0,2731619,2731618,2731360,10239,2560495,True,ood_nonbacterial
2560497,2560127,0,0,2731619,2731618,2731360,10239,2560497,True,ood_nonbacterial
2560498,2560139,0,0,2731619,2731618,2731360,10239,2560498,True,ood_nonbacterial
2560499,2560140,0,0,2731619,2731618,2731360,10239,2560499,True,ood_nonbacterial
2560500,2560138,0,0,2731619,2731618,2731360,10239,2560500,True,ood_nonbacterial
2560501,2560144,0,0,2731619,2731618,2731360,10239,2560501,True,ood_nonbacterial
2560502,2560146,0,0,2731619,2731618,2731360,10239,2560502,True,ood_nonbacterial
2560503,2560143,0,0,2731619,2731618,2731360,10239,2560503,True,ood_nonbacterial
2560506,2560192,0,0,2731619,2731618,2731360,10239,2560506,True,ood_nonbacterial
2560507,2169636,0,0,2731619,2731618,2731360,10239,2560507,True,ood_nonbacterial
2560508,2560193,0,0,2731619,2731618,2731360,10239,2560508,True,ood_nonbacterial
2560509,2560231,0,0,2731619,2731618,2731360,10239,2560509,True,ood_nonbacterial
2560512,2560251,0,0,2731619,2731618,2731360,10239,2560512,True,ood_nonbacterial
2560514,2560257,0,0,2731619,2731618,2731360,10239,2560514,True,ood_nonbacterial
2560530,2560151,0,0,2731619,2731618,2731360,10239,2560530,True,ood_nonbacterial
2560534,2560230,324901,464095,2732506,2732408,2732396,10239,2560534,True,ood_nonbacterial
2560535,2560169,324901,464095,2732506,2732408,2732396,10239,2560535,True,ood_nonbacterial
2560539,2560233,2731690,0,2731619,2731618,2731360,10239,2560539,True,ood_nonbacterial
2560540,2560154,0,0,2731619,2731618,2731360,10239,2560540,True,ood_nonbacterial
2560545,2560086,0,0,2731619,2731618,2731360,10239,2560545,True,ood_nonbacterial
2560548,2560187,2842327,0,2731619,2731618,2731360,10239,2560548,True,ood_nonbacterial
2560552,2560229,2560064,1980410,2497576,2497569,2732396,10239,2560552,True,ood_nonbacterial
2560578,2560173,12058,464095,2732506,2732408,2732396,10239,2560578,True,ood_nonbacterial
2560588,2560122,0,0,2731619,2731618,2731360,10239,2560588,True,ood_nonbacterial
2560589,2560126,0,0,2731619,2731618,2731360,10239,2560589,True,ood_nonbacterial
2560590,2560161,0,0,2731619,2731618,2731360,10239,2560590,True,ood_nonbacterial
2560591,2560150,0,0,2731619,2731618,2731360,10239,2560591,True,ood_nonbacterial
2560592,2560130,0,0,2731619,2731618,2731360,10239,2560592,True,ood_nonbacterial
2560595,2560178,0,0,2731619,2731618,2731360,10239,2560595,True,ood_nonbacterial
2560596,2560203,0,0,2731619,2731618,2731360,10239,2560596,True,ood_nonbacterial
2560597,2560177,11974,464095,2732506,2732408,2732396,10239,2560597,True,ood_nonbacterial
2560598,1511778,12058,464095,2732506,2732408,2732396,10239,2560598,True,ood_nonbacterial
2560608,2560240,0,0,2731619,2731618,2731360,10239,2560608,True,ood_nonbacterial
2560611,2560181,0,0,2731619,2731618,2731360,10239,2560611,True,ood_nonbacterial
2560612,2560182,11974,464095,2732506,2732408,2732396,10239,2560612,True,ood_nonbacterial
2560615,2560219,11974,464095,2732506,2732408,2732396,10239,2560615,True,ood_nonbacterial
2560618,2560167,0,0,2731619,2731618,2731360,10239,2560618,True,ood_nonbacterial
2560619,2843388,0,0,2731619,2731618,2731360,10239,2560619,True,ood_nonbacterial
2560620,2560218,324901,464095,2732506,2732408,2732396,10239,2560620,True,ood_nonbacterial
2560623,2560249,0,0,2731619,2731618,2731360,10239,2560623,True,ood_nonbacterial
2560625,2560247,0,0,2731619,2731618,2731360,10239,2560625,True,ood_nonbacterial
2560629,2560201,0,0,2731619,2731618,2731360,10239,2560629,True,ood_nonbacterial
2560631,2560180,2731690,0,2731619,2731618,2731360,10239,2560631,True,ood_nonbacterial
2560633,2560202,2731643,0,2731619,2731618,2731360,10239,2560633,True,ood_nonbacterial
2560644,2560205,12058,464095,2732506,2732408,2732396,10239,2560644,True,ood_nonbacterial
2560651,2560189,2731690,0,2731619,2731618,2731360,10239,2560651,True,ood_nonbacterial
2560652,2560210,2731690,0,2731619,2731618,2731360,10239,2560652,True,ood_nonbacterial
2560656,2560098,0,0,2731619,2731618,2731360,10239,2560656,True,ood_nonbacterial
2560657,2560102,2731643,0,2731619,2731618,2731360,10239,2560657,True,ood_nonbacterial
2560658,2560104,0,0,2731619,2731618,2731360,10239,2560658,True,ood_nonbacterial
2560666,2560133,0,0,2731619,2731618,2731360,10239,2560666,True,ood_nonbacterial
2560671,2560190,0,0,2731619,2731618,2731360,10239,2560671,True,ood_nonbacterial
2560676,2560204,0,0,2731619,2731618,2731360,10239,2560676,True,ood_nonbacterial
2560679,2560206,2731643,0,2731619,2731618,2731360,10239,2560679,True,ood_nonbacterial
2560680,2560197,0,0,2731619,2731618,2731360,10239,2560680,True,ood_nonbacterial
2560683,2560221,0,0,2731619,2731618,2731360,10239,2560683,True,ood_nonbacterial
2560684,2560248,0,0,2731619,2731618,2731360,10239,2560684,True,ood_nonbacterial
2560686,2560184,2731643,0,2731619,2731618,2731360,10239,2560686,True,ood_nonbacterial
2560688,2560188,0,0,2731619,2731618,2731360,10239,2560688,True,ood_nonbacterial
2560689,2560113,0,0,2731619,2731618,2731360,10239,2560689,True,ood_nonbacterial
2560691,2560235,0,0,2731619,2731618,2731360,10239,2560691,True,ood_nonbacterial
2560692,2560162,0,0,2731619,2731618,2731360,10239,2560692,True,ood_nonbacterial
2560695,2025077,12058,464095,2732506,2732408,2732396,10239,2560695,True,ood_nonbacterial
2560699,2560211,12058,464095,2732506,2732408,2732396,10239,2560699,True,ood_nonbacterial
2560700,2560215,0,0,2731619,2731618,2731360,10239,2560700,True,ood_nonbacterial
2560702,873551,11974,464095,2732506,2732408,2732396,10239,2560702,True,ood_nonbacterial
2560703,2560213,0,0,2731619,2731618,2731360,10239,2560703,True,ood_nonbacterial
2560704,2560172,2560063,2732504,2732500,2732407,2732396,10239,2560704,True,ood_nonbacterial
2560705,2560242,0,0,2731619,2731618,2731360,10239,2560705,True,ood_nonbacterial
2560706,2560253,0,0,2731619,2731618,2731360,10239,2560706,True,ood_nonbacterial
2560720,2560163,0,0,2731619,2731618,2731360,10239,2560720,True,ood_nonbacterial
2560726,2733082,2946167,0,2731619,2731618,2731360,10239,2560726,True,ood_nonbacterial
2560728,1914851,0,0,2731619,2731618,2731360,10239,2560728,True,ood_nonbacterial
2560731,2560108,0,0,2731619,2731618,2731360,10239,2560731,True,ood_nonbacterial
2560736,2560110,11270,11157,2497574,2497569,2732396,10239,2560736,True,ood_nonbacterial
2560745,2560226,2560063,2732504,2732500,2732407,2732396,10239,2560745,True,ood_nonbacterial
2560751,2560128,0,0,2731619,2731618,2731360,10239,2560751,True,ood_nonbacterial
2560752,2560256,2946170,0,2731619,2731618,2731360,10239,2560752,True,ood_nonbacterial
2560753,2560119,178830,11157,2497574,2497569,2732396,10239,2560753,True,ood_nonbacterial
2560762,2560145,2731691,0,2731619,2731618,2731360,10239,2560762,True,ood_nonbacterial
2560778,2560165,0,0,2731619,2731618,2731360,10239,2560778,True,ood_nonbacterial
2560782,2560121,0,0,2731619,2731618,2731360,10239,2560782,True,ood_nonbacterial
2560784,2560214,0,0,2731619,2731618,2731360,10239,2560784,True,ood_nonbacterial
2560785,2560103,0,0,2731619,2731618,2731360,10239,2560785,True,ood_nonbacterial
2560786,2560220,0,0,2731619,2731618,2731360,10239,2560786,True,ood_nonbacterial
2560792,2560225,0,0,2731619,2731618,2731360,10239,2560792,True,ood_nonbacterial
2560802,2560239,0,0,2731619,2731618,2731360,10239,2560802,True,ood_nonbacterial
2560804,2732882,2842326,2732094,2732411,2732410,2732090,10239,2560804,True,ood_nonbacterial
2560818,2560191,687329,0,0,0,0,10239,2560818,True,ood_nonbacterial
2560822,2560241,12058,464095,2732506,2732408,2732396,10239,2560822,True,ood_nonbacterial
2560831,2560092,0,0,2731619,2731618,2731360,10239,2560831,True,ood_nonbacterial
2560834,2560238,0,0,2731619,2731618,2731360,10239,2560834,True,ood_nonbacterial
2560835,2732016,2731690,0,2731619,2731618,2731360,10239,2560835,True,ood_nonbacterial
2560836,2560156,2731690,0,2731619,2731618,2731360,10239,2560836,True,ood_nonbacterial
2560838,2843134,1458186,0,0,0,0,10239,2560838,True,ood_nonbacterial
2560842,2560125,0,0,2731619,2731618,2731360,10239,2560842,True,ood_nonbacterial
2560843,2732886,10860,2732094,2732411,2732410,2732090,10239,2560843,True,ood_nonbacterial
2560846,2560088,11270,11157,2497574,2497569,2732396,10239,2560846,True,ood_nonbacterial
2560847,2943016,2943001,0,2731619,2731618,2731360,10239,2560847,True,ood_nonbacterial
2560848,2560222,2943001,0,2731619,2731618,2731360,10239,2560848,True,ood_nonbacterial
2565781,2856051,2856054,2856053,2856052,1462430,0,2157,2565781,True,ood_nonbacterial
2586965,2974824,2974823,2974822,2974821,192989,0,2157,2586965,True,ood_nonbacterial
2587410,2609811,35718,5139,147550,4890,4751,2759,2587410,True,ood_nonbacterial
2594042,2732160,3049164,3049163,3049162,1655434,0,2157,2594042,True,ood_nonbacterial
259901,1623274,0,0,2731619,2731618,2731360,10239,259901,True,ood_nonbacterial
260149,2842766,2946170,0,2731619,2731618,2731360,10239,260149,True,ood_nonbacterial
260373,2733115,0,0,2731619,2731618,2731360,10239,260373,True,ood_nonbacterial
2607662,2607661,0,2182,183939,28890,0,2157,2607662,True,ood_nonbacterial
261726,1198976,0,0,2731619,2731618,2731360,10239,261726,True,ood_nonbacterial
264729,1198139,0,0,2731619,2731618,2731360,10239,264729,True,ood_nonbacterial
265294,10492,10486,2732555,2732523,2732007,2732005,10239,265294,True,ood_nonbacterial
2653507,2842730,2731691,0,2731619,2731618,2731360,10239,2653507,True,ood_nonbacterial
265877,2948819,69973,2732544,2732461,2732406,2732396,10239,265877,True,ood_nonbacterial
2662283,2943013,2943001,0,2731619,2731618,2731360,10239,2662283,True,ood_nonbacterial
268748,2731983,2731643,0,2731619,2731618,2731360,10239,268748,True,ood_nonbacterial
269145,1511859,1511858,2732557,2732529,2732008,2732005,10239,269145,True,ood_nonbacterial
2696356,2843348,0,0,2731619,2731618,2731360,10239,2696356,True,ood_nonbacterial
2706523,2842928,10811,2732539,2732424,2732416,2732092,10239,2706523,True,ood_nonbacterial
270673,2948768,0,0,2731619,2731618,2731360,10239,270673,True,ood_nonbacterial
27289,278028,4893,4892,4891,4890,4751,2759,27289,True,ood_nonbacterial
2731208,2731207,0,0,2731619,2731618,2731360,10239,2731208,True,ood_nonbacterial
2732591,2732589,2842327,0,2731619,2731618,2731360,10239,2732591,True,ood_nonbacterial
2732655,2732653,2732652,2732547,2732423,2732416,2732092,10239,2732655,True,ood_nonbacterial
2732707,2732693,2731643,0,2731619,2731618,2731360,10239,2732707,True,ood_nonbacterial
2732762,2732675,2731643,0,2731619,2731618,2731360,10239,2732762,True,ood_nonbacterial
2732775,2732676,2731643,0,2731619,2731618,2731360,10239,2732775,True,ood_nonbacterial
2732786,2732677,2731643,0,2731619,2731618,2731360,10239,2732786,True,ood_nonbacterial
2733315,2731672,2731643,0,2731619,2731618,2731360,10239,2733315,True,ood_nonbacterial
2733321,2731671,2731643,0,2731619,2731618,2731360,10239,2733321,True,ood_nonbacterial
2733322,2731673,2731643,0,2731619,2731618,2731360,10239,2733322,True,ood_nonbacterial
2733323,2731674,2731643,0,2731619,2731618,2731360,10239,2733323,True,ood_nonbacterial
2733327,2731675,2731643,0,2731619,2731618,2731360,10239,2733327,True,ood_nonbacterial
2733328,2731676,2731643,0,2731619,2731618,2731360,10239,2733328,True,ood_nonbacterial
2733333,2731677,2731643,0,2731619,2731618,2731360,10239,2733333,True,ood_nonbacterial
2733334,2732920,2731643,0,2731619,2731618,2731360,10239,2733334,True,ood_nonbacterial
2733335,2732921,2731643,0,2731619,2731618,2731360,10239,2733335,True,ood_nonbacterial
2733346,2732922,2731643,0,2731619,2731618,2731360,10239,2733346,True,ood_nonbacterial
2733347,2732923,2731643,0,2731619,2731618,2731360,10239,2733347,True,ood_nonbacterial
2733363,2732909,2731643,0,2731619,2731618,2731360,10239,2733363,True,ood_nonbacterial
2733365,2732910,2731643,0,2731619,2731618,2731360,10239,2733365,True,ood_nonbacterial
2733367,2732911,2731643,0,2731619,2731618,2731360,10239,2733367,True,ood_nonbacterial
2733369,2732912,2731643,0,2731619,2731618,2731360,10239,2733369,True,ood_nonbacterial
2733371,2732913,2731643,0,2731619,2731618,2731360,10239,2733371,True,ood_nonbacterial
2733372,2732914,2731643,0,2731619,2731618,2731360,10239,2733372,True,ood_nonbacterial
2733373,2732915,2731643,0,2731619,2731618,2731360,10239,2733373,True,ood_nonbacterial
2733375,2732916,2731643,0,2731619,2731618,2731360,10239,2733375,True,ood_nonbacterial
2733377,2732917,2731643,0,2731619,2731618,2731360,10239,2733377,True,ood_nonbacterial
2733575,2732918,2731643,0,2731619,2731618,2731360,10239,2733575,True,ood_nonbacterial
2733578,2732925,2731643,0,2731619,2731618,2731360,10239,2733578,True,ood_nonbacterial
2733580,2732927,2731643,0,2731619,2731618,2731360,10239,2733580,True,ood_nonbacterial
2733589,2732929,2731643,0,2731619,2731618,2731360,10239,2733589,True,ood_nonbacterial
2733591,2732930,2731643,0,2731619,2731618,2731360,10239,2733591,True,ood_nonbacterial
2733593,2732931,2731643,0,2731619,2731618,2731360,10239,2733593,True,ood_nonbacterial
2733595,2732932,2731643,0,2731619,2731618,2731360,10239,2733595,True,ood_nonbacterial
2733596,2732933,2731643,0,2731619,2731618,2731360,10239,2733596,True,ood_nonbacterial
2733597,2732937,2731643,0,2731619,2731618,2731360,10239,2733597,True,ood_nonbacterial
2733608,2732938,2731643,0,2731619,2731618,2731360,10239,2733608,True,ood_nonbacterial
2733609,2732939,2731643,0,2731619,2731618,2731360,10239,2733609,True,ood_nonbacterial
2733611,2732678,2731643,0,2731619,2731618,2731360,10239,2733611,True,ood_nonbacterial
2733614,2732679,2731643,0,2731619,2731618,2731360,10239,2733614,True,ood_nonbacterial
2733615,2732680,2731643,0,2731619,2731618,2731360,10239,2733615,True,ood_nonbacterial
2733616,2732681,2731643,0,2731619,2731618,2731360,10239,2733616,True,ood_nonbacterial
2733617,2732682,2731643,0,2731619,2731618,2731360,10239,2733617,True,ood_nonbacterial
2733625,2732684,2731643,0,2731619,2731618,2731360,10239,2733625,True,ood_nonbacterial
2733629,2732685,2731643,0,2731619,2731618,2731360,10239,2733629,True,ood_nonbacterial
2733640,2732686,2731643,0,2731619,2731618,2731360,10239,2733640,True,ood_nonbacterial
2733648,2732687,2731643,0,2731619,2731618,2731360,10239,2733648,True,ood_nonbacterial
2733651,2732688,2731643,0,2731619,2731618,2731360,10239,2733651,True,ood_nonbacterial
2733653,2732689,2731643,0,2731619,2731618,2731360,10239,2733653,True,ood_nonbacterial
2733655,2732690,2731643,0,2731619,2731618,2731360,10239,2733655,True,ood_nonbacterial
2733657,2732691,2731643,0,2731619,2731618,2731360,10239,2733657,True,ood_nonbacterial
2733662,2732692,2731643,0,2731619,2731618,2731360,10239,2733662,True,ood_nonbacterial
2733884,110456,2731643,0,2731619,2731618,2731360,10239,2733884,True,ood_nonbacterial
2733886,2732694,2731643,0,2731619,2731618,2731360,10239,2733886,True,ood_nonbacterial
2733887,2732695,2731643,0,2731619,2731618,2731360,10239,2733887,True,ood_nonbacterial
2733888,2731926,2731643,0,2731619,2731618,2731360,10239,2733888,True,ood_nonbacterial
2733890,2731928,2731643,0,2731619,2731618,2731360,10239,2733890,True,ood_nonbacterial
2733892,2731929,2731643,0,2731619,2731618,2731360,10239,2733892,True,ood_nonbacterial
2733894,2731931,2731643,0,2731619,2731618,2731360,10239,2733894,True,ood_nonbacterial
2733895,2731932,2731643,0,2731619,2731618,2731360,10239,2733895,True,ood_nonbacterial
2733897,2731933,2731643,0,2731619,2731618,2731360,10239,2733897,True,ood_nonbacterial
2733899,2731935,2731643,0,2731619,2731618,2731360,10239,2733899,True,ood_nonbacterial
2733902,2731936,2731643,0,2731619,2731618,2731360,10239,2733902,True,ood_nonbacterial
2733904,2731937,2731643,0,2731619,2731618,2731360,10239,2733904,True,ood_nonbacterial
2733905,2731938,2731643,0,2731619,2731618,2731360,10239,2733905,True,ood_nonbacterial
2733916,2731941,2731643,0,2731619,2731618,2731360,10239,2733916,True,ood_nonbacterial
2733918,2731942,2731643,0,2731619,2731618,2731360,10239,2733918,True,ood_nonbacterial
2733920,2731943,2731643,0,2731619,2731618,2731360,10239,2733920,True,ood_nonbacterial
2733922,2731945,2731643,0,2731619,2731618,2731360,10239,2733922,True,ood_nonbacterial
2733923,2731946,2731643,0,2731619,2731618,2731360,10239,2733923,True,ood_nonbacterial
2733924,2731947,2731643,0,2731619,2731618,2731360,10239,2733924,True,ood_nonbacterial
2733925,2731948,2731643,0,2731619,2731618,2731360,10239,2733925,True,ood_nonbacterial
2733926,2731949,2731643,0,2731619,2731618,2731360,10239,2733926,True,ood_nonbacterial
2733927,2731950,2731643,0,2731619,2731618,2731360,10239,2733927,True,ood_nonbacterial
2733928,2731951,2731643,0,2731619,2731618,2731360,10239,2733928,True,ood_nonbacterial
2733930,2731955,2731643,0,2731619,2731618,2731360,10239,2733930,True,ood_nonbacterial
2733931,2731956,2731643,0,2731619,2731618,2731360,10239,2733931,True,ood_nonbacterial
2733932,2731957,2731643,0,2731619,2731618,2731360,10239,2733932,True,ood_nonbacterial
2733936,2731958,2731643,0,2731619,2731618,2731360,10239,2733936,True,ood_nonbacterial
2733939,2731961,2731643,0,2731619,2731618,2731360,10239,2733939,True,ood_nonbacterial
2733941,2731963,2731643,0,2731619,2731618,2731360,10239,2733941,True,ood_nonbacterial
2733944,2731966,2731643,0,2731619,2731618,2731360,10239,2733944,True,ood_nonbacterial
2733946,2731967,2731643,0,2731619,2731618,2731360,10239,2733946,True,ood_nonbacterial
2733947,2731968,2731643,0,2731619,2731618,2731360,10239,2733947,True,ood_nonbacterial
2733949,2731970,2731643,0,2731619,2731618,2731360,10239,2733949,True,ood_nonbacterial
2733953,2731972,2731643,0,2731619,2731618,2731360,10239,2733953,True,ood_nonbacterial
2733954,2731973,2731643,0,2731619,2731618,2731360,10239,2733954,True,ood_nonbacterial
2733955,2731974,2731643,0,2731619,2731618,2731360,10239,2733955,True,ood_nonbacterial
2733956,2731975,2731643,0,2731619,2731618,2731360,10239,2733956,True,ood_nonbacterial
2733958,2731977,2731643,0,2731619,2731618,2731360,10239,2733958,True,ood_nonbacterial
2733960,2731979,2731643,0,2731619,2731618,2731360,10239,2733960,True,ood_nonbacterial
2733963,2731981,2731643,0,2731619,2731618,2731360,10239,2733963,True,ood_nonbacterial
2733965,2731982,2731643,0,2731619,2731618,2731360,10239,2733965,True,ood_nonbacterial
2733967,2731985,2731643,0,2731619,2731618,2731360,10239,2733967,True,ood_nonbacterial
2733970,2731989,2731643,0,2731619,2731618,2731360,10239,2733970,True,ood_nonbacterial
2733971,2732960,2731689,0,2731619,2731618,2731360,10239,2733971,True,ood_nonbacterial
2733973,2732961,2731689,0,2731619,2731618,2731360,10239,2733973,True,ood_nonbacterial
2733974,2732962,2731689,0,2731619,2731618,2731360,10239,2733974,True,ood_nonbacterial
2733975,2732963,2731689,0,2731619,2731618,2731360,10239,2733975,True,ood_nonbacterial
2733976,2732964,2731689,0,2731619,2731618,2731360,10239,2733976,True,ood_nonbacterial
2733978,2732965,2731689,0,2731619,2731618,2731360,10239,2733978,True,ood_nonbacterial
2733994,2732966,2731690,0,2731619,2731618,2731360,10239,2733994,True,ood_nonbacterial
2733996,2732037,2731690,0,2731619,2731618,2731360,10239,2733996,True,ood_nonbacterial
2733998,2732038,2731690,0,2731619,2731618,2731360,10239,2733998,True,ood_nonbacterial
2734000,2732061,2731691,0,2731619,2731618,2731360,10239,2734000,True,ood_nonbacterial
2734002,2732063,2731691,0,2731619,2731618,2731360,10239,2734002,True,ood_nonbacterial
2734004,2732064,2731691,0,2731619,2731618,2731360,10239,2734004,True,ood_nonbacterial
2734005,2732065,2731691,0,2731619,2731618,2731360,10239,2734005,True,ood_nonbacterial
2734007,2732066,2731691,0,2731619,2731618,2731360,10239,2734007,True,ood_nonbacterial
2734018,2732068,2731691,0,2731619,2731618,2731360,10239,2734018,True,ood_nonbacterial
2734020,2732086,2731691,0,2731619,2731618,2731360,10239,2734020,True,ood_nonbacterial
2734029,2732049,2731691,0,2731619,2731618,2731360,10239,2734029,True,ood_nonbacterial
2734030,2732050,2731691,0,2731619,2731618,2731360,10239,2734030,True,ood_nonbacterial
2734031,2732051,2731691,0,2731619,2731618,2731360,10239,2734031,True,ood_nonbacterial
2734046,2732969,2560065,0,2731619,2731618,2731360,10239,2734046,True,ood_nonbacterial
2734048,2732970,2560065,0,2731619,2731618,2731360,10239,2734048,True,ood_nonbacterial
2734053,2732971,2560065,0,2731619,2731618,2731360,10239,2734053,True,ood_nonbacterial
2734056,2732975,2946167,0,2731619,2731618,2731360,10239,2734056,True,ood_nonbacterial
2734057,2732976,2946167,0,2731619,2731618,2731360,10239,2734057,True,ood_nonbacterial
2734061,2732979,2946167,0,2731619,2731618,2731360,10239,2734061,True,ood_nonbacterial
2734062,2948695,2946167,0,2731619,2731618,2731360,10239,2734062,True,ood_nonbacterial
2734063,2732980,2946167,0,2731619,2731618,2731360,10239,2734063,True,ood_nonbacterial
2734065,2732982,2946167,0,2731619,2731618,2731360,10239,2734065,True,ood_nonbacterial
2734067,2732983,2946167,0,2731619,2731618,2731360,10239,2734067,True,ood_nonbacterial
2734068,2732985,2946167,0,2731619,2731618,2731360,10239,2734068,True,ood_nonbacterial
2734069,2732986,2946167,0,2731619,2731618,2731360,10239,2734069,True,ood_nonbacterial
2734070,2732987,2946167,0,2731619,2731618,2731360,10239,2734070,True,ood_nonbacterial
2734071,2732988,2946167,0,2731619,2731618,2731360,10239,2734071,True,ood_nonbacterial
2734072,2732989,2946167,0,2731619,2731618,2731360,10239,2734072,True,ood_nonbacterial
2734073,2732990,2946167,0,2731619,2731618,2731360,10239,2734073,True,ood_nonbacterial
2734074,2733081,2946167,0,2731619,2731618,2731360,10239,2734074,True,ood_nonbacterial
2734076,2733084,2946167,0,2731619,2731618,2731360,10239,2734076,True,ood_nonbacterial
2734077,2733085,2946167,0,2731619,2731618,2731360,10239,2734077,True,ood_nonbacterial
2734078,2733086,2946160,0,2731619,2731618,2731360,10239,2734078,True,ood_nonbacterial
2734079,2733087,2946160,0,2731619,2731618,2731360,10239,2734079,True,ood_nonbacterial
2734081,2733088,0,0,2731619,2731618,2731360,10239,2734081,True,ood_nonbacterial
2734082,2733089,0,0,2731619,2731618,2731360,10239,2734082,True,ood_nonbacterial
2734083,2733090,2946160,0,2731619,2731618,2731360,10239,2734083,True,ood_nonbacterial
2734084,2733091,0,0,2731619,2731618,2731360,10239,2734084,True,ood_nonbacterial
2734085,2733092,2946160,0,2731619,2731618,2731360,10239,2734085,True,ood_nonbacterial
2734088,2733093,0,0,2731619,2731618,2731360,10239,2734088,True,ood_nonbacterial
2734089,2733094,0,0,2731619,2731618,2731360,10239,2734089,True,ood_nonbacterial
2734093,2733095,0,0,2731619,2731618,2731360,10239,2734093,True,ood_nonbacterial
2734095,2733096,2946160,0,2731619,2731618,2731360,10239,2734095,True,ood_nonbacterial
2734096,2733097,0,0,2731619,2731618,2731360,10239,2734096,True,ood_nonbacterial
2734097,2733098,2946160,0,2731619,2731618,2731360,10239,2734097,True,ood_nonbacterial
2734101,2733099,0,0,2731619,2731618,2731360,10239,2734101,True,ood_nonbacterial
2734102,2733100,2946160,0,2731619,2731618,2731360,10239,2734102,True,ood_nonbacterial
2734103,2733101,2946160,0,2731619,2731618,2731360,10239,2734103,True,ood_nonbacterial
2734105,2733103,0,0,2731619,2731618,2731360,10239,2734105,True,ood_nonbacterial
2734108,2733104,0,0,2731619,2731618,2731360,10239,2734108,True,ood_nonbacterial
2734109,2733105,0,0,2731619,2731618,2731360,10239,2734109,True,ood_nonbacterial
2734110,2733106,0,0,2731619,2731618,2731360,10239,2734110,True,ood_nonbacterial
2734111,2733107,2946160,0,2731619,2731618,2731360,10239,2734111,True,ood_nonbacterial
2734112,2733108,0,0,2731619,2731618,2731360,10239,2734112,True,ood_nonbacterial
2734114,2733109,2946160,0,2731619,2731618,2731360,10239,2734114,True,ood_nonbacterial
2734115,2733110,2946160,0,2731619,2731618,2731360,10239,2734115,True,ood_nonbacterial
2734116,2733111,0,0,2731619,2731618,2731360,10239,2734116,True,ood_nonbacterial
2734117,2733112,0,0,2731619,2731618,2731360,10239,2734117,True,ood_nonbacterial
2734118,2733113,2946160,0,2731619,2731618,2731360,10239,2734118,True,ood_nonbacterial
2734119,2733114,0,0,2731619,2731618,2731360,10239,2734119,True,ood_nonbacterial
2734120,2733116,2946160,0,2731619,2731618,2731360,10239,2734120,True,ood_nonbacterial
2734121,2733117,2946160,0,2731619,2731618,2731360,10239,2734121,True,ood_nonbacterial
2734124,2733118,2946160,0,2731619,2731618,2731360,10239,2734124,True,ood_nonbacterial
2734125,2733119,2946160,0,2731619,2731618,2731360,10239,2734125,True,ood_nonbacterial
2734126,2733120,2946160,0,2731619,2731618,2731360,10239,2734126,True,ood_nonbacterial
2734127,2733121,2946160,0,2731619,2731618,2731360,10239,2734127,True,ood_nonbacterial
2734129,2733123,0,0,2731619,2731618,2731360,10239,2734129,True,ood_nonbacterial
2734131,2733124,0,0,2731619,2731618,2731360,10239,2734131,True,ood_nonbacterial
2734134,2733125,2946160,0,2731619,2731618,2731360,10239,2734134,True,ood_nonbacterial
2734135,2733126,0,0,2731619,2731618,2731360,10239,2734135,True,ood_nonbacterial
2734136,2733127,0,0,2731619,2731618,2731360,10239,2734136,True,ood_nonbacterial
2734140,2733129,2946160,0,2731619,2731618,2731360,10239,2734140,True,ood_nonbacterial
2734142,2733130,0,0,2731619,2731618,2731360,10239,2734142,True,ood_nonbacterial
2734143,2733131,0,0,2731619,2731618,2731360,10239,2734143,True,ood_nonbacterial
2734144,2733132,0,0,2731619,2731618,2731360,10239,2734144,True,ood_nonbacterial
2734145,2733133,0,0,2731619,2731618,2731360,10239,2734145,True,ood_nonbacterial
2734146,2733134,0,0,2731619,2731618,2731360,10239,2734146,True,ood_nonbacterial
2734147,2733135,2946160,0,2731619,2731618,2731360,10239,2734147,True,ood_nonbacterial
2734148,2733136,2946160,0,2731619,2731618,2731360,10239,2734148,True,ood_nonbacterial
2734149,2733137,2946160,0,2731619,2731618,2731360,10239,2734149,True,ood_nonbacterial
2734150,2733138,0,0,2731619,2731618,2731360,10239,2734150,True,ood_nonbacterial
2734151,2733139,2946160,0,2731619,2731618,2731360,10239,2734151,True,ood_nonbacterial
2734153,2733140,0,0,2731619,2731618,2731360,10239,2734153,True,ood_nonbacterial
2734154,2733141,0,0,2731619,2731618,2731360,10239,2734154,True,ood_nonbacterial
2734158,2733142,0,0,2731619,2731618,2731360,10239,2734158,True,ood_nonbacterial
2734159,2948761,0,0,2731619,2731618,2731360,10239,2734159,True,ood_nonbacterial
2734160,2733145,0,0,2731619,2731618,2731360,10239,2734160,True,ood_nonbacterial
2734186,2733146,2842329,0,2731619,2731618,2731360,10239,2734186,True,ood_nonbacterial
2734187,2733148,2842329,0,2731619,2731618,2731360,10239,2734187,True,ood_nonbacterial
2734188,2733149,0,0,2731619,2731618,2731360,10239,2734188,True,ood_nonbacterial
2734190,2733150,0,0,2731619,2731618,2731360,10239,2734190,True,ood_nonbacterial
2734191,2733151,0,0,2731619,2731618,2731360,10239,2734191,True,ood_nonbacterial
2734192,2733152,0,0,2731619,2731618,2731360,10239,2734192,True,ood_nonbacterial
2734194,2733153,0,0,2731619,2731618,2731360,10239,2734194,True,ood_nonbacterial
2734199,2733156,0,0,2731619,2731618,2731360,10239,2734199,True,ood_nonbacterial
2734202,2733157,0,0,2731619,2731618,2731360,10239,2734202,True,ood_nonbacterial
2734203,2733158,0,0,2731619,2731618,2731360,10239,2734203,True,ood_nonbacterial
2734204,2733159,0,0,2731619,2731618,2731360,10239,2734204,True,ood_nonbacterial
2734207,2733160,0,0,2731619,2731618,2731360,10239,2734207,True,ood_nonbacterial
2734208,2733161,0,0,2731619,2731618,2731360,10239,2734208,True,ood_nonbacterial
2734211,2733162,0,0,2731619,2731618,2731360,10239,2734211,True,ood_nonbacterial
2734213,2733163,0,0,2731619,2731618,2731360,10239,2734213,True,ood_nonbacterial
2734214,2733164,0,0,2731619,2731618,2731360,10239,2734214,True,ood_nonbacterial
2734215,2733165,0,0,2731619,2731618,2731360,10239,2734215,True,ood_nonbacterial
2734216,2733166,0,0,2731619,2731618,2731360,10239,2734216,True,ood_nonbacterial
2734217,2733167,0,0,2731619,2731618,2731360,10239,2734217,True,ood_nonbacterial
2734218,2733168,0,0,2731619,2731618,2731360,10239,2734218,True,ood_nonbacterial
2734220,2733169,0,0,2731619,2731618,2731360,10239,2734220,True,ood_nonbacterial
2734222,2733170,0,0,2731619,2731618,2731360,10239,2734222,True,ood_nonbacterial
2734227,2733171,0,0,2731619,2731618,2731360,10239,2734227,True,ood_nonbacterial
2734229,2733172,0,0,2731619,2731618,2731360,10239,2734229,True,ood_nonbacterial
2734230,2733173,0,0,2731619,2731618,2731360,10239,2734230,True,ood_nonbacterial
2734231,2733174,0,0,2731619,2731618,2731360,10239,2734231,True,ood_nonbacterial
2734233,2733175,0,0,2731619,2731618,2731360,10239,2734233,True,ood_nonbacterial
2734235,2733176,0,0,2731619,2731618,2731360,10239,2734235,True,ood_nonbacterial
2734236,2733177,0,0,2731619,2731618,2731360,10239,2734236,True,ood_nonbacterial
2734237,2733178,0,0,2731619,2731618,2731360,10239,2734237,True,ood_nonbacterial
2734238,2733179,0,0,2731619,2731618,2731360,10239,2734238,True,ood_nonbacterial
2734239,2733180,0,0,2731619,2731618,2731360,10239,2734239,True,ood_nonbacterial
2734240,2733181,0,0,2731619,2731618,2731360,10239,2734240,True,ood_nonbacterial
2734241,2733182,0,0,2731619,2731618,2731360,10239,2734241,True,ood_nonbacterial
2734242,2733184,0,0,2731619,2731618,2731360,10239,2734242,True,ood_nonbacterial
2734243,2733185,0,0,2731619,2731618,2731360,10239,2734243,True,ood_nonbacterial
2734244,2733186,0,0,2731619,2731618,2731360,10239,2734244,True,ood_nonbacterial
2734245,2733187,0,0,2731619,2731618,2731360,10239,2734245,True,ood_nonbacterial
2734246,2733188,0,0,2731619,2731618,2731360,10239,2734246,True,ood_nonbacterial
2734247,2733189,0,0,2731619,2731618,2731360,10239,2734247,True,ood_nonbacterial
2734248,2733190,0,0,2731619,2731618,2731360,10239,2734248,True,ood_nonbacterial
2734249,2733191,0,0,2731619,2731618,2731360,10239,2734249,True,ood_nonbacterial
2734250,2733192,0,0,2731619,2731618,2731360,10239,2734250,True,ood_nonbacterial
2734251,2733193,0,0,2731619,2731618,2731360,10239,2734251,True,ood_nonbacterial
2734252,2733194,0,0,2731619,2731618,2731360,10239,2734252,True,ood_nonbacterial
2734254,2733195,0,0,2731619,2731618,2731360,10239,2734254,True,ood_nonbacterial
2734259,2733197,0,0,2731619,2731618,2731360,10239,2734259,True,ood_nonbacterial
2734261,2733198,0,0,2731619,2731618,2731360,10239,2734261,True,ood_nonbacterial
2734262,2733199,0,0,2731619,2731618,2731360,10239,2734262,True,ood_nonbacterial
2734265,186914,2946185,2942677,2731619,2731618,2731360,10239,2734265,True,ood_nonbacterial
2734267,2733203,0,0,2731619,2731618,2731360,10239,2734267,True,ood_nonbacterial
2734268,2733204,0,0,2731619,2731618,2731360,10239,2734268,True,ood_nonbacterial
2734269,2733205,0,0,2731619,2731618,2731360,10239,2734269,True,ood_nonbacterial
2734271,2733206,0,0,2731619,2731618,2731360,10239,2734271,True,ood_nonbacterial
2734272,2733207,0,0,2731619,2731618,2731360,10239,2734272,True,ood_nonbacterial
2734273,2733208,0,0,2731619,2731618,2731360,10239,2734273,True,ood_nonbacterial
2734274,2733209,0,0,2731619,2731618,2731360,10239,2734274,True,ood_nonbacterial
2734275,2733210,0,0,2731619,2731618,2731360,10239,2734275,True,ood_nonbacterial
2734276,2733211,0,0,2731619,2731618,2731360,10239,2734276,True,ood_nonbacterial
2734277,2733212,0,0,2731619,2731618,2731360,10239,2734277,True,ood_nonbacterial
2734278,2733213,0,0,2731619,2731618,2731360,10239,2734278,True,ood_nonbacterial
2734279,2733214,0,0,2731619,2731618,2731360,10239,2734279,True,ood_nonbacterial
2734280,2733215,0,0,2731619,2731618,2731360,10239,2734280,True,ood_nonbacterial
2734283,2733216,0,0,2731619,2731618,2731360,10239,2734283,True,ood_nonbacterial
2734284,2733218,0,0,2731619,2731618,2731360,10239,2734284,True,ood_nonbacterial
2734286,2733219,0,0,2731619,2731618,2731360,10239,2734286,True,ood_nonbacterial
2734287,2733220,2946162,0,2731619,2731618,2731360,10239,2734287,True,ood_nonbacterial
2734291,2733221,0,0,2731619,2731618,2731360,10239,2734291,True,ood_nonbacterial
2734292,2733222,0,0,2731619,2731618,2731360,10239,2734292,True,ood_nonbacterial
2734351,2733237,2732890,2732544,2732461,2732406,2732396,10239,2734351,True,ood_nonbacterial
2734373,2733246,11270,11157,2497574,2497569,2732396,10239,2734373,True,ood_nonbacterial
2734374,2733247,11270,11157,2497574,2497569,2732396,10239,2734374,True,ood_nonbacterial
2734396,2733252,11270,11157,2497574,2497569,2732396,10239,2734396,True,ood_nonbacterial
2734398,2733253,11270,11157,2497574,2497569,2732396,10239,2734398,True,ood_nonbacterial
2734407,2733254,11270,11157,2497574,2497569,2732396,10239,2734407,True,ood_nonbacterial
2734410,2733255,11270,11157,2497574,2497569,2732396,10239,2734410,True,ood_nonbacterial
2734484,2733260,1980418,1980410,2497576,2497569,2732396,10239,2734484,True,ood_nonbacterial
2734500,2733262,2732894,76804,2732506,2732408,2732396,10239,2734500,True,ood_nonbacterial
2734501,2733263,2732895,76804,2732506,2732408,2732396,10239,2734501,True,ood_nonbacterial
2734502,2733264,2732896,76804,2732506,2732408,2732396,10239,2734502,True,ood_nonbacterial
2734512,2733265,2732898,76804,2732506,2732408,2732396,10239,2734512,True,ood_nonbacterial
2734513,2733266,2732899,76804,2732506,2732408,2732396,10239,2734513,True,ood_nonbacterial
2734535,2733273,12058,464095,2732506,2732408,2732396,10239,2734535,True,ood_nonbacterial
2734536,2733274,12058,464095,2732506,2732408,2732396,10239,2734536,True,ood_nonbacterial
2734555,2733283,12058,464095,2732506,2732408,2732396,10239,2734555,True,ood_nonbacterial
2734566,2733294,2732900,0,0,0,0,10239,2734566,True,ood_nonbacterial
2734572,2733295,10240,2732527,2732525,2732007,2732005,10239,2734572,True,ood_nonbacterial
2734573,2733296,10240,2732527,2732525,2732007,2732005,10239,2734573,True,ood_nonbacterial
2734576,2733299,10240,2732527,2732525,2732007,2732005,10239,2734576,True,ood_nonbacterial
2734584,341939,10477,1511857,2841637,2840024,2840023,10239,2734584,True,ood_nonbacterial
2734587,2169631,1458186,0,0,0,0,10239,2734587,True,ood_nonbacterial
2734588,2169632,1458186,0,0,0,0,10239,2734588,True,ood_nonbacterial
2734591,2733303,2732901,0,0,0,0,10239,2734591,True,ood_nonbacterial
2734593,2733304,2732903,0,0,0,0,10239,2734593,True,ood_nonbacterial
27350,5296,5262,5258,162484,5204,4751,2759,27350,True,ood_nonbacterial
273810,699181,2946186,2732541,2732459,2732405,2732396,10239,273810,True,ood_nonbacterial
2741717,2169613,0,0,2731619,2731618,2731360,10239,2741717,True,ood_nonbacterial
2743090,43927,1963271,1644055,183963,28890,0,2157,2743090,True,ood_nonbacterial
2745133,2733226,10780,2732534,2732422,2732415,2732092,10239,2745133,True,ood_nonbacterial
2746072,2946834,2946162,0,2731619,2731618,2731360,10239,2746072,True,ood_nonbacterial
2746925,2733239,2501986,11157,2497574,2497569,2732396,10239,2746925,True,ood_nonbacterial
2747210,10911,2946187,2732541,2732459,2732405,2732396,10239,2747210,True,ood_nonbacterial
2747319,1911604,1911603,2732451,2732449,2732448,2732093,10239,2747319,True,ood_nonbacterial
2747323,1911605,1911603,2732451,2732449,2732448,2732093,10239,2747323,True,ood_nonbacterial
2747343,1911606,1911603,2732451,2732449,2732448,2732093,10239,2747343,True,ood_nonbacterial
2747493,2733251,11270,11157,2497574,2497569,2732396,10239,2747493,True,ood_nonbacterial
2748760,2733154,0,0,2731619,2731618,2731360,10239,2748760,True,ood_nonbacterial
2748764,186794,0,0,2731619,2731618,2731360,10239,2748764,True,ood_nonbacterial
2748958,2733256,1980418,1980410,2497576,2497569,2732396,10239,2748958,True,ood_nonbacterial
2748968,2733249,11270,11157,2497574,2497569,2732396,10239,2748968,True,ood_nonbacterial
2749931,352476,2732902,0,0,0,0,10239,2749931,True,ood_nonbacterial
2761539,2842776,2731691,0,2731619,2731618,2731360,10239,2761539,True,ood_nonbacterial
2784880,2917705,2976354,2235,183963,28890,0,2157,2784880,True,ood_nonbacterial
279280,2733147,0,0,2731619,2731618,2731360,10239,279280,True,ood_nonbacterial
279383,2948782,2946162,0,2731619,2731618,2731360,10239,279383,True,ood_nonbacterial
279538,186768,2732892,2732503,2732499,2732407,2732396,10239,279538,True,ood_nonbacterial
280036,63265,5268,5267,5257,5204,4751,2759,280036,True,ood_nonbacterial
280701,1720324,0,0,2731619,2731618,2731360,10239,280701,True,ood_nonbacterial
280754,243023,34397,5125,147550,4890,4751,2759,280754,True,ood_nonbacterial
28295,693996,11118,76804,2732506,2732408,2732396,10239,28295,True,ood_nonbacterial
28321,10286,10240,2732527,2732525,2732007,2732005,10239,28321,True,ood_nonbacterial
28355,119492,675071,2732544,2732461,2732406,2732396,10239,28355,True,ood_nonbacterial
2841257,1542963,1963268,2235,183963,28890,0,2157,2841257,True,ood_nonbacterial
2841282,2841276,2169529,0,2731619,2731618,2731360,10239,2841282,True,ood_nonbacterial
2841283,2841277,2169529,0,2731619,2731618,2731360,10239,2841283,True,ood_nonbacterial
2841302,2841280,2169529,0,2731619,2731618,2731360,10239,2841302,True,ood_nonbacterial
2841303,2841281,2169529,0,2731619,2731618,2731360,10239,2841303,True,ood_nonbacterial
2843613,2842358,2842332,2842249,2842243,2732407,2732396,10239,2843613,True,ood_nonbacterial
2843619,2842359,2842332,2842249,2842243,2732407,2732396,10239,2843619,True,ood_nonbacterial
2843621,2842976,2842329,0,2731619,2731618,2731360,10239,2843621,True,ood_nonbacterial
2843625,2843423,0,0,2731619,2731618,2731360,10239,2843625,True,ood_nonbacterial
2843626,2842653,2842329,0,2731619,2731618,2731360,10239,2843626,True,ood_nonbacterial
2843628,2842716,2946170,0,2731619,2731618,2731360,10239,2843628,True,ood_nonbacterial
2843629,2842819,2946170,0,2731619,2731618,2731360,10239,2843629,True,ood_nonbacterial
2843630,2842539,2946170,0,2731619,2731618,2731360,10239,2843630,True,ood_nonbacterial
2843639,2842977,2842329,0,2731619,2731618,2731360,10239,2843639,True,ood_nonbacterial
2843640,2843159,2946170,0,2731619,2731618,2731360,10239,2843640,True,ood_nonbacterial
2843641,2842820,2946170,0,2731619,2731618,2731360,10239,2843641,True,ood_nonbacterial
2843643,2842360,2842319,2842247,2842243,2732407,2732396,10239,2843643,True,ood_nonbacterial
2843644,2842361,2842332,2842249,2842243,2732407,2732396,10239,2843644,True,ood_nonbacterial
2843645,2843398,0,0,2731619,2731618,2731360,10239,2843645,True,ood_nonbacterial
2843646,2843436,0,0,2731619,2731618,2731360,10239,2843646,True,ood_nonbacterial
2843653,2842588,2946170,0,2731619,2731618,2731360,10239,2843653,True,ood_nonbacterial
2843654,2843411,0,0,2731619,2731618,2731360,10239,2843654,True,ood_nonbacterial
2843657,2842362,2842319,2842247,2842243,2732407,2732396,10239,2843657,True,ood_nonbacterial
2843658,2842363,2842315,2842249,2842243,2732407,2732396,10239,2843658,True,ood_nonbacterial
2843668,2842364,2842332,2842249,2842243,2732407,2732396,10239,2843668,True,ood_nonbacterial
2843672,2842366,2842331,2842247,2842243,2732407,2732396,10239,2843672,True,ood_nonbacterial
2843674,2842368,2597805,2842248,2842244,2732008,2732005,10239,2843674,True,ood_nonbacterial
2843676,2842370,292638,0,0,0,0,10239,2843676,True,ood_nonbacterial
2843679,2022739,2022738,2841641,2841637,2840024,2840023,10239,2843679,True,ood_nonbacterial
2843681,2843427,0,0,2731619,2731618,2731360,10239,2843681,True,ood_nonbacterial
2843682,2842543,0,0,2731619,2731618,2731360,10239,2843682,True,ood_nonbacterial
2843683,2842372,2842319,2842247,2842243,2732407,2732396,10239,2843683,True,ood_nonbacterial
2843684,2843404,0,0,2731619,2731618,2731360,10239,2843684,True,ood_nonbacterial
2843687,2842374,2842319,2842247,2842243,2732407,2732396,10239,2843687,True,ood_nonbacterial
2843690,2842375,2842319,2842247,2842243,2732407,2732396,10239,2843690,True,ood_nonbacterial
2843691,2842376,2842314,2842247,2842243,2732407,2732396,10239,2843691,True,ood_nonbacterial
2843692,2842377,2842331,2842247,2842243,2732407,2732396,10239,2843692,True,ood_nonbacterial
2843693,2842378,2842319,2842247,2842243,2732407,2732396,10239,2843693,True,ood_nonbacterial
2843695,2843464,0,0,2731619,2731618,2731360,10239,2843695,True,ood_nonbacterial
2843696,2842379,2842318,2842247,2842243,2732407,2732396,10239,2843696,True,ood_nonbacterial
2843700,2842380,2842332,2842249,2842243,2732407,2732396,10239,2843700,True,ood_nonbacterial
2843701,2842381,2842314,2842247,2842243,2732407,2732396,10239,2843701,True,ood_nonbacterial
2843704,2842848,10811,2732539,2732424,2732416,2732092,10239,2843704,True,ood_nonbacterial
2843705,2842382,2842319,2842247,2842243,2732407,2732396,10239,2843705,True,ood_nonbacterial
2843707,2842384,2842332,2842249,2842243,2732407,2732396,10239,2843707,True,ood_nonbacterial
2843716,2842385,2842332,2842249,2842243,2732407,2732396,10239,2843716,True,ood_nonbacterial
2843718,2842386,2842314,2842247,2842243,2732407,2732396,10239,2843718,True,ood_nonbacterial
2843719,2842387,2842332,2842249,2842243,2732407,2732396,10239,2843719,True,ood_nonbacterial
2843722,2843353,0,0,2731619,2731618,2731360,10239,2843722,True,ood_nonbacterial
2843723,2843346,0,0,2731619,2731618,2731360,10239,2843723,True,ood_nonbacterial
2843726,2843405,0,0,2731619,2731618,2731360,10239,2843726,True,ood_nonbacterial
2843729,2843424,0,0,2731619,2731618,2731360,10239,2843729,True,ood_nonbacterial
2843731,1982086,0,0,2731619,2731618,2731360,10239,2843731,True,ood_nonbacterial
2843732,2843468,0,0,2731619,2731618,2731360,10239,2843732,True,ood_nonbacterial
2843733,2843471,0,0,2731619,2731618,2731360,10239,2843733,True,ood_nonbacterial
2843737,2842388,2842332,2842249,2842243,2732407,2732396,10239,2843737,True,ood_nonbacterial
2843739,2842389,2842319,2842247,2842243,2732407,2732396,10239,2843739,True,ood_nonbacterial
2843743,2842390,1883067,11157,2497574,2497569,2732396,10239,2843743,True,ood_nonbacterial
2843747,2842391,157897,1511857,2841637,2840024,2840023,10239,2843747,True,ood_nonbacterial
2843749,2843378,0,0,2731619,2731618,2731360,10239,2843749,True,ood_nonbacterial
2843750,2842609,2842328,0,2731619,2731618,2731360,10239,2843750,True,ood_nonbacterial
2843751,2842991,0,0,2731619,2731618,2731360,10239,2843751,True,ood_nonbacterial
2843752,2843395,0,0,2731619,2731618,2731360,10239,2843752,True,ood_nonbacterial
2843753,2843358,0,0,2731619,2731618,2731360,10239,2843753,True,ood_nonbacterial
2843754,2842546,0,0,2731619,2731618,2731360,10239,2843754,True,ood_nonbacterial
2843756,2842775,2560065,0,2731619,2731618,2731360,10239,2843756,True,ood_nonbacterial
2843757,2843357,0,0,2731619,2731618,2731360,10239,2843757,True,ood_nonbacterial
2843759,2843363,0,0,2731619,2731618,2731360,10239,2843759,True,ood_nonbacterial
2843760,2842583,0,0,2731619,2731618,2731360,10239,2843760,True,ood_nonbacterial
2843762,2842725,2842328,0,2731619,2731618,2731360,10239,2843762,True,ood_nonbacterial
2843765,2843373,0,0,2731619,2731618,2731360,10239,2843765,True,ood_nonbacterial
2843766,2842662,2560065,0,2731619,2731618,2731360,10239,2843766,True,ood_nonbacterial
2843771,2842721,2842328,0,2731619,2731618,2731360,10239,2843771,True,ood_nonbacterial
2843773,2842785,2842328,0,2731619,2731618,2731360,10239,2843773,True,ood_nonbacterial
2843775,2842805,2842328,0,2731619,2731618,2731360,10239,2843775,True,ood_nonbacterial
2843777,2842944,0,0,2731619,2731618,2731360,10239,2843777,True,ood_nonbacterial
2843778,2843434,0,0,2731619,2731618,2731360,10239,2843778,True,ood_nonbacterial
2843780,2843392,0,0,2731619,2731618,2731360,10239,2843780,True,ood_nonbacterial
2843781,2842573,2842328,0,2731619,2731618,2731360,10239,2843781,True,ood_nonbacterial
2843786,2842869,2842328,0,2731619,2731618,2731360,10239,2843786,True,ood_nonbacterial
2843787,2843472,0,0,2731619,2731618,2731360,10239,2843787,True,ood_nonbacterial
2843790,2843460,0,0,2731619,2731618,2731360,10239,2843790,True,ood_nonbacterial
2843791,2843446,0,0,2731619,2731618,2731360,10239,2843791,True,ood_nonbacterial
2843793,2842707,2560065,0,2731619,2731618,2731360,10239,2843793,True,ood_nonbacterial
2843794,2842713,2560065,0,2731619,2731618,2731360,10239,2843794,True,ood_nonbacterial
2843795,2842393,2842314,2842247,2842243,2732407,2732396,10239,2843795,True,ood_nonbacterial
2843803,2842394,2842332,2842249,2842243,2732407,2732396,10239,2843803,True,ood_nonbacterial
2843829,2842395,2842319,2842247,2842243,2732407,2732396,10239,2843829,True,ood_nonbacterial
2843832,2842396,2842319,2842247,2842243,2732407,2732396,10239,2843832,True,ood_nonbacterial
2843834,2842398,2842319,2842247,2842243,2732407,2732396,10239,2843834,True,ood_nonbacterial
2843835,2842399,2842319,2842247,2842243,2732407,2732396,10239,2843835,True,ood_nonbacterial
2843836,2842400,2842332,2842249,2842243,2732407,2732396,10239,2843836,True,ood_nonbacterial
2843837,2842401,2842332,2842249,2842243,2732407,2732396,10239,2843837,True,ood_nonbacterial
2843838,2842402,2842319,2842247,2842243,2732407,2732396,10239,2843838,True,ood_nonbacterial
2843839,2842403,2842318,2842247,2842243,2732407,2732396,10239,2843839,True,ood_nonbacterial
2843840,2842404,2597805,2842248,2842244,2732008,2732005,10239,2843840,True,ood_nonbacterial
2843841,2842549,2022738,2841641,2841637,2840024,2840023,10239,2843841,True,ood_nonbacterial
2843842,2842550,2842332,2842249,2842243,2732407,2732396,10239,2843842,True,ood_nonbacterial
2843845,2842551,2842332,2842249,2842243,2732407,2732396,10239,2843845,True,ood_nonbacterial
2843846,2843354,0,0,2731619,2731618,2731360,10239,2843846,True,ood_nonbacterial
2843848,2842552,2842319,2842247,2842243,2732407,2732396,10239,2843848,True,ood_nonbacterial
2843849,2842553,2842314,2842247,2842243,2732407,2732396,10239,2843849,True,ood_nonbacterial
2843850,2842554,2842319,2842247,2842243,2732407,2732396,10239,2843850,True,ood_nonbacterial
2843851,2842555,2842319,2842247,2842243,2732407,2732396,10239,2843851,True,ood_nonbacterial
2843855,2842556,2842314,2842247,2842243,2732407,2732396,10239,2843855,True,ood_nonbacterial
2843857,2842557,2842319,2842247,2842243,2732407,2732396,10239,2843857,True,ood_nonbacterial
2843858,2842558,2842319,2842247,2842243,2732407,2732396,10239,2843858,True,ood_nonbacterial
2843859,2842542,11270,11157,2497574,2497569,2732396,10239,2843859,True,ood_nonbacterial
2843860,2842559,2842319,2842247,2842243,2732407,2732396,10239,2843860,True,ood_nonbacterial
2843864,2842560,2842315,2842249,2842243,2732407,2732396,10239,2843864,True,ood_nonbacterial
2843865,2842561,2169574,2732537,2732423,2732416,2732092,10239,2843865,True,ood_nonbacterial
2843866,2842562,2842319,2842247,2842243,2732407,2732396,10239,2843866,True,ood_nonbacterial
2843867,2842563,2501952,2499407,2497574,2497569,2732396,10239,2843867,True,ood_nonbacterial
2843869,2842565,2169574,2732537,2732423,2732416,2732092,10239,2843869,True,ood_nonbacterial
2843872,2842566,1883067,11157,2497574,2497569,2732396,10239,2843872,True,ood_nonbacterial
2843875,2842567,573053,0,0,0,0,10239,2843875,True,ood_nonbacterial
2843878,2169575,2169574,2732537,2732423,2732416,2732092,10239,2843878,True,ood_nonbacterial
2843881,2842568,2842319,2842247,2842243,2732407,2732396,10239,2843881,True,ood_nonbacterial
2843882,2843342,0,0,2731619,2731618,2731360,10239,2843882,True,ood_nonbacterial
2843883,2842569,2842332,2842249,2842243,2732407,2732396,10239,2843883,True,ood_nonbacterial
2843890,2842571,2842319,2842247,2842243,2732407,2732396,10239,2843890,True,ood_nonbacterial
2843895,2842572,2842319,2842247,2842243,2732407,2732396,10239,2843895,True,ood_nonbacterial
2843896,2843450,0,0,2731619,2731618,2731360,10239,2843896,True,ood_nonbacterial
2843899,2842576,2842319,2842247,2842243,2732407,2732396,10239,2843899,True,ood_nonbacterial
2843900,2842577,2842332,2842249,2842243,2732407,2732396,10239,2843900,True,ood_nonbacterial
2843902,2842578,2842319,2842247,2842243,2732407,2732396,10239,2843902,True,ood_nonbacterial
2843903,2842579,2842332,2842249,2842243,2732407,2732396,10239,2843903,True,ood_nonbacterial
2843904,2842580,2842314,2842247,2842243,2732407,2732396,10239,2843904,True,ood_nonbacterial
2843905,2842581,2842319,2842247,2842243,2732407,2732396,10239,2843905,True,ood_nonbacterial
2843918,2842584,2842332,2842249,2842243,2732407,2732396,10239,2843918,True,ood_nonbacterial
2843919,2842585,2842319,2842247,2842243,2732407,2732396,10239,2843919,True,ood_nonbacterial
2843923,2842587,2842332,2842249,2842243,2732407,2732396,10239,2843923,True,ood_nonbacterial
2843924,2842589,2842319,2842247,2842243,2732407,2732396,10239,2843924,True,ood_nonbacterial
2843925,2842590,2842315,2842249,2842243,2732407,2732396,10239,2843925,True,ood_nonbacterial
2843927,2842591,2842319,2842247,2842243,2732407,2732396,10239,2843927,True,ood_nonbacterial
2843929,2842592,2842319,2842247,2842243,2732407,2732396,10239,2843929,True,ood_nonbacterial
2843935,2842594,2842325,2499407,2497574,2497569,2732396,10239,2843935,True,ood_nonbacterial
2843937,2842595,2842319,2842247,2842243,2732407,2732396,10239,2843937,True,ood_nonbacterial
2843939,2842596,0,0,2842243,2732407,2732396,10239,2843939,True,ood_nonbacterial
2843940,2842597,2842314,2842247,2842243,2732407,2732396,10239,2843940,True,ood_nonbacterial
2843942,2842599,2842332,2842249,2842243,2732407,2732396,10239,2843942,True,ood_nonbacterial
2843943,2842600,2842319,2842247,2842243,2732407,2732396,10239,2843943,True,ood_nonbacterial
2843944,2842601,2842319,2842247,2842243,2732407,2732396,10239,2843944,True,ood_nonbacterial
2843945,2842602,2842332,2842249,2842243,2732407,2732396,10239,2843945,True,ood_nonbacterial
2843946,2842603,2842314,2842247,2842243,2732407,2732396,10239,2843946,True,ood_nonbacterial
2843947,2842604,2501952,2499407,2497574,2497569,2732396,10239,2843947,True,ood_nonbacterial
2843949,2842605,2842314,2842247,2842243,2732407,2732396,10239,2843949,True,ood_nonbacterial
2843951,2842606,2842319,2842247,2842243,2732407,2732396,10239,2843951,True,ood_nonbacterial
2843953,2842608,2842333,0,2731619,2731618,2731360,10239,2843953,True,ood_nonbacterial
2843965,2842610,2842332,2842249,2842243,2732407,2732396,10239,2843965,True,ood_nonbacterial
2843969,2843477,0,0,2731619,2731618,2731360,10239,2843969,True,ood_nonbacterial
2843972,2843367,0,0,2731619,2731618,2731360,10239,2843972,True,ood_nonbacterial
2843973,2843416,0,0,2731619,2731618,2731360,10239,2843973,True,ood_nonbacterial
2843984,2843455,0,0,2731619,2731618,2731360,10239,2843984,True,ood_nonbacterial
2843988,2842582,2842320,0,2731619,2731618,2731360,10239,2843988,True,ood_nonbacterial
2843989,2842711,2842320,0,2731619,2731618,2731360,10239,2843989,True,ood_nonbacterial
2843990,2842570,2842320,0,2731619,2731618,2731360,10239,2843990,True,ood_nonbacterial
2843993,2843064,2842320,0,2731619,2731618,2731360,10239,2843993,True,ood_nonbacterial
2843995,2842613,2842332,2842249,2842243,2732407,2732396,10239,2843995,True,ood_nonbacterial
2844009,2842614,2842319,2842247,2842243,2732407,2732396,10239,2844009,True,ood_nonbacterial
2844013,2842615,2842332,2842249,2842243,2732407,2732396,10239,2844013,True,ood_nonbacterial
2844020,2169659,2169574,2732537,2732423,2732416,2732092,10239,2844020,True,ood_nonbacterial
2844030,2842618,2842319,2842247,2842243,2732407,2732396,10239,2844030,True,ood_nonbacterial
2844032,2843440,0,0,2731619,2731618,2731360,10239,2844032,True,ood_nonbacterial
2844037,2842620,2501952,2499407,2497574,2497569,2732396,10239,2844037,True,ood_nonbacterial
2844042,2842621,2842332,2842249,2842243,2732407,2732396,10239,2844042,True,ood_nonbacterial
2844049,2842622,2842319,2842247,2842243,2732407,2732396,10239,2844049,True,ood_nonbacterial
2844050,2842929,2842317,2732549,2732505,2732408,2732396,10239,2844050,True,ood_nonbacterial
2844051,2842623,2842321,0,0,0,0,10239,2844051,True,ood_nonbacterial
2844053,2842625,2842315,2842249,2842243,2732407,2732396,10239,2844053,True,ood_nonbacterial
2844054,2842626,2842319,2842247,2842243,2732407,2732396,10239,2844054,True,ood_nonbacterial
2844059,2842632,2842319,2842247,2842243,2732407,2732396,10239,2844059,True,ood_nonbacterial
2844063,2842633,2842319,2842247,2842243,2732407,2732396,10239,2844063,True,ood_nonbacterial
2844068,2842635,2842319,2842247,2842243,2732407,2732396,10239,2844068,True,ood_nonbacterial
2844069,2842636,2842315,2842249,2842243,2732407,2732396,10239,2844069,True,ood_nonbacterial
2844070,2842637,2842315,2842249,2842243,2732407,2732396,10239,2844070,True,ood_nonbacterial
2844071,2842641,2842329,0,2731619,2731618,2731360,10239,2844071,True,ood_nonbacterial
2844081,2842642,2842319,2842247,2842243,2732407,2732396,10239,2844081,True,ood_nonbacterial
2844082,2842643,2842319,2842247,2842243,2732407,2732396,10239,2844082,True,ood_nonbacterial
2844083,2842644,2842331,2842247,2842243,2732407,2732396,10239,2844083,True,ood_nonbacterial
2844084,2842646,2842319,2842247,2842243,2732407,2732396,10239,2844084,True,ood_nonbacterial
2844086,2842647,2842331,2842247,2842243,2732407,2732396,10239,2844086,True,ood_nonbacterial
2844087,2843019,2842329,0,2731619,2731618,2731360,10239,2844087,True,ood_nonbacterial
2844090,2842648,2842314,2842247,2842243,2732407,2732396,10239,2844090,True,ood_nonbacterial
2844091,2842649,2842321,0,0,0,0,10239,2844091,True,ood_nonbacterial
2844092,2842650,2842319,2842247,2842243,2732407,2732396,10239,2844092,True,ood_nonbacterial
2844093,2842651,2842332,2842249,2842243,2732407,2732396,10239,2844093,True,ood_nonbacterial
2844094,2842652,2501952,2499407,2497574,2497569,2732396,10239,2844094,True,ood_nonbacterial
2844096,2842655,2842319,2842247,2842243,2732407,2732396,10239,2844096,True,ood_nonbacterial
2844097,2169660,2169574,2732537,2732423,2732416,2732092,10239,2844097,True,ood_nonbacterial
2844098,2169661,2169574,2732537,2732423,2732416,2732092,10239,2844098,True,ood_nonbacterial
2844107,2842659,2842314,2842247,2842243,2732407,2732396,10239,2844107,True,ood_nonbacterial
2844108,2842660,2842319,2842247,2842243,2732407,2732396,10239,2844108,True,ood_nonbacterial
2844109,2843399,2946170,0,2731619,2731618,2731360,10239,2844109,True,ood_nonbacterial
2844116,2842665,2842319,2842247,2842243,2732407,2732396,10239,2844116,True,ood_nonbacterial
2844118,2842666,2842332,2842249,2842243,2732407,2732396,10239,2844118,True,ood_nonbacterial
2844120,2842661,2842329,0,2731619,2731618,2731360,10239,2844120,True,ood_nonbacterial
2844122,2842911,2946167,0,2731619,2731618,2731360,10239,2844122,True,ood_nonbacterial
2844125,2843420,0,0,2731619,2731618,2731360,10239,2844125,True,ood_nonbacterial
2844127,2843147,0,0,2731619,2731618,2731360,10239,2844127,True,ood_nonbacterial
2844136,2843343,0,0,2731619,2731618,2731360,10239,2844136,True,ood_nonbacterial
2844138,2842908,0,0,2731619,2731618,2731360,10239,2844138,True,ood_nonbacterial
2844144,2842616,2842327,0,2731619,2731618,2731360,10239,2844144,True,ood_nonbacterial
2844149,2842870,2842327,0,2731619,2731618,2731360,10239,2844149,True,ood_nonbacterial
2844152,2842667,10841,2732414,2732413,2732412,2732091,10239,2844152,True,ood_nonbacterial
2844153,2946822,2560063,2732504,2732500,2732407,2732396,10239,2844153,True,ood_nonbacterial
2844154,2842668,2842331,2842247,2842243,2732407,2732396,10239,2844154,True,ood_nonbacterial
2844160,2842671,2842332,2842249,2842243,2732407,2732396,10239,2844160,True,ood_nonbacterial
2844161,2842672,2842332,2842249,2842243,2732407,2732396,10239,2844161,True,ood_nonbacterial
2844164,2843122,2842329,0,2731619,2731618,2731360,10239,2844164,True,ood_nonbacterial
2844165,2842727,0,0,2731619,2731618,2731360,10239,2844165,True,ood_nonbacterial
2844166,2843155,2842329,0,2731619,2731618,2731360,10239,2844166,True,ood_nonbacterial
2844167,2843115,2731691,0,2731619,2731618,2731360,10239,2844167,True,ood_nonbacterial
2844169,2843432,0,0,2731619,2731618,2731360,10239,2844169,True,ood_nonbacterial
2844170,2843396,0,0,2731619,2731618,2731360,10239,2844170,True,ood_nonbacterial
2844171,2843345,0,0,2731619,2731618,2731360,10239,2844171,True,ood_nonbacterial
2844172,2843429,0,0,2731619,2731618,2731360,10239,2844172,True,ood_nonbacterial
2844174,2843360,0,0,2731619,2731618,2731360,10239,2844174,True,ood_nonbacterial
2844175,2843014,2731689,0,2731619,2731618,2731360,10239,2844175,True,ood_nonbacterial
2844204,2842728,2731691,0,2731619,2731618,2731360,10239,2844204,True,ood_nonbacterial
2844233,2842593,2731691,0,2731619,2731618,2731360,10239,2844233,True,ood_nonbacterial
2844234,2843451,0,0,2731619,2731618,2731360,10239,2844234,True,ood_nonbacterial
2844247,2843442,0,0,2731619,2731618,2731360,10239,2844247,True,ood_nonbacterial
2844270,2842674,2842331,2842247,2842243,2732407,2732396,10239,2844270,True,ood_nonbacterial
2844273,2842686,1513294,11157,2497574,2497569,2732396,10239,2844273,True,ood_nonbacterial
2844275,2842675,2842332,2842249,2842243,2732407,2732396,10239,2844275,True,ood_nonbacterial
2844276,2842676,2842319,2842247,2842243,2732407,2732396,10239,2844276,True,ood_nonbacterial
2844278,2842677,2842331,2842247,2842243,2732407,2732396,10239,2844278,True,ood_nonbacterial
2844279,2842678,2842319,2842247,2842243,2732407,2732396,10239,2844279,True,ood_nonbacterial
2844280,2842679,2842332,2842249,2842243,2732407,2732396,10239,2844280,True,ood_nonbacterial
2844281,2842680,2169574,2732537,2732423,2732416,2732092,10239,2844281,True,ood_nonbacterial
2844282,2842681,2842332,2842249,2842243,2732407,2732396,10239,2844282,True,ood_nonbacterial
2844284,2842682,2842314,2842247,2842243,2732407,2732396,10239,2844284,True,ood_nonbacterial
2844285,2842683,2842319,2842247,2842243,2732407,2732396,10239,2844285,True,ood_nonbacterial
2844286,2843426,0,0,2731619,2731618,2731360,10239,2844286,True,ood_nonbacterial
2844287,2843390,0,0,2731619,2731618,2731360,10239,2844287,True,ood_nonbacterial
2844288,2843418,0,0,2731619,2731618,2731360,10239,2844288,True,ood_nonbacterial
2844289,2843408,2946157,0,2731619,2731618,2731360,10239,2844289,True,ood_nonbacterial
2844291,2843435,2946174,0,2731619,2731618,2731360,10239,2844291,True,ood_nonbacterial
2844300,2843465,0,0,2731619,2731618,2731360,10239,2844300,True,ood_nonbacterial
2844302,2842685,2842332,2842249,2842243,2732407,2732396,10239,2844302,True,ood_nonbacterial
2844303,2842687,2842332,2842249,2842243,2732407,2732396,10239,2844303,True,ood_nonbacterial
2844304,2842547,11270,11157,2497574,2497569,2732396,10239,2844304,True,ood_nonbacterial
2844306,2842688,2842332,2842249,2842243,2732407,2732396,10239,2844306,True,ood_nonbacterial
2844309,2843415,0,0,2731619,2731618,2731360,10239,2844309,True,ood_nonbacterial
2844310,2842689,2842319,2842247,2842243,2732407,2732396,10239,2844310,True,ood_nonbacterial
2844311,2842690,2842319,2842247,2842243,2732407,2732396,10239,2844311,True,ood_nonbacterial
2844312,2842691,2842332,2842249,2842243,2732407,2732396,10239,2844312,True,ood_nonbacterial
2844405,2842694,2842332,2842249,2842243,2732407,2732396,10239,2844405,True,ood_nonbacterial
2844406,2842695,2842319,2842247,2842243,2732407,2732396,10239,2844406,True,ood_nonbacterial
2844407,2842697,2842319,2842247,2842243,2732407,2732396,10239,2844407,True,ood_nonbacterial
2844408,2842698,2842332,2842249,2842243,2732407,2732396,10239,2844408,True,ood_nonbacterial
2844522,1542744,1910928,2732539,2732424,2732416,2732092,10239,2844522,True,ood_nonbacterial
2844539,1985365,1910928,2732539,2732424,2732416,2732092,10239,2844539,True,ood_nonbacterial
2844554,1985366,1910928,2732539,2732424,2732416,2732092,10239,2844554,True,ood_nonbacterial
2844568,1941236,1910928,2732539,2732424,2732416,2732092,10239,2844568,True,ood_nonbacterial
2844612,1941238,1910928,2732539,2732424,2732416,2732092,10239,2844612,True,ood_nonbacterial
2844626,1985367,1910928,2732539,2732424,2732416,2732092,10239,2844626,True,ood_nonbacterial
2844641,1985368,1910928,2732539,2732424,2732416,2732092,10239,2844641,True,ood_nonbacterial
2844644,1985369,1910928,2732539,2732424,2732416,2732092,10239,2844644,True,ood_nonbacterial
2844645,2842699,1910928,2732539,2732424,2732416,2732092,10239,2844645,True,ood_nonbacterial
2844646,1985370,1910928,2732539,2732424,2732416,2732092,10239,2844646,True,ood_nonbacterial
2844649,2842700,2842332,2842249,2842243,2732407,2732396,10239,2844649,True,ood_nonbacterial
2844650,2842701,2842315,2842249,2842243,2732407,2732396,10239,2844650,True,ood_nonbacterial
2844652,2842702,2842332,2842249,2842243,2732407,2732396,10239,2844652,True,ood_nonbacterial
2844653,2842704,2842319,2842247,2842243,2732407,2732396,10239,2844653,True,ood_nonbacterial
2844654,2842705,2842319,2842247,2842243,2732407,2732396,10239,2844654,True,ood_nonbacterial
2844656,2842706,2842319,2842247,2842243,2732407,2732396,10239,2844656,True,ood_nonbacterial
2844657,2842708,2842314,2842247,2842243,2732407,2732396,10239,2844657,True,ood_nonbacterial
2844666,2843412,0,0,2731619,2731618,2731360,10239,2844666,True,ood_nonbacterial
2844673,2842796,0,0,2731619,2731618,2731360,10239,2844673,True,ood_nonbacterial
2844675,2843027,0,0,2731619,2731618,2731360,10239,2844675,True,ood_nonbacterial
2844677,2843069,0,0,2731619,2731618,2731360,10239,2844677,True,ood_nonbacterial
2844680,2842709,2842319,2842247,2842243,2732407,2732396,10239,2844680,True,ood_nonbacterial
2844760,2842710,2842332,2842249,2842243,2732407,2732396,10239,2844760,True,ood_nonbacterial
2844785,2842712,2842319,2842247,2842243,2732407,2732396,10239,2844785,True,ood_nonbacterial
2844793,2842714,2842332,2842249,2842243,2732407,2732396,10239,2844793,True,ood_nonbacterial
2844798,2842715,2842319,2842247,2842243,2732407,2732396,10239,2844798,True,ood_nonbacterial
2844808,2842717,2842319,2842247,2842243,2732407,2732396,10239,2844808,True,ood_nonbacterial
2844809,2842718,2842319,2842247,2842243,2732407,2732396,10239,2844809,True,ood_nonbacterial
2844810,2842719,2842332,2842249,2842243,2732407,2732396,10239,2844810,True,ood_nonbacterial
2844811,2842720,2842319,2842247,2842243,2732407,2732396,10239,2844811,True,ood_nonbacterial
2844816,2843389,2946190,2942680,2731619,2731618,2731360,10239,2844816,True,ood_nonbacterial
2844819,2842722,2842315,2842249,2842243,2732407,2732396,10239,2844819,True,ood_nonbacterial
2844820,2842723,2842314,2842247,2842243,2732407,2732396,10239,2844820,True,ood_nonbacterial
2844822,2842724,2842314,2842247,2842243,2732407,2732396,10239,2844822,True,ood_nonbacterial
2844825,2842726,2842332,2842249,2842243,2732407,2732396,10239,2844825,True,ood_nonbacterial
2844831,2842731,2842319,2842247,2842243,2732407,2732396,10239,2844831,True,ood_nonbacterial
2844832,2842732,2842331,2842247,2842243,2732407,2732396,10239,2844832,True,ood_nonbacterial
2844835,2842733,2842314,2842247,2842243,2732407,2732396,10239,2844835,True,ood_nonbacterial
2844838,2842735,2842332,2842249,2842243,2732407,2732396,10239,2844838,True,ood_nonbacterial
2844847,2842736,2842332,2842249,2842243,2732407,2732396,10239,2844847,True,ood_nonbacterial
2844856,2842738,157897,1511857,2841637,2840024,2840023,10239,2844856,True,ood_nonbacterial
2844862,2842541,11270,11157,2497574,2497569,2732396,10239,2844862,True,ood_nonbacterial
2844963,2733241,1883067,11157,2497574,2497569,2732396,10239,2844963,True,ood_nonbacterial
2844975,2842740,2842332,2842249,2842243,2732407,2732396,10239,2844975,True,ood_nonbacterial
2844979,2842741,2842314,2842247,2842243,2732407,2732396,10239,2844979,True,ood_nonbacterial
2844980,2842742,2842319,2842247,2842243,2732407,2732396,10239,2844980,True,ood_nonbacterial
2844981,2842743,2842322,2732011,2732010,2732009,2732006,10239,2844981,True,ood_nonbacterial
2844983,2842744,2842314,2842247,2842243,2732407,2732396,10239,2844983,True,ood_nonbacterial
2844985,2842745,2842332,2842249,2842243,2732407,2732396,10239,2844985,True,ood_nonbacterial
2844986,2842746,2842332,2842249,2842243,2732407,2732396,10239,2844986,True,ood_nonbacterial
2844988,2842747,2842332,2842249,2842243,2732407,2732396,10239,2844988,True,ood_nonbacterial
2844989,2842748,2842332,2842249,2842243,2732407,2732396,10239,2844989,True,ood_nonbacterial
2844994,2842750,2842314,2842247,2842243,2732407,2732396,10239,2844994,True,ood_nonbacterial
2845000,2842752,157897,1511857,2841637,2840024,2840023,10239,2845000,True,ood_nonbacterial
2845003,2842753,2842314,2842247,2842243,2732407,2732396,10239,2845003,True,ood_nonbacterial
2845004,2842754,2842319,2842247,2842243,2732407,2732396,10239,2845004,True,ood_nonbacterial
2845005,2842755,2842319,2842247,2842243,2732407,2732396,10239,2845005,True,ood_nonbacterial
2845006,2842756,2842319,2842247,2842243,2732407,2732396,10239,2845006,True,ood_nonbacterial
2845008,2842759,2842319,2842247,2842243,2732407,2732396,10239,2845008,True,ood_nonbacterial
2845010,2842760,2169574,2732537,2732423,2732416,2732092,10239,2845010,True,ood_nonbacterial
2845012,2842761,2842331,2842247,2842243,2732407,2732396,10239,2845012,True,ood_nonbacterial
2845016,2842762,2842331,2842247,2842243,2732407,2732396,10239,2845016,True,ood_nonbacterial
2845018,2842763,2842314,2842247,2842243,2732407,2732396,10239,2845018,True,ood_nonbacterial
2845019,2842765,2842319,2842247,2842243,2732407,2732396,10239,2845019,True,ood_nonbacterial
2845020,2842767,2842319,2842247,2842243,2732407,2732396,10239,2845020,True,ood_nonbacterial
2845021,2842768,2842314,2842247,2842243,2732407,2732396,10239,2845021,True,ood_nonbacterial
2845023,2842769,157897,1511857,2841637,2840024,2840023,10239,2845023,True,ood_nonbacterial
2845024,2842770,2842315,2842249,2842243,2732407,2732396,10239,2845024,True,ood_nonbacterial
2845025,2842771,2842332,2842249,2842243,2732407,2732396,10239,2845025,True,ood_nonbacterial
2845027,2842772,157897,1511857,2841637,2840024,2840023,10239,2845027,True,ood_nonbacterial
2845028,2842773,2842331,2842247,2842243,2732407,2732396,10239,2845028,True,ood_nonbacterial
2845030,2842777,2842319,2842247,2842243,2732407,2732396,10239,2845030,True,ood_nonbacterial
2845031,2842778,2842332,2842249,2842243,2732407,2732396,10239,2845031,True,ood_nonbacterial
2845032,2842779,2842319,2842247,2842243,2732407,2732396,10239,2845032,True,ood_nonbacterial
2845035,2842780,2842319,2842247,2842243,2732407,2732396,10239,2845035,True,ood_nonbacterial
2845036,2842781,2842319,2842247,2842243,2732407,2732396,10239,2845036,True,ood_nonbacterial
2845037,2842782,2842315,2842249,2842243,2732407,2732396,10239,2845037,True,ood_nonbacterial
2845038,2842783,2842315,2842249,2842243,2732407,2732396,10239,2845038,True,ood_nonbacterial
2845039,2842784,2842318,2842247,2842243,2732407,2732396,10239,2845039,True,ood_nonbacterial
2845040,2842787,2842332,2842249,2842243,2732407,2732396,10239,2845040,True,ood_nonbacterial
2845043,2842788,2842332,2842249,2842243,2732407,2732396,10239,2845043,True,ood_nonbacterial
2845044,2842789,2842319,2842247,2842243,2732407,2732396,10239,2845044,True,ood_nonbacterial
2845046,2842790,2842319,2842247,2842243,2732407,2732396,10239,2845046,True,ood_nonbacterial
2845055,2842791,2842332,2842249,2842243,2732407,2732396,10239,2845055,True,ood_nonbacterial
2845056,2842792,2842319,2842247,2842243,2732407,2732396,10239,2845056,True,ood_nonbacterial
2845058,2842793,2842315,2842249,2842243,2732407,2732396,10239,2845058,True,ood_nonbacterial
2845059,2842794,2842314,2842247,2842243,2732407,2732396,10239,2845059,True,ood_nonbacterial
2845060,2842795,2842319,2842247,2842243,2732407,2732396,10239,2845060,True,ood_nonbacterial
2845062,2842797,2842315,2842249,2842243,2732407,2732396,10239,2845062,True,ood_nonbacterial
2845064,2842798,2842314,2842247,2842243,2732407,2732396,10239,2845064,True,ood_nonbacterial
2845065,2842799,2842319,2842247,2842243,2732407,2732396,10239,2845065,True,ood_nonbacterial
2845066,2842800,2842332,2842249,2842243,2732407,2732396,10239,2845066,True,ood_nonbacterial
2845069,2842801,2842314,2842247,2842243,2732407,2732396,10239,2845069,True,ood_nonbacterial
2845070,2842802,2842332,2842249,2842243,2732407,2732396,10239,2845070,True,ood_nonbacterial
2845071,2842803,2842319,2842247,2842243,2732407,2732396,10239,2845071,True,ood_nonbacterial
2845073,2842804,2842319,2842247,2842243,2732407,2732396,10239,2845073,True,ood_nonbacterial
2845079,2843419,0,0,2731619,2731618,2731360,10239,2845079,True,ood_nonbacterial
2845083,2842888,0,0,2731619,2731618,2731360,10239,2845083,True,ood_nonbacterial
2845088,2842786,2842329,0,2731619,2731618,2731360,10239,2845088,True,ood_nonbacterial
2845093,2843478,2943001,0,2731619,2731618,2731360,10239,2845093,True,ood_nonbacterial
2845095,2842993,2842329,0,2731619,2731618,2731360,10239,2845095,True,ood_nonbacterial
2845097,2843116,2946167,0,2731619,2731618,2731360,10239,2845097,True,ood_nonbacterial
2845099,2843003,2946167,0,2731619,2731618,2731360,10239,2845099,True,ood_nonbacterial
2845109,2843414,0,0,2731619,2731618,2731360,10239,2845109,True,ood_nonbacterial
2845112,2842807,2842318,2842247,2842243,2732407,2732396,10239,2845112,True,ood_nonbacterial
2845113,2842808,2842319,2842247,2842243,2732407,2732396,10239,2845113,True,ood_nonbacterial
2845114,2842809,2842315,2842249,2842243,2732407,2732396,10239,2845114,True,ood_nonbacterial
2845117,2842810,2842319,2842247,2842243,2732407,2732396,10239,2845117,True,ood_nonbacterial
2845118,2842811,2842314,2842247,2842243,2732407,2732396,10239,2845118,True,ood_nonbacterial
2845119,2842812,2842314,2842247,2842243,2732407,2732396,10239,2845119,True,ood_nonbacterial
2845120,2842813,2842319,2842247,2842243,2732407,2732396,10239,2845120,True,ood_nonbacterial
2845123,2842815,2842332,2842249,2842243,2732407,2732396,10239,2845123,True,ood_nonbacterial
2845126,2843129,2560065,0,2731619,2731618,2731360,10239,2845126,True,ood_nonbacterial
2845127,2843105,2560065,0,2731619,2731618,2731360,10239,2845127,True,ood_nonbacterial
2845128,2843349,0,0,2731619,2731618,2731360,10239,2845128,True,ood_nonbacterial
2845129,2843359,0,0,2731619,2731618,2731360,10239,2845129,True,ood_nonbacterial
2845131,2843368,0,0,2731619,2731618,2731360,10239,2845131,True,ood_nonbacterial
2845132,2843397,0,0,2731619,2731618,2731360,10239,2845132,True,ood_nonbacterial
2845133,2843410,0,0,2731619,2731618,2731360,10239,2845133,True,ood_nonbacterial
2845135,2843409,0,0,2731619,2731618,2731360,10239,2845135,True,ood_nonbacterial
2845136,2842737,2560065,0,2731619,2731618,2731360,10239,2845136,True,ood_nonbacterial
2845137,2842663,2560065,0,2731619,2731618,2731360,10239,2845137,True,ood_nonbacterial
2845138,2843413,0,0,2731619,2731618,2731360,10239,2845138,True,ood_nonbacterial
2845140,2843437,0,0,2731619,2731618,2731360,10239,2845140,True,ood_nonbacterial
2845143,2843462,0,0,2731619,2731618,2731360,10239,2845143,True,ood_nonbacterial
2845144,2843393,0,0,2731619,2731618,2731360,10239,2845144,True,ood_nonbacterial
2845146,2843438,0,0,2731619,2731618,2731360,10239,2845146,True,ood_nonbacterial
2845147,2843379,0,0,2731619,2731618,2731360,10239,2845147,True,ood_nonbacterial
2845151,2843474,0,0,2731619,2731618,2731360,10239,2845151,True,ood_nonbacterial
2845155,2843383,0,0,2731619,2731618,2731360,10239,2845155,True,ood_nonbacterial
2845184,2843351,0,0,2731619,2731618,2731360,10239,2845184,True,ood_nonbacterial
2845191,2843449,0,0,2731619,2731618,2731360,10239,2845191,True,ood_nonbacterial
2845386,2843470,0,0,2731619,2731618,2731360,10239,2845386,True,ood_nonbacterial
2845410,2843364,0,0,2731619,2731618,2731360,10239,2845410,True,ood_nonbacterial
2845427,2843466,0,0,2731619,2731618,2731360,10239,2845427,True,ood_nonbacterial
2845428,2843430,0,0,2731619,2731618,2731360,10239,2845428,True,ood_nonbacterial
2845441,2843469,0,0,2731619,2731618,2731360,10239,2845441,True,ood_nonbacterial
2845460,2843441,0,0,2731619,2731618,2731360,10239,2845460,True,ood_nonbacterial
2845482,2842817,2842314,2842247,2842243,2732407,2732396,10239,2845482,True,ood_nonbacterial
2845483,2842818,2842332,2842249,2842243,2732407,2732396,10239,2845483,True,ood_nonbacterial
2845484,2842821,2842332,2842249,2842243,2732407,2732396,10239,2845484,True,ood_nonbacterial
2845488,2842822,2842332,2842249,2842243,2732407,2732396,10239,2845488,True,ood_nonbacterial
2845491,2842823,2842314,2842247,2842243,2732407,2732396,10239,2845491,True,ood_nonbacterial
2845498,2843112,2842333,0,2731619,2731618,2731360,10239,2845498,True,ood_nonbacterial
2845499,2842824,1883067,11157,2497574,2497569,2732396,10239,2845499,True,ood_nonbacterial
2845501,2843448,0,0,2731619,2731618,2731360,10239,2845501,True,ood_nonbacterial
2845502,2843431,0,0,2731619,2731618,2731360,10239,2845502,True,ood_nonbacterial
2845508,2843453,0,0,2731619,2731618,2731360,10239,2845508,True,ood_nonbacterial
2845510,2842825,2842332,2842249,2842243,2732407,2732396,10239,2845510,True,ood_nonbacterial
2845512,2842826,2842332,2842249,2842243,2732407,2732396,10239,2845512,True,ood_nonbacterial
2845517,2508256,2501939,1980410,2497576,2497569,2732396,10239,2845517,True,ood_nonbacterial
2845519,2842827,2842315,2842249,2842243,2732407,2732396,10239,2845519,True,ood_nonbacterial
2845520,2842774,0,0,2731619,2731618,2731360,10239,2845520,True,ood_nonbacterial
2845521,2843051,0,0,2731619,2731618,2731360,10239,2845521,True,ood_nonbacterial
2845526,2842830,2842314,2842247,2842243,2732407,2732396,10239,2845526,True,ood_nonbacterial
2845531,2842831,2842319,2842247,2842243,2732407,2732396,10239,2845531,True,ood_nonbacterial
2845532,2842832,2842332,2842249,2842243,2732407,2732396,10239,2845532,True,ood_nonbacterial
2845533,2733250,11270,11157,2497574,2497569,2732396,10239,2845533,True,ood_nonbacterial
2845534,2842833,2842315,2842249,2842243,2732407,2732396,10239,2845534,True,ood_nonbacterial
2845536,2842834,2842332,2842249,2842243,2732407,2732396,10239,2845536,True,ood_nonbacterial
2845538,2842835,2842319,2842247,2842243,2732407,2732396,10239,2845538,True,ood_nonbacterial
2845545,2842836,2842332,2842249,2842243,2732407,2732396,10239,2845545,True,ood_nonbacterial
2845548,2842837,2842319,2842247,2842243,2732407,2732396,10239,2845548,True,ood_nonbacterial
2845550,2842838,2842319,2842247,2842243,2732407,2732396,10239,2845550,True,ood_nonbacterial
2845552,2842839,2842332,2842249,2842243,2732407,2732396,10239,2845552,True,ood_nonbacterial
2845553,2842840,2842332,2842249,2842243,2732407,2732396,10239,2845553,True,ood_nonbacterial
2845556,2842841,2842314,2842247,2842243,2732407,2732396,10239,2845556,True,ood_nonbacterial
2845558,2842842,2842332,2842249,2842243,2732407,2732396,10239,2845558,True,ood_nonbacterial
2845559,2842843,2842332,2842249,2842243,2732407,2732396,10239,2845559,True,ood_nonbacterial
2845561,2842844,2842319,2842247,2842243,2732407,2732396,10239,2845561,True,ood_nonbacterial
2845564,2842846,2842319,2842247,2842243,2732407,2732396,10239,2845564,True,ood_nonbacterial
2845565,2842847,2842331,2842247,2842243,2732407,2732396,10239,2845565,True,ood_nonbacterial
2845569,2842849,2842319,2842247,2842243,2732407,2732396,10239,2845569,True,ood_nonbacterial
2845570,2842850,2842319,2842247,2842243,2732407,2732396,10239,2845570,True,ood_nonbacterial
2845573,2842853,2842315,2842249,2842243,2732407,2732396,10239,2845573,True,ood_nonbacterial
2845574,2842854,12058,464095,2732506,2732408,2732396,10239,2845574,True,ood_nonbacterial
2845575,2842855,2842319,2842247,2842243,2732407,2732396,10239,2845575,True,ood_nonbacterial
2845577,2842858,2842319,2842247,2842243,2732407,2732396,10239,2845577,True,ood_nonbacterial
2845578,2842859,2842319,2842247,2842243,2732407,2732396,10239,2845578,True,ood_nonbacterial
2845579,2842860,0,0,2842243,2732407,2732396,10239,2845579,True,ood_nonbacterial
2845580,2842861,2842319,2842247,2842243,2732407,2732396,10239,2845580,True,ood_nonbacterial
2845584,2842864,2842319,2842247,2842243,2732407,2732396,10239,2845584,True,ood_nonbacterial
2845585,2842865,2842332,2842249,2842243,2732407,2732396,10239,2845585,True,ood_nonbacterial
2845587,2842540,0,0,2731619,2731618,2731360,10239,2845587,True,ood_nonbacterial
2845588,2843096,0,0,2731619,2731618,2731360,10239,2845588,True,ood_nonbacterial
2845591,2843362,0,0,2731619,2731618,2731360,10239,2845591,True,ood_nonbacterial
2845604,2842867,2842319,2842247,2842243,2732407,2732396,10239,2845604,True,ood_nonbacterial
2845607,2842868,2842332,2842249,2842243,2732407,2732396,10239,2845607,True,ood_nonbacterial
2845608,2169630,1458186,0,0,0,0,10239,2845608,True,ood_nonbacterial
2845610,2842871,2842331,2842247,2842243,2732407,2732396,10239,2845610,True,ood_nonbacterial
2845613,2842872,2842319,2842247,2842243,2732407,2732396,10239,2845613,True,ood_nonbacterial
2845615,2842873,2842332,2842249,2842243,2732407,2732396,10239,2845615,True,ood_nonbacterial
2845617,2842874,2842314,2842247,2842243,2732407,2732396,10239,2845617,True,ood_nonbacterial
2845625,2507291,2501952,2499407,2497574,2497569,2732396,10239,2845625,True,ood_nonbacterial
2845627,2842875,2842332,2842249,2842243,2732407,2732396,10239,2845627,True,ood_nonbacterial
2845631,2842876,2842314,2842247,2842243,2732407,2732396,10239,2845631,True,ood_nonbacterial
2845635,2842877,2842332,2842249,2842243,2732407,2732396,10239,2845635,True,ood_nonbacterial
2845636,2842878,2842319,2842247,2842243,2732407,2732396,10239,2845636,True,ood_nonbacterial
2845638,2842879,2842314,2842247,2842243,2732407,2732396,10239,2845638,True,ood_nonbacterial
2845639,2842882,2501952,2499407,2497574,2497569,2732396,10239,2845639,True,ood_nonbacterial
2845643,2842883,2842319,2842247,2842243,2732407,2732396,10239,2845643,True,ood_nonbacterial
2845647,2842887,2842319,2842247,2842243,2732407,2732396,10239,2845647,True,ood_nonbacterial
2845648,2843369,0,0,2731619,2731618,2731360,10239,2845648,True,ood_nonbacterial
2845649,2843371,0,0,2731619,2731618,2731360,10239,2845649,True,ood_nonbacterial
2845650,2843391,0,0,2731619,2731618,2731360,10239,2845650,True,ood_nonbacterial
2845652,2843382,0,0,2731619,2731618,2731360,10239,2845652,True,ood_nonbacterial
2845653,2843394,0,0,2731619,2731618,2731360,10239,2845653,True,ood_nonbacterial
2845655,2843459,0,0,2731619,2731618,2731360,10239,2845655,True,ood_nonbacterial
2845656,2843461,0,0,2731619,2731618,2731360,10239,2845656,True,ood_nonbacterial
2845657,2843467,0,0,2731619,2731618,2731360,10239,2845657,True,ood_nonbacterial
2845660,2842890,2842324,2499407,2497574,2497569,2732396,10239,2845660,True,ood_nonbacterial
2845661,2842891,2842319,2842247,2842243,2732407,2732396,10239,2845661,True,ood_nonbacterial
2845663,2842893,2842319,2842247,2842243,2732407,2732396,10239,2845663,True,ood_nonbacterial
2845664,2842894,2842319,2842247,2842243,2732407,2732396,10239,2845664,True,ood_nonbacterial
2845665,2842895,2842319,2842247,2842243,2732407,2732396,10239,2845665,True,ood_nonbacterial
2845669,169682,2946172,0,2731619,2731618,2731360,10239,2845669,True,ood_nonbacterial
2845670,2842371,11270,11157,2497574,2497569,2732396,10239,2845670,True,ood_nonbacterial
2845671,2842896,2842315,2842249,2842243,2732407,2732396,10239,2845671,True,ood_nonbacterial
2845672,2842897,2842315,2842249,2842243,2732407,2732396,10239,2845672,True,ood_nonbacterial
2845673,2842898,2842314,2842247,2842243,2732407,2732396,10239,2845673,True,ood_nonbacterial
2845674,2842899,2842332,2842249,2842243,2732407,2732396,10239,2845674,True,ood_nonbacterial
2845676,2842900,2842314,2842247,2842243,2732407,2732396,10239,2845676,True,ood_nonbacterial
2845678,2842901,2842319,2842247,2842243,2732407,2732396,10239,2845678,True,ood_nonbacterial
2845679,2842902,0,0,2842243,2732407,2732396,10239,2845679,True,ood_nonbacterial
2845680,2842903,2501952,2499407,2497574,2497569,2732396,10239,2845680,True,ood_nonbacterial
2845681,2842904,2842314,2842247,2842243,2732407,2732396,10239,2845681,True,ood_nonbacterial
2845682,2842905,2842332,2842249,2842243,2732407,2732396,10239,2845682,True,ood_nonbacterial
2845684,2842906,2842319,2842247,2842243,2732407,2732396,10239,2845684,True,ood_nonbacterial
2845685,2842907,2842319,2842247,2842243,2732407,2732396,10239,2845685,True,ood_nonbacterial
2845688,2843444,0,0,2731619,2731618,2731360,10239,2845688,True,ood_nonbacterial
2845692,2842909,2842319,2842247,2842243,2732407,2732396,10239,2845692,True,ood_nonbacterial
2845693,2842912,2842319,2842247,2842243,2732407,2732396,10239,2845693,True,ood_nonbacterial
2845694,2842913,2842315,2842249,2842243,2732407,2732396,10239,2845694,True,ood_nonbacterial
2845695,2842914,2842313,2499407,2497574,2497569,2732396,10239,2845695,True,ood_nonbacterial
2845696,2842915,2842319,2842247,2842243,2732407,2732396,10239,2845696,True,ood_nonbacterial
2845697,2842917,2842332,2842249,2842243,2732407,2732396,10239,2845697,True,ood_nonbacterial
2845698,2842918,2842331,2842247,2842243,2732407,2732396,10239,2845698,True,ood_nonbacterial
2845700,2842919,2501952,2499407,2497574,2497569,2732396,10239,2845700,True,ood_nonbacterial
2845702,2842920,2842331,2842247,2842243,2732407,2732396,10239,2845702,True,ood_nonbacterial
2845703,2843458,0,0,2731619,2731618,2731360,10239,2845703,True,ood_nonbacterial
2845713,2842921,2842313,2499407,2497574,2497569,2732396,10239,2845713,True,ood_nonbacterial
2845714,2842922,2842319,2842247,2842243,2732407,2732396,10239,2845714,True,ood_nonbacterial
2845715,2842925,2842319,2842247,2842243,2732407,2732396,10239,2845715,True,ood_nonbacterial
2845716,2842926,2842319,2842247,2842243,2732407,2732396,10239,2845716,True,ood_nonbacterial
2845717,2842927,2842319,2842247,2842243,2732407,2732396,10239,2845717,True,ood_nonbacterial
2845718,2842930,2842319,2842247,2842243,2732407,2732396,10239,2845718,True,ood_nonbacterial
2845720,2842931,2842319,2842247,2842243,2732407,2732396,10239,2845720,True,ood_nonbacterial
2845724,2842932,2842319,2842247,2842243,2732407,2732396,10239,2845724,True,ood_nonbacterial
2845728,2842933,2842315,2842249,2842243,2732407,2732396,10239,2845728,True,ood_nonbacterial
2845734,2842657,0,0,2731619,2731618,2731360,10239,2845734,True,ood_nonbacterial
2845743,2843380,0,0,2731619,2731618,2731360,10239,2845743,True,ood_nonbacterial
2845749,2843127,0,0,2731619,2731618,2731360,10239,2845749,True,ood_nonbacterial
2845751,2842935,2842314,2842247,2842243,2732407,2732396,10239,2845751,True,ood_nonbacterial
2845752,2842936,2842315,2842249,2842243,2732407,2732396,10239,2845752,True,ood_nonbacterial
2845753,2842937,2842332,2842249,2842243,2732407,2732396,10239,2845753,True,ood_nonbacterial
2845755,2842938,2842319,2842247,2842243,2732407,2732396,10239,2845755,True,ood_nonbacterial
2845756,2843407,0,0,2731619,2731618,2731360,10239,2845756,True,ood_nonbacterial
2845758,2843417,0,0,2731619,2731618,2731360,10239,2845758,True,ood_nonbacterial
2845768,2842940,2842332,2842249,2842243,2732407,2732396,10239,2845768,True,ood_nonbacterial
2845769,2842941,2184034,0,2732529,2732008,2732005,10239,2845769,True,ood_nonbacterial
2845771,2842829,2184034,0,2732529,2732008,2732005,10239,2845771,True,ood_nonbacterial
2845773,2842943,2842319,2842247,2842243,2732407,2732396,10239,2845773,True,ood_nonbacterial
2845776,2842586,2842329,0,2731619,2731618,2731360,10239,2845776,True,ood_nonbacterial
2845780,2842945,2501952,2499407,2497574,2497569,2732396,10239,2845780,True,ood_nonbacterial
2845781,2842947,2842319,2842247,2842243,2732407,2732396,10239,2845781,True,ood_nonbacterial
2845783,2842948,2842319,2842247,2842243,2732407,2732396,10239,2845783,True,ood_nonbacterial
2845793,2842949,1883067,11157,2497574,2497569,2732396,10239,2845793,True,ood_nonbacterial
2845798,2842951,2842319,2842247,2842243,2732407,2732396,10239,2845798,True,ood_nonbacterial
2845801,2842952,2842332,2842249,2842243,2732407,2732396,10239,2845801,True,ood_nonbacterial
2845804,2842953,2842319,2842247,2842243,2732407,2732396,10239,2845804,True,ood_nonbacterial
2845831,2842954,2842319,2842247,2842243,2732407,2732396,10239,2845831,True,ood_nonbacterial
2845833,2842955,2842319,2842247,2842243,2732407,2732396,10239,2845833,True,ood_nonbacterial
2845835,2842950,2560063,2732504,2732500,2732407,2732396,10239,2845835,True,ood_nonbacterial
2845838,2842956,2842332,2842249,2842243,2732407,2732396,10239,2845838,True,ood_nonbacterial
2845841,2842957,2842319,2842247,2842243,2732407,2732396,10239,2845841,True,ood_nonbacterial
2845843,2842958,1883067,11157,2497574,2497569,2732396,10239,2845843,True,ood_nonbacterial
2845844,2842959,2842314,2842247,2842243,2732407,2732396,10239,2845844,True,ood_nonbacterial
2845848,2842960,2842319,2842247,2842243,2732407,2732396,10239,2845848,True,ood_nonbacterial
2845851,2842961,2842319,2842247,2842243,2732407,2732396,10239,2845851,True,ood_nonbacterial
2845854,2842962,2842332,2842249,2842243,2732407,2732396,10239,2845854,True,ood_nonbacterial
2845858,2842963,2501952,2499407,2497574,2497569,2732396,10239,2845858,True,ood_nonbacterial
2845860,2842965,1883067,11157,2497574,2497569,2732396,10239,2845860,True,ood_nonbacterial
2845861,2842967,2842332,2842249,2842243,2732407,2732396,10239,2845861,True,ood_nonbacterial
2845862,2842968,2842319,2842247,2842243,2732407,2732396,10239,2845862,True,ood_nonbacterial
2845867,2842969,2842332,2842249,2842243,2732407,2732396,10239,2845867,True,ood_nonbacterial
2845868,2842970,2842314,2842247,2842243,2732407,2732396,10239,2845868,True,ood_nonbacterial
2845870,2842971,2842319,2842247,2842243,2732407,2732396,10239,2845870,True,ood_nonbacterial
2845872,2842975,2842319,2842247,2842243,2732407,2732396,10239,2845872,True,ood_nonbacterial
2845873,2843079,10508,2732559,2732529,2732008,2732005,10239,2845873,True,ood_nonbacterial
2845939,2843447,2946160,0,2731619,2731618,2731360,10239,2845939,True,ood_nonbacterial
2845941,2842889,2731689,0,2731619,2731618,2731360,10239,2845941,True,ood_nonbacterial
2845947,2842978,2842319,2842247,2842243,2732407,2732396,10239,2845947,True,ood_nonbacterial
2845949,2843454,0,0,2731619,2731618,2731360,10239,2845949,True,ood_nonbacterial
2845951,2842862,2842333,0,2731619,2731618,2731360,10239,2845951,True,ood_nonbacterial
2845952,2842857,2842329,0,2731619,2731618,2731360,10239,2845952,True,ood_nonbacterial
2845954,2843128,2731643,0,2731619,2731618,2731360,10239,2845954,True,ood_nonbacterial
2845959,2842828,2842329,0,2731619,2731618,2731360,10239,2845959,True,ood_nonbacterial
2845961,2842942,2842333,0,2731619,2731618,2731360,10239,2845961,True,ood_nonbacterial
2845962,2843402,0,0,2731619,2731618,2731360,10239,2845962,True,ood_nonbacterial
2845967,2843161,2842329,0,2731619,2731618,2731360,10239,2845967,True,ood_nonbacterial
2845969,2843162,2842329,0,2731619,2731618,2731360,10239,2845969,True,ood_nonbacterial
2845970,2842758,2842329,0,2731619,2731618,2731360,10239,2845970,True,ood_nonbacterial
2845972,2842980,2842332,2842249,2842243,2732407,2732396,10239,2845972,True,ood_nonbacterial
2845974,2842981,2842319,2842247,2842243,2732407,2732396,10239,2845974,True,ood_nonbacterial
2845978,2842983,2842314,2842247,2842243,2732407,2732396,10239,2845978,True,ood_nonbacterial
2845985,2842984,2842332,2842249,2842243,2732407,2732396,10239,2845985,True,ood_nonbacterial
2845986,2842985,2501952,2499407,2497574,2497569,2732396,10239,2845986,True,ood_nonbacterial
2845988,2842986,2842319,2842247,2842243,2732407,2732396,10239,2845988,True,ood_nonbacterial
2845989,2842987,2842332,2842249,2842243,2732407,2732396,10239,2845989,True,ood_nonbacterial
2845990,2842988,2842331,2842247,2842243,2732407,2732396,10239,2845990,True,ood_nonbacterial
2845992,2842989,2842331,2842247,2842243,2732407,2732396,10239,2845992,True,ood_nonbacterial
2846003,2842990,2842332,2842249,2842243,2732407,2732396,10239,2846003,True,ood_nonbacterial
2846015,2946826,2560063,2732504,2732500,2732407,2732396,10239,2846015,True,ood_nonbacterial
2846017,2842994,2842314,2842247,2842243,2732407,2732396,10239,2846017,True,ood_nonbacterial
2846027,2842997,2842319,2842247,2842243,2732407,2732396,10239,2846027,True,ood_nonbacterial
2846035,2842998,2842314,2842247,2842243,2732407,2732396,10239,2846035,True,ood_nonbacterial
2846037,2842999,12058,464095,2732506,2732408,2732396,10239,2846037,True,ood_nonbacterial
2846038,2842373,2731643,0,2731619,2731618,2731360,10239,2846038,True,ood_nonbacterial
2846039,2843355,0,0,2731619,2731618,2731360,10239,2846039,True,ood_nonbacterial
2846040,2843366,0,0,2731619,2731618,2731360,10239,2846040,True,ood_nonbacterial
2846044,2843385,0,0,2731619,2731618,2731360,10239,2846044,True,ood_nonbacterial
2846049,2843381,0,0,2731619,2731618,2731360,10239,2846049,True,ood_nonbacterial
2846050,2843443,0,0,2731619,2731618,2731360,10239,2846050,True,ood_nonbacterial
2846054,2843001,2842319,2842247,2842243,2732407,2732396,10239,2846054,True,ood_nonbacterial
2846055,2843002,2842319,2842247,2842243,2732407,2732396,10239,2846055,True,ood_nonbacterial
2846059,2843004,1883067,11157,2497574,2497569,2732396,10239,2846059,True,ood_nonbacterial
2846061,2843457,0,0,2731619,2731618,2731360,10239,2846061,True,ood_nonbacterial
2846063,2842670,10656,2732558,2732529,2732008,2732005,10239,2846063,True,ood_nonbacterial
2846064,2843473,0,0,2731619,2731618,2731360,10239,2846064,True,ood_nonbacterial
2846065,2843006,2842315,2842249,2842243,2732407,2732396,10239,2846065,True,ood_nonbacterial
2846066,2843009,2842332,2842249,2842243,2732407,2732396,10239,2846066,True,ood_nonbacterial
2846068,2843010,2842332,2842249,2842243,2732407,2732396,10239,2846068,True,ood_nonbacterial
2846069,2842544,2842329,0,2731619,2731618,2731360,10239,2846069,True,ood_nonbacterial
2846071,11040,2560066,2732543,2732461,2732406,2732396,10239,2846071,True,ood_nonbacterial
2846075,2842974,2842329,0,2731619,2731618,2731360,10239,2846075,True,ood_nonbacterial
2846076,2843012,2842319,2842247,2842243,2732407,2732396,10239,2846076,True,ood_nonbacterial
2846079,2843017,2842333,0,2731619,2731618,2731360,10239,2846079,True,ood_nonbacterial
2846104,2842764,2946167,0,2731619,2731618,2731360,10239,2846104,True,ood_nonbacterial
2846123,2843350,0,0,2731619,2731618,2731360,10239,2846123,True,ood_nonbacterial
2846144,2843018,2842318,2842247,2842243,2732407,2732396,10239,2846144,True,ood_nonbacterial
2846146,2842548,11270,11157,2497574,2497569,2732396,10239,2846146,True,ood_nonbacterial
2846149,2843020,2501952,2499407,2497574,2497569,2732396,10239,2846149,True,ood_nonbacterial
2846161,1883068,1883067,11157,2497574,2497569,2732396,10239,2846161,True,ood_nonbacterial
2846166,2843021,2842314,2842247,2842243,2732407,2732396,10239,2846166,True,ood_nonbacterial
2846168,2843022,2842319,2842247,2842243,2732407,2732396,10239,2846168,True,ood_nonbacterial
2846169,2843023,0,0,2842243,2732407,2732396,10239,2846169,True,ood_nonbacterial
2846170,2843024,2842332,2842249,2842243,2732407,2732396,10239,2846170,True,ood_nonbacterial
2846171,2843025,2842314,2842247,2842243,2732407,2732396,10239,2846171,True,ood_nonbacterial
2846172,2843026,2842314,2842247,2842243,2732407,2732396,10239,2846172,True,ood_nonbacterial
2846174,2843028,2842319,2842247,2842243,2732407,2732396,10239,2846174,True,ood_nonbacterial
2846176,2843029,2842319,2842247,2842243,2732407,2732396,10239,2846176,True,ood_nonbacterial
2846177,2843030,2842315,2842249,2842243,2732407,2732396,10239,2846177,True,ood_nonbacterial
2846179,2843422,0,0,2731619,2731618,2731360,10239,2846179,True,ood_nonbacterial
2846180,2843428,0,0,2731619,2731618,2731360,10239,2846180,True,ood_nonbacterial
2846184,2843425,0,0,2731619,2731618,2731360,10239,2846184,True,ood_nonbacterial
2846185,2843433,0,0,2731619,2731618,2731360,10239,2846185,True,ood_nonbacterial
2846187,2843031,2842332,2842249,2842243,2732407,2732396,10239,2846187,True,ood_nonbacterial
2846190,2843032,2842331,2842247,2842243,2732407,2732396,10239,2846190,True,ood_nonbacterial
2846191,2843033,2842319,2842247,2842243,2732407,2732396,10239,2846191,True,ood_nonbacterial
2846193,2842369,11270,11157,2497574,2497569,2732396,10239,2846193,True,ood_nonbacterial
2846194,2842406,11270,11157,2497574,2497569,2732396,10239,2846194,True,ood_nonbacterial
2846196,2843035,2842319,2842247,2842243,2732407,2732396,10239,2846196,True,ood_nonbacterial
2846208,2843036,2842315,2842249,2842243,2732407,2732396,10239,2846208,True,ood_nonbacterial
2846209,2843037,2842319,2842247,2842243,2732407,2732396,10239,2846209,True,ood_nonbacterial
2846210,2843038,2842315,2842249,2842243,2732407,2732396,10239,2846210,True,ood_nonbacterial
2846213,2843039,2842319,2842247,2842243,2732407,2732396,10239,2846213,True,ood_nonbacterial
2846215,2843040,2842319,2842247,2842243,2732407,2732396,10239,2846215,True,ood_nonbacterial
2846216,2843041,2842314,2842247,2842243,2732407,2732396,10239,2846216,True,ood_nonbacterial
2846217,2843042,2842319,2842247,2842243,2732407,2732396,10239,2846217,True,ood_nonbacterial
2846226,2843043,2842332,2842249,2842243,2732407,2732396,10239,2846226,True,ood_nonbacterial
2846231,2843046,2842319,2842247,2842243,2732407,2732396,10239,2846231,True,ood_nonbacterial
2846232,2842739,2842329,0,2731619,2731618,2731360,10239,2846232,True,ood_nonbacterial
2846233,2843049,2842319,2842247,2842243,2732407,2732396,10239,2846233,True,ood_nonbacterial
2846234,2843050,0,0,2842243,2732407,2732396,10239,2846234,True,ood_nonbacterial
2846235,2843052,2842319,2842247,2842243,2732407,2732396,10239,2846235,True,ood_nonbacterial
2846236,2843053,2842332,2842249,2842243,2732407,2732396,10239,2846236,True,ood_nonbacterial
2846237,2843054,2842319,2842247,2842243,2732407,2732396,10239,2846237,True,ood_nonbacterial
2846239,2843055,1458186,0,0,0,0,10239,2846239,True,ood_nonbacterial
2846241,2843056,2842332,2842249,2842243,2732407,2732396,10239,2846241,True,ood_nonbacterial
2846243,2843057,2842319,2842247,2842243,2732407,2732396,10239,2846243,True,ood_nonbacterial
2846269,2842946,0,0,2731619,2731618,2731360,10239,2846269,True,ood_nonbacterial
2846291,2843370,0,0,2731619,2731618,2731360,10239,2846291,True,ood_nonbacterial
2846383,2843058,2842319,2842247,2842243,2732407,2732396,10239,2846383,True,ood_nonbacterial
2846386,2843059,2842332,2842249,2842243,2732407,2732396,10239,2846386,True,ood_nonbacterial
2846388,2843421,0,0,2731619,2731618,2731360,10239,2846388,True,ood_nonbacterial
2846391,2842972,2842329,0,2731619,2731618,2731360,10239,2846391,True,ood_nonbacterial
2846392,2843347,0,0,2731619,2731618,2731360,10239,2846392,True,ood_nonbacterial
2846393,2843361,0,0,2731619,2731618,2731360,10239,2846393,True,ood_nonbacterial
2846395,2843386,0,0,2731619,2731618,2731360,10239,2846395,True,ood_nonbacterial
2846396,2842684,0,0,2731619,2731618,2731360,10239,2846396,True,ood_nonbacterial
2846399,2842757,0,0,2731619,2731618,2731360,10239,2846399,True,ood_nonbacterial
2846404,2843400,0,0,2731619,2731618,2731360,10239,2846404,True,ood_nonbacterial
2846405,2842852,0,0,2731619,2731618,2731360,10239,2846405,True,ood_nonbacterial
2846406,2842639,10656,2732558,2732529,2732008,2732005,10239,2846406,True,ood_nonbacterial
2846410,2843061,2842314,2842247,2842243,2732407,2732396,10239,2846410,True,ood_nonbacterial
2846413,2843062,2842332,2842249,2842243,2732407,2732396,10239,2846413,True,ood_nonbacterial
2846414,2842545,2842329,0,2731619,2731618,2731360,10239,2846414,True,ood_nonbacterial
2846415,2843000,2842329,0,2731619,2731618,2731360,10239,2846415,True,ood_nonbacterial
2846417,2843063,2842332,2842249,2842243,2732407,2732396,10239,2846417,True,ood_nonbacterial
2846418,2843065,2842319,2842247,2842243,2732407,2732396,10239,2846418,True,ood_nonbacterial
2846420,2843066,2501952,2499407,2497574,2497569,2732396,10239,2846420,True,ood_nonbacterial
2846423,2843067,2842319,2842247,2842243,2732407,2732396,10239,2846423,True,ood_nonbacterial
2846424,2843068,2842332,2842249,2842243,2732407,2732396,10239,2846424,True,ood_nonbacterial
2846425,2843071,2842319,2842247,2842243,2732407,2732396,10239,2846425,True,ood_nonbacterial
2846426,2843073,2842319,2842247,2842243,2732407,2732396,10239,2846426,True,ood_nonbacterial
2846427,2843074,2842319,2842247,2842243,2732407,2732396,10239,2846427,True,ood_nonbacterial
2846428,2843075,2842332,2842249,2842243,2732407,2732396,10239,2846428,True,ood_nonbacterial
2846429,2843076,2842319,2842247,2842243,2732407,2732396,10239,2846429,True,ood_nonbacterial
2846431,2843077,2842332,2842249,2842243,2732407,2732396,10239,2846431,True,ood_nonbacterial
2846434,2843078,2842318,2842247,2842243,2732407,2732396,10239,2846434,True,ood_nonbacterial
2846435,2843456,0,0,2731619,2731618,2731360,10239,2846435,True,ood_nonbacterial
2846436,2843406,0,0,2731619,2731618,2731360,10239,2846436,True,ood_nonbacterial
2846437,2843080,0,0,2842243,2732407,2732396,10239,2846437,True,ood_nonbacterial
2846438,2843083,2842332,2842249,2842243,2732407,2732396,10239,2846438,True,ood_nonbacterial
2846439,2843084,2842319,2842247,2842243,2732407,2732396,10239,2846439,True,ood_nonbacterial
2846440,2843085,2842331,2842247,2842243,2732407,2732396,10239,2846440,True,ood_nonbacterial
2846441,2843086,2842319,2842247,2842243,2732407,2732396,10239,2846441,True,ood_nonbacterial
2846442,2843087,2842319,2842247,2842243,2732407,2732396,10239,2846442,True,ood_nonbacterial
2846443,2843088,2842319,2842247,2842243,2732407,2732396,10239,2846443,True,ood_nonbacterial
2846445,2843090,2842332,2842249,2842243,2732407,2732396,10239,2846445,True,ood_nonbacterial
2846446,2843091,2842315,2842249,2842243,2732407,2732396,10239,2846446,True,ood_nonbacterial
2846447,2843092,2842319,2842247,2842243,2732407,2732396,10239,2846447,True,ood_nonbacterial
2846449,2843093,2842332,2842249,2842243,2732407,2732396,10239,2846449,True,ood_nonbacterial
2846450,2843094,2842332,2842249,2842243,2732407,2732396,10239,2846450,True,ood_nonbacterial
2846451,2843095,2842315,2842249,2842243,2732407,2732396,10239,2846451,True,ood_nonbacterial
2846454,2843097,2842331,2842247,2842243,2732407,2732396,10239,2846454,True,ood_nonbacterial
2846455,2843098,2842319,2842247,2842243,2732407,2732396,10239,2846455,True,ood_nonbacterial
2846576,2842863,11270,11157,2497574,2497569,2732396,10239,2846576,True,ood_nonbacterial
2846579,2843100,2842319,2842247,2842243,2732407,2732396,10239,2846579,True,ood_nonbacterial
2846580,2843101,2842314,2842247,2842243,2732407,2732396,10239,2846580,True,ood_nonbacterial
2846581,2843102,2842332,2842249,2842243,2732407,2732396,10239,2846581,True,ood_nonbacterial
2846583,2843103,2842332,2842249,2842243,2732407,2732396,10239,2846583,True,ood_nonbacterial
2846584,2843104,2842332,2842249,2842243,2732407,2732396,10239,2846584,True,ood_nonbacterial
2846585,2843106,2842331,2842247,2842243,2732407,2732396,10239,2846585,True,ood_nonbacterial
2846587,2843108,2842319,2842247,2842243,2732407,2732396,10239,2846587,True,ood_nonbacterial
2846594,2843110,2842319,2842247,2842243,2732407,2732396,10239,2846594,True,ood_nonbacterial
2846595,2843111,2842331,2842247,2842243,2732407,2732396,10239,2846595,True,ood_nonbacterial
2846596,2843113,2842332,2842249,2842243,2732407,2732396,10239,2846596,True,ood_nonbacterial
2846597,2843114,2842332,2842249,2842243,2732407,2732396,10239,2846597,True,ood_nonbacterial
2846600,2842654,2842329,0,2731619,2731618,2731360,10239,2846600,True,ood_nonbacterial
2846601,2842892,2842329,0,2731619,2731618,2731360,10239,2846601,True,ood_nonbacterial
2846603,2842751,2842333,0,2731619,2731618,2731360,10239,2846603,True,ood_nonbacterial
2846604,2842692,2842329,0,2731619,2731618,2731360,10239,2846604,True,ood_nonbacterial
2846606,2843060,2842329,0,2731619,2731618,2731360,10239,2846606,True,ood_nonbacterial
2846607,2842934,2842329,0,2731619,2731618,2731360,10239,2846607,True,ood_nonbacterial
2846608,2843156,2946167,0,2731619,2731618,2731360,10239,2846608,True,ood_nonbacterial
2846610,2843117,2842332,2842249,2842243,2732407,2732396,10239,2846610,True,ood_nonbacterial
2846612,2843118,2842319,2842247,2842243,2732407,2732396,10239,2846612,True,ood_nonbacterial
2846617,2843120,2842319,2842247,2842243,2732407,2732396,10239,2846617,True,ood_nonbacterial
2846620,2843121,2842331,2842247,2842243,2732407,2732396,10239,2846620,True,ood_nonbacterial
2846621,2843123,2842314,2842247,2842243,2732407,2732396,10239,2846621,True,ood_nonbacterial
2846622,2843124,2842315,2842249,2842243,2732407,2732396,10239,2846622,True,ood_nonbacterial
2846623,2843125,2842319,2842247,2842243,2732407,2732396,10239,2846623,True,ood_nonbacterial
2846624,2843131,2842314,2842247,2842243,2732407,2732396,10239,2846624,True,ood_nonbacterial
2846639,2843132,2842332,2842249,2842243,2732407,2732396,10239,2846639,True,ood_nonbacterial
2846657,2842367,11270,11157,2497574,2497569,2732396,10239,2846657,True,ood_nonbacterial
2846660,2843133,2842319,2842247,2842243,2732407,2732396,10239,2846660,True,ood_nonbacterial
2846661,2843135,2842319,2842247,2842243,2732407,2732396,10239,2846661,True,ood_nonbacterial
2846662,2843136,2842314,2842247,2842243,2732407,2732396,10239,2846662,True,ood_nonbacterial
2846663,2843137,2842332,2842249,2842243,2732407,2732396,10239,2846663,True,ood_nonbacterial
2846664,2843138,0,0,2842243,2732407,2732396,10239,2846664,True,ood_nonbacterial
2846665,2843139,2842331,2842247,2842243,2732407,2732396,10239,2846665,True,ood_nonbacterial
2846666,2843140,2842319,2842247,2842243,2732407,2732396,10239,2846666,True,ood_nonbacterial
2846669,2843142,2842314,2842247,2842243,2732407,2732396,10239,2846669,True,ood_nonbacterial
2846670,2843143,2842319,2842247,2842243,2732407,2732396,10239,2846670,True,ood_nonbacterial
2846671,2843374,0,0,2731619,2731618,2731360,10239,2846671,True,ood_nonbacterial
2846672,2843008,2842329,0,2731619,2731618,2731360,10239,2846672,True,ood_nonbacterial
2846673,2843344,0,0,2731619,2731618,2731360,10239,2846673,True,ood_nonbacterial
2846675,2843146,2842319,2842247,2842243,2732407,2732396,10239,2846675,True,ood_nonbacterial
2846676,2843148,2842314,2842247,2842243,2732407,2732396,10239,2846676,True,ood_nonbacterial
2846677,2843149,2842319,2842247,2842243,2732407,2732396,10239,2846677,True,ood_nonbacterial
2846678,2843150,2842315,2842249,2842243,2732407,2732396,10239,2846678,True,ood_nonbacterial
2846683,2843151,2842314,2842247,2842243,2732407,2732396,10239,2846683,True,ood_nonbacterial
2846685,2843152,2842332,2842249,2842243,2732407,2732396,10239,2846685,True,ood_nonbacterial
2846689,2843153,2842330,2732011,2732010,2732009,2732006,10239,2846689,True,ood_nonbacterial
2846691,2843154,2842319,2842247,2842243,2732407,2732396,10239,2846691,True,ood_nonbacterial
2846693,2843157,2842319,2842247,2842243,2732407,2732396,10239,2846693,True,ood_nonbacterial
2846699,2843163,2842332,2842249,2842243,2732407,2732396,10239,2846699,True,ood_nonbacterial
2846739,2843375,0,0,2731619,2731618,2731360,10239,2846739,True,ood_nonbacterial
284688,1511808,11012,2732549,2732505,2732408,2732396,10239,284688,True,ood_nonbacterial
2850,2849,38749,38748,33849,2836,0,2759,2850,True,ood_nonbacterial
2874846,2545692,2545690,2545689,2545688,28890,0,2157,2874846,True,ood_nonbacterial
2876193,1911573,1644056,1644055,183963,28890,0,2157,2876193,True,ood_nonbacterial
2884876,367188,2236,2235,183963,28890,0,2157,2884876,True,ood_nonbacterial
28873,10242,10240,2732527,2732525,2732007,2732005,10239,28873,True,ood_nonbacterial
2898,3030,2896,589350,3027,0,0,2759,2898,True,ood_nonbacterial
28985,4910,4893,4892,4891,4890,4751,2759,28985,True,ood_nonbacterial
29176,29175,5809,75739,1280412,5794,0,2759,29176,True,ood_nonbacterial
29255,11011,11006,2732540,2732458,2732405,2732396,10239,29255,True,ood_nonbacterial
29288,29287,1644061,1644060,183963,28890,0,2157,29288,True,ood_nonbacterial
29291,2225,2206,94695,224756,28890,0,2157,29291,True,ood_nonbacterial
293091,293431,1644056,1644055,183963,28890,0,2157,293091,True,ood_nonbacterial
2931977,1073987,1963268,2235,183963,28890,0,2157,2931977,True,ood_nonbacterial
2933293,2022711,2202724,2202723,171536,28890,0,2157,2933293,True,ood_nonbacterial
2934340,2907493,2236,2235,183963,28890,0,2157,2934340,True,ood_nonbacterial
2944850,2944849,0,0,2731619,2731618,2731360,10239,2944850,True,ood_nonbacterial
2951978,2733248,11270,11157,2497574,2497569,2732396,10239,2951978,True,ood_nonbacterial
2953674,2733245,11270,11157,2497574,2497569,2732396,10239,2953674,True,ood_nonbacterial
2953753,2039236,1644061,1644060,183963,28890,0,2157,2953753,True,ood_nonbacterial
2955190,2946793,2946194,2942681,0,2732408,2732396,10239,2955190,True,ood_nonbacterial
2955235,2942978,2942965,1978007,2731619,2731618,2731360,10239,2955235,True,ood_nonbacterial
2955236,2946787,0,0,2731619,2731618,2731360,10239,2955236,True,ood_nonbacterial
2955237,2946789,2946160,0,2731619,2731618,2731360,10239,2955237,True,ood_nonbacterial
2955246,2560087,249310,2732540,2732458,2732405,2732396,10239,2955246,True,ood_nonbacterial
2955263,2946790,1661063,2732549,2732505,2732408,2732396,10239,2955263,True,ood_nonbacterial
2955284,2946791,39748,2732549,2732505,2732408,2732396,10239,2955284,True,ood_nonbacterial
2955291,197911,11308,2499411,2497577,2497569,2732396,10239,2955291,True,ood_nonbacterial
2955294,2946792,11118,76804,2732506,2732408,2732396,10239,2955294,True,ood_nonbacterial
2955318,1714268,1714267,2732011,2732010,2732009,2732006,10239,2955318,True,ood_nonbacterial
2955324,2946794,0,0,2731619,2731618,2731360,10239,2955324,True,ood_nonbacterial
2955329,2946795,0,0,2731619,2731618,2731360,10239,2955329,True,ood_nonbacterial
2955330,2946796,11270,11157,2497574,2497569,2732396,10239,2955330,True,ood_nonbacterial
2955355,2946798,2946178,2732536,2732423,2732416,2732092,10239,2955355,True,ood_nonbacterial
2955357,2946799,2946189,2942679,2732423,2732416,2732092,10239,2955357,True,ood_nonbacterial
2955358,2946800,2946170,0,2731619,2731618,2731360,10239,2955358,True,ood_nonbacterial
2955361,2946802,2501987,11157,2497574,2497569,2732396,10239,2955361,True,ood_nonbacterial
2955362,2946803,2501987,11157,2497574,2497569,2732396,10239,2955362,True,ood_nonbacterial
2955363,2946804,0,0,2731619,2731618,2731360,10239,2955363,True,ood_nonbacterial
2955364,2946805,0,0,2731619,2731618,2731360,10239,2955364,True,ood_nonbacterial
2955374,2946806,2946167,0,2731619,2731618,2731360,10239,2955374,True,ood_nonbacterial
2955377,2946808,0,0,2731619,2731618,2731360,10239,2955377,True,ood_nonbacterial
2955379,2946809,2946178,2732536,2732423,2732416,2732092,10239,2955379,True,ood_nonbacterial
2955380,2946810,2946167,0,2731619,2731618,2731360,10239,2955380,True,ood_nonbacterial
2955391,2946813,0,0,2731619,2731618,2731360,10239,2955391,True,ood_nonbacterial
2955393,2946814,2946166,0,2731619,2731618,2731360,10239,2955393,True,ood_nonbacterial
2955410,2946816,2946166,0,2731619,2731618,2731360,10239,2955410,True,ood_nonbacterial
2955413,2946818,2976944,2942676,2731619,2731618,2731360,10239,2955413,True,ood_nonbacterial
2955419,2946819,0,0,2731619,2731618,2731360,10239,2955419,True,ood_nonbacterial
2955426,2946820,0,0,2731619,2731618,2731360,10239,2955426,True,ood_nonbacterial
2955454,2946823,1661063,2732549,2732505,2732408,2732396,10239,2955454,True,ood_nonbacterial
2955457,2946824,39748,2732549,2732505,2732408,2732396,10239,2955457,True,ood_nonbacterial
2955465,197912,11308,2499411,2497577,2497569,2732396,10239,2955465,True,ood_nonbacterial
2955476,2946825,2560063,2732504,2732500,2732407,2732396,10239,2955476,True,ood_nonbacterial
2955492,2946827,2946194,2942681,0,2732408,2732396,10239,2955492,True,ood_nonbacterial
2955496,2946828,0,0,2731619,2731618,2731360,10239,2955496,True,ood_nonbacterial
2955497,2946829,0,0,2731619,2731618,2731360,10239,2955497,True,ood_nonbacterial
2955513,2946833,2946165,0,2731619,2731618,2731360,10239,2955513,True,ood_nonbacterial
2955535,2948639,2946170,0,2731619,2731618,2731360,10239,2955535,True,ood_nonbacterial
2955536,2948640,2946160,0,2731619,2731618,2731360,10239,2955536,True,ood_nonbacterial
2955537,2943002,2943001,0,2731619,2731618,2731360,10239,2955537,True,ood_nonbacterial
2955538,2948641,2946173,0,2731619,2731618,2731360,10239,2955538,True,ood_nonbacterial
2955547,2948642,0,0,2731619,2731618,2731360,10239,2955547,True,ood_nonbacterial
2955566,2948647,0,0,2731619,2731618,2731360,10239,2955566,True,ood_nonbacterial
2955570,2948648,2946168,0,2731619,2731618,2731360,10239,2955570,True,ood_nonbacterial
2955571,2948649,0,0,2731619,2731618,2731360,10239,2955571,True,ood_nonbacterial
2955581,2948651,2946170,0,2731619,2731618,2731360,10239,2955581,True,ood_nonbacterial
2955582,2948652,2942964,1978007,2731619,2731618,2731360,10239,2955582,True,ood_nonbacterial
2955592,2948653,0,0,2731619,2731618,2731360,10239,2955592,True,ood_nonbacterial
2955593,2948654,2946156,0,2731619,2731618,2731360,10239,2955593,True,ood_nonbacterial
2955594,2948655,0,0,2731619,2731618,2731360,10239,2955594,True,ood_nonbacterial
2955597,2948656,0,0,2731619,2731618,2731360,10239,2955597,True,ood_nonbacterial
2955598,2948657,2946156,0,2731619,2731618,2731360,10239,2955598,True,ood_nonbacterial
2955599,2943003,2943001,0,2731619,2731618,2731360,10239,2955599,True,ood_nonbacterial
2955600,2948658,11270,11157,2497574,2497569,2732396,10239,2955600,True,ood_nonbacterial
2955602,2948659,2946160,0,2731619,2731618,2731360,10239,2955602,True,ood_nonbacterial
2955604,2948660,2946172,0,2731619,2731618,2731360,10239,2955604,True,ood_nonbacterial
2955700,2948662,2946170,0,2731619,2731618,2731360,10239,2955700,True,ood_nonbacterial
2955702,2948664,1980417,1980410,2497576,2497569,2732396,10239,2955702,True,ood_nonbacterial
2955706,2948666,2946161,0,2731619,2731618,2731360,10239,2955706,True,ood_nonbacterial
2955709,2948667,0,0,2731619,2731618,2731360,10239,2955709,True,ood_nonbacterial
2955710,2948668,0,0,2731619,2731618,2731360,10239,2955710,True,ood_nonbacterial
2955720,2948669,2501987,11157,2497574,2497569,2732396,10239,2955720,True,ood_nonbacterial
2955728,2948670,2501987,11157,2497574,2497569,2732396,10239,2955728,True,ood_nonbacterial
2955736,2948672,2946167,0,2731619,2731618,2731360,10239,2955736,True,ood_nonbacterial
2955737,2948674,0,0,2731619,2731618,2731360,10239,2955737,True,ood_nonbacterial
2955738,2942995,2942966,1978007,2731619,2731618,2731360,10239,2955738,True,ood_nonbacterial
2955742,2948675,39748,2732549,2732505,2732408,2732396,10239,2955742,True,ood_nonbacterial
2955744,1511083,11308,2499411,2497577,2497569,2732396,10239,2955744,True,ood_nonbacterial
2955746,1891715,151341,2732532,2732421,2732415,2732092,10239,2955746,True,ood_nonbacterial
2955747,2948676,2560063,2732504,2732500,2732407,2732396,10239,2955747,True,ood_nonbacterial
2955750,2948677,0,0,2731619,2731618,2731360,10239,2955750,True,ood_nonbacterial
2955751,2948678,0,0,2731619,2731618,2731360,10239,2955751,True,ood_nonbacterial
2955753,2948679,0,0,2731619,2731618,2731360,10239,2955753,True,ood_nonbacterial
2955763,2948681,2501985,11157,2497574,2497569,2732396,10239,2955763,True,ood_nonbacterial
2955764,2948682,2946180,2942676,2731619,2731618,2731360,10239,2955764,True,ood_nonbacterial
2955796,2948686,2732892,2732503,2732499,2732407,2732396,10239,2955796,True,ood_nonbacterial
2955840,2943004,2943001,0,2731619,2731618,2731360,10239,2955840,True,ood_nonbacterial
2955841,2948687,2946167,0,2731619,2731618,2731360,10239,2955841,True,ood_nonbacterial
2955842,2948689,0,0,2731619,2731618,2731360,10239,2955842,True,ood_nonbacterial
2955843,2948690,2842329,0,2731619,2731618,2731360,10239,2955843,True,ood_nonbacterial
2955845,2948691,2946165,0,2731619,2731618,2731360,10239,2955845,True,ood_nonbacterial
2955846,2948692,2946193,2942680,2731619,2731618,2731360,10239,2955846,True,ood_nonbacterial
2955847,2948693,2842329,0,2731619,2731618,2731360,10239,2955847,True,ood_nonbacterial
2955848,2948694,0,0,2731619,2731618,2731360,10239,2955848,True,ood_nonbacterial
2955859,2948696,2946160,0,2731619,2731618,2731360,10239,2955859,True,ood_nonbacterial
2955860,2943005,2943001,0,2731619,2731618,2731360,10239,2955860,True,ood_nonbacterial
2955862,2948698,2946162,0,2731619,2731618,2731360,10239,2955862,True,ood_nonbacterial
2955863,2948699,39748,2732549,2732505,2732408,2732396,10239,2955863,True,ood_nonbacterial
2955871,2948700,2560063,2732504,2732500,2732407,2732396,10239,2955871,True,ood_nonbacterial
2955872,2948701,39748,2732549,2732505,2732408,2732396,10239,2955872,True,ood_nonbacterial
2955874,2948703,2946167,0,2731619,2731618,2731360,10239,2955874,True,ood_nonbacterial
2955875,2948704,2842329,0,2731619,2731618,2731360,10239,2955875,True,ood_nonbacterial
2955881,2948705,2946173,0,2731619,2731618,2731360,10239,2955881,True,ood_nonbacterial
2955887,2943006,2943001,0,2731619,2731618,2731360,10239,2955887,True,ood_nonbacterial
2955888,2948706,0,0,2731619,2731618,2731360,10239,2955888,True,ood_nonbacterial
2955891,2948708,0,0,2731619,2731618,2731360,10239,2955891,True,ood_nonbacterial
2955912,2948710,2946175,0,2731619,2731618,2731360,10239,2955912,True,ood_nonbacterial
2955917,2948711,0,0,2731619,2731618,2731360,10239,2955917,True,ood_nonbacterial
2955918,2948712,0,0,2731619,2731618,2731360,10239,2955918,True,ood_nonbacterial
2955922,2948713,2946158,0,2731619,2731618,2731360,10239,2955922,True,ood_nonbacterial
2955924,2948714,2946160,0,2731619,2731618,2731360,10239,2955924,True,ood_nonbacterial
2955927,2948717,675061,675063,2732461,2732406,2732396,10239,2955927,True,ood_nonbacterial
2955929,2948718,1661063,2732549,2732505,2732408,2732396,10239,2955929,True,ood_nonbacterial
2955935,197913,11308,2499411,2497577,2497569,2732396,10239,2955935,True,ood_nonbacterial
2955940,2948720,2560063,2732504,2732500,2732407,2732396,10239,2955940,True,ood_nonbacterial
2955942,2943007,2943001,0,2731619,2731618,2731360,10239,2955942,True,ood_nonbacterial
2955943,2948722,2946167,0,2731619,2731618,2731360,10239,2955943,True,ood_nonbacterial
2955944,2948723,2946167,0,2731619,2731618,2731360,10239,2955944,True,ood_nonbacterial
2955946,2948724,2946167,0,2731619,2731618,2731360,10239,2955946,True,ood_nonbacterial
2955947,2948725,2946160,0,2731619,2731618,2731360,10239,2955947,True,ood_nonbacterial
2955953,2948726,0,0,2731619,2731618,2731360,10239,2955953,True,ood_nonbacterial
2955956,2948728,2946160,0,2731619,2731618,2731360,10239,2955956,True,ood_nonbacterial
2955958,2948729,2946160,0,2731619,2731618,2731360,10239,2955958,True,ood_nonbacterial
2955959,2948730,2946178,2732536,2732423,2732416,2732092,10239,2955959,True,ood_nonbacterial
2955961,2948731,2946175,0,2731619,2731618,2731360,10239,2955961,True,ood_nonbacterial
2955964,2948732,2946170,0,2731619,2731618,2731360,10239,2955964,True,ood_nonbacterial
2955965,2948733,2946166,0,2731619,2731618,2731360,10239,2955965,True,ood_nonbacterial
2955966,2943008,2943001,0,2731619,2731618,2731360,10239,2955966,True,ood_nonbacterial
2955967,2948734,2501985,11157,2497574,2497569,2732396,10239,2955967,True,ood_nonbacterial
2955968,2948735,2976943,2942680,2731619,2731618,2731360,10239,2955968,True,ood_nonbacterial
2955970,2948737,2946195,0,0,2732408,2732396,10239,2955970,True,ood_nonbacterial
2955971,2948738,2946191,2942680,2731619,2731618,2731360,10239,2955971,True,ood_nonbacterial
2955972,2948752,2946160,0,2731619,2731618,2731360,10239,2955972,True,ood_nonbacterial
2955979,2948753,2946169,0,2731619,2731618,2731360,10239,2955979,True,ood_nonbacterial
2955982,2948754,2946155,0,2731619,2731618,2731360,10239,2955982,True,ood_nonbacterial
2955984,2948756,2946181,2942676,2731619,2731618,2731360,10239,2955984,True,ood_nonbacterial
2955985,2948758,2946178,2732536,2732423,2732416,2732092,10239,2955985,True,ood_nonbacterial
2955986,2948760,2842328,0,2731619,2731618,2731360,10239,2955986,True,ood_nonbacterial
2955987,39760,2732890,2732544,2732461,2732406,2732396,10239,2955987,True,ood_nonbacterial
2955988,2948763,2946178,2732536,2732423,2732416,2732092,10239,2955988,True,ood_nonbacterial
2955989,2948764,0,0,2731619,2731618,2731360,10239,2955989,True,ood_nonbacterial
2955990,2948765,0,0,2731619,2731618,2731360,10239,2955990,True,ood_nonbacterial
2955992,2948766,2946157,0,2731619,2731618,2731360,10239,2955992,True,ood_nonbacterial
2955993,2948834,1312872,76804,2732506,2732408,2732396,10239,2955993,True,ood_nonbacterial
2955994,2943009,2943001,0,2731619,2731618,2731360,10239,2955994,True,ood_nonbacterial
2955998,2948767,2942964,1978007,2731619,2731618,2731360,10239,2955998,True,ood_nonbacterial
2956000,2948769,0,0,2731619,2731618,2731360,10239,2956000,True,ood_nonbacterial
2956010,2948770,2946170,0,2731619,2731618,2731360,10239,2956010,True,ood_nonbacterial
2956015,2948771,0,0,2731619,2731618,2731360,10239,2956015,True,ood_nonbacterial
2956041,2948775,0,0,2731619,2731618,2731360,10239,2956041,True,ood_nonbacterial
2956043,2948776,2946175,0,2731619,2731618,2731360,10239,2956043,True,ood_nonbacterial
2956045,2948777,2946170,0,2731619,2731618,2731360,10239,2956045,True,ood_nonbacterial
2956049,2948779,2946167,0,2731619,2731618,2731360,10239,2956049,True,ood_nonbacterial
2956052,2948780,2946167,0,2731619,2731618,2731360,10239,2956052,True,ood_nonbacterial
2956053,2942980,2942965,1978007,2731619,2731618,2731360,10239,2956053,True,ood_nonbacterial
2956056,2948781,0,0,2731619,2731618,2731360,10239,2956056,True,ood_nonbacterial
2956058,2948783,1980416,1980410,2497576,2497569,2732396,10239,2956058,True,ood_nonbacterial
2956059,2948784,0,0,2731619,2731618,2731360,10239,2956059,True,ood_nonbacterial
2956062,2943010,2943001,0,2731619,2731618,2731360,10239,2956062,True,ood_nonbacterial
2956068,1982076,0,0,2731619,2731618,2731360,10239,2956068,True,ood_nonbacterial
2956092,2948789,0,0,2731619,2731618,2731360,10239,2956092,True,ood_nonbacterial
2956095,2948790,2946173,0,2731619,2731618,2731360,10239,2956095,True,ood_nonbacterial
2956096,2948791,0,0,2731619,2731618,2731360,10239,2956096,True,ood_nonbacterial
2956098,2948792,2732892,2732503,2732499,2732407,2732396,10239,2956098,True,ood_nonbacterial
2956100,2948794,1980416,1980410,2497576,2497569,2732396,10239,2956100,True,ood_nonbacterial
2956101,2948795,1980416,1980410,2497576,2497569,2732396,10239,2956101,True,ood_nonbacterial
2956102,2948796,2946190,2942680,2731619,2731618,2731360,10239,2956102,True,ood_nonbacterial
2956105,2943011,2943001,0,2731619,2731618,2731360,10239,2956105,True,ood_nonbacterial
2956108,2948798,2946159,0,2731619,2731618,2731360,10239,2956108,True,ood_nonbacterial
2956122,2948801,0,0,2731619,2731618,2731360,10239,2956122,True,ood_nonbacterial
2956123,2948802,0,0,2731619,2731618,2731360,10239,2956123,True,ood_nonbacterial
2956125,2948803,2946160,0,2731619,2731618,2731360,10239,2956125,True,ood_nonbacterial
2956126,2948804,2946182,2942676,2731619,2731618,2731360,10239,2956126,True,ood_nonbacterial
2956130,2948805,10860,2732094,2732411,2732410,2732090,10239,2956130,True,ood_nonbacterial
2956131,2948806,2946160,0,2731619,2731618,2731360,10239,2956131,True,ood_nonbacterial
2956134,2948807,0,0,2731619,2731618,2731360,10239,2956134,True,ood_nonbacterial
2956138,2948808,2946173,0,2731619,2731618,2731360,10239,2956138,True,ood_nonbacterial
2956139,2733267,2508209,76804,2732506,2732408,2732396,10239,2956139,True,ood_nonbacterial
2956144,2948809,2946160,0,2731619,2731618,2731360,10239,2956144,True,ood_nonbacterial
2956146,2948810,0,0,2731619,2731618,2731360,10239,2956146,True,ood_nonbacterial
2956148,2948811,2501985,11157,2497574,2497569,2732396,10239,2956148,True,ood_nonbacterial
2956181,2948814,2946160,0,2731619,2731618,2731360,10239,2956181,True,ood_nonbacterial
2956185,2948816,0,0,2731619,2731618,2731360,10239,2956185,True,ood_nonbacterial
2956186,2943012,2943001,0,2731619,2731618,2731360,10239,2956186,True,ood_nonbacterial
2956187,2948817,2946189,2942679,2732423,2732416,2732092,10239,2956187,True,ood_nonbacterial
2956188,2948818,2946188,2942678,2732423,2732416,2732092,10239,2956188,True,ood_nonbacterial
2956190,2948821,2946184,2942677,2731619,2731618,2731360,10239,2956190,True,ood_nonbacterial
2956191,2948822,0,0,2731619,2731618,2731360,10239,2956191,True,ood_nonbacterial
2956195,2948823,2946190,2942680,2731619,2731618,2731360,10239,2956195,True,ood_nonbacterial
2956196,2948824,2946190,2942680,2731619,2731618,2731360,10239,2956196,True,ood_nonbacterial
2956197,2948825,2946189,2942679,2732423,2732416,2732092,10239,2956197,True,ood_nonbacterial
2956199,2948826,2946163,0,2731619,2731618,2731360,10239,2956199,True,ood_nonbacterial
2956200,2948827,0,0,2731619,2731618,2731360,10239,2956200,True,ood_nonbacterial
2956206,2948828,2946170,0,2731619,2731618,2731360,10239,2956206,True,ood_nonbacterial
2956208,2948829,0,0,2731619,2731618,2731360,10239,2956208,True,ood_nonbacterial
2956210,2948832,0,0,2731619,2731618,2731360,10239,2956210,True,ood_nonbacterial
2956212,2948833,0,0,2731619,2731618,2731360,10239,2956212,True,ood_nonbacterial
2956213,2948835,2946188,2942678,2732423,2732416,2732092,10239,2956213,True,ood_nonbacterial
2956214,2948836,2946156,0,2731619,2731618,2731360,10239,2956214,True,ood_nonbacterial
2956221,2948838,2946160,0,2731619,2731618,2731360,10239,2956221,True,ood_nonbacterial
2956223,2948839,2946160,0,2731619,2731618,2731360,10239,2956223,True,ood_nonbacterial
2956224,2948840,199704,76804,2732506,2732408,2732396,10239,2956224,True,ood_nonbacterial
2956229,2948842,2946164,0,2731619,2731618,2731360,10239,2956229,True,ood_nonbacterial
2956232,2948843,11266,11157,2497574,2497569,2732396,10239,2956232,True,ood_nonbacterial
2956234,2948846,2842329,0,2731619,2731618,2731360,10239,2956234,True,ood_nonbacterial
2956235,2948847,0,0,2731619,2731618,2731360,10239,2956235,True,ood_nonbacterial
2956240,2948849,2946160,0,2731619,2731618,2731360,10239,2956240,True,ood_nonbacterial
2956245,2948850,2946176,1980410,2497576,2497569,2732396,10239,2956245,True,ood_nonbacterial
2956252,2948851,585893,2732549,2732505,2732408,2732396,10239,2956252,True,ood_nonbacterial
2956262,2948855,2946165,0,2731619,2731618,2731360,10239,2956262,True,ood_nonbacterial
2956265,2948856,2842329,0,2731619,2731618,2731360,10239,2956265,True,ood_nonbacterial
2956268,2942981,2942965,1978007,2731619,2731618,2731360,10239,2956268,True,ood_nonbacterial
2956282,2948858,2501985,11157,2497574,2497569,2732396,10239,2956282,True,ood_nonbacterial
2956283,2948859,2842329,0,2731619,2731618,2731360,10239,2956283,True,ood_nonbacterial
2956300,2948860,2946174,0,2731619,2731618,2731360,10239,2956300,True,ood_nonbacterial
2956310,2948861,0,0,2731619,2731618,2731360,10239,2956310,True,ood_nonbacterial
2956312,2948862,2501987,11157,2497574,2497569,2732396,10239,2956312,True,ood_nonbacterial
2956313,2948863,2946188,2942678,2732423,2732416,2732092,10239,2956313,True,ood_nonbacterial
2956314,2948864,0,0,2731619,2731618,2731360,10239,2956314,True,ood_nonbacterial
2956315,2943014,2943001,0,2731619,2731618,2731360,10239,2956315,True,ood_nonbacterial
2956317,2948865,0,0,2731619,2731618,2731360,10239,2956317,True,ood_nonbacterial
2956318,2948866,0,0,2731619,2731618,2731360,10239,2956318,True,ood_nonbacterial
2956325,2948869,2946175,0,2731619,2731618,2731360,10239,2956325,True,ood_nonbacterial
2956326,2948870,2946171,0,2731619,2731618,2731360,10239,2956326,True,ood_nonbacterial
2956327,2948871,10860,2732094,2732411,2732410,2732090,10239,2956327,True,ood_nonbacterial
2956330,2948872,2946160,0,2731619,2731618,2731360,10239,2956330,True,ood_nonbacterial
2956343,2948874,0,0,2731619,2731618,2731360,10239,2956343,True,ood_nonbacterial
2956344,2948875,0,0,2731619,2731618,2731360,10239,2956344,True,ood_nonbacterial
2956346,2948876,2946167,0,2731619,2731618,2731360,10239,2956346,True,ood_nonbacterial
2956351,1299308,11308,2499411,2497577,2497569,2732396,10239,2956351,True,ood_nonbacterial
2956352,2948877,0,0,2731619,2731618,2731360,10239,2956352,True,ood_nonbacterial
2956355,2943015,2943001,0,2731619,2731618,2731360,10239,2956355,True,ood_nonbacterial
2956357,2948878,0,0,2731619,2731618,2731360,10239,2956357,True,ood_nonbacterial
2956359,2948879,11270,11157,2497574,2497569,2732396,10239,2956359,True,ood_nonbacterial
2956364,2948880,2946180,2942676,2731619,2731618,2731360,10239,2956364,True,ood_nonbacterial
2956367,1623301,2946173,0,2731619,2731618,2731360,10239,2956367,True,ood_nonbacterial
2956368,2843005,2560063,2732504,2732500,2732407,2732396,10239,2956368,True,ood_nonbacterial
2956372,2948881,2946178,2732536,2732423,2732416,2732092,10239,2956372,True,ood_nonbacterial
2956374,2948882,2501987,11157,2497574,2497569,2732396,10239,2956374,True,ood_nonbacterial
2956376,2948884,0,0,2731619,2731618,2731360,10239,2956376,True,ood_nonbacterial
2956382,2948885,2946170,0,2731619,2731618,2731360,10239,2956382,True,ood_nonbacterial
2956385,2948886,0,0,2731619,2731618,2731360,10239,2956385,True,ood_nonbacterial
2956386,2948887,0,0,2731619,2731618,2731360,10239,2956386,True,ood_nonbacterial
2956387,2948888,2946180,2942676,2731619,2731618,2731360,10239,2956387,True,ood_nonbacterial
2956388,2948889,0,0,2731619,2731618,2731360,10239,2956388,True,ood_nonbacterial
2956389,2948890,0,0,2731619,2731618,2731360,10239,2956389,True,ood_nonbacterial
2956396,2948891,2946169,0,2731619,2731618,2731360,10239,2956396,True,ood_nonbacterial
2956398,2948894,0,0,2731619,2731618,2731360,10239,2956398,True,ood_nonbacterial
2956399,2948895,11308,2499411,2497577,2497569,2732396,10239,2956399,True,ood_nonbacterial
2956401,2948896,0,0,2731619,2731618,2731360,10239,2956401,True,ood_nonbacterial
2956425,2948897,11270,11157,2497574,2497569,2732396,10239,2956425,True,ood_nonbacterial
2956426,2948898,2946160,0,2731619,2731618,2731360,10239,2956426,True,ood_nonbacterial
2956429,2948899,2976944,2942676,2731619,2731618,2731360,10239,2956429,True,ood_nonbacterial
2956430,2948900,0,0,2731619,2731618,2731360,10239,2956430,True,ood_nonbacterial
2956431,2948901,0,0,2731619,2731618,2731360,10239,2956431,True,ood_nonbacterial
2956433,2943017,2943001,0,2731619,2731618,2731360,10239,2956433,True,ood_nonbacterial
2956437,2943018,2943001,0,2731619,2731618,2731360,10239,2956437,True,ood_nonbacterial
2956439,2948904,2946160,0,2731619,2731618,2731360,10239,2956439,True,ood_nonbacterial
2956442,2943019,2943001,0,2731619,2731618,2731360,10239,2956442,True,ood_nonbacterial
2956443,2948905,0,0,2731619,2731618,2731360,10239,2956443,True,ood_nonbacterial
2956444,2948906,0,0,2731619,2731618,2731360,10239,2956444,True,ood_nonbacterial
2956445,2948907,2732894,76804,2732506,2732408,2732396,10239,2956445,True,ood_nonbacterial
2956449,1308858,11270,11157,2497574,2497569,2732396,10239,2956449,True,ood_nonbacterial
2956453,2948908,11270,11157,2497574,2497569,2732396,10239,2956453,True,ood_nonbacterial
2956458,2948910,0,0,2731619,2731618,2731360,10239,2956458,True,ood_nonbacterial
2956463,2948911,0,0,2731619,2731618,2731360,10239,2956463,True,ood_nonbacterial
2956465,2948912,2946175,0,2731619,2731618,2731360,10239,2956465,True,ood_nonbacterial
2956469,2948913,2946160,0,2731619,2731618,2731360,10239,2956469,True,ood_nonbacterial
2956470,2948914,0,0,2731619,2731618,2731360,10239,2956470,True,ood_nonbacterial
2956473,2948916,2501987,11157,2497574,2497569,2732396,10239,2956473,True,ood_nonbacterial
2956475,2948917,2946175,0,2731619,2731618,2731360,10239,2956475,True,ood_nonbacterial
2956486,2948918,2501987,11157,2497574,2497569,2732396,10239,2956486,True,ood_nonbacterial
2956487,2948919,675068,675063,2732461,2732406,2732396,10239,2956487,True,ood_nonbacterial
2956489,2948920,2501987,11157,2497574,2497569,2732396,10239,2956489,True,ood_nonbacterial
2956490,2948921,11266,11157,2497574,2497569,2732396,10239,2956490,True,ood_nonbacterial
2956521,2948923,39748,2732549,2732505,2732408,2732396,10239,2956521,True,ood_nonbacterial
2956529,2948925,0,0,2731619,2731618,2731360,10239,2956529,True,ood_nonbacterial
2956534,2948926,0,0,2731619,2731618,2731360,10239,2956534,True,ood_nonbacterial
2956537,2948927,0,0,2731619,2731618,2731360,10239,2956537,True,ood_nonbacterial
2956538,2948928,1312872,76804,2732506,2732408,2732396,10239,2956538,True,ood_nonbacterial
2956539,2948929,1312872,76804,2732506,2732408,2732396,10239,2956539,True,ood_nonbacterial
2956542,2948930,39738,2732548,2732463,2732406,2732396,10239,2956542,True,ood_nonbacterial
2956543,2948931,2976943,2942680,2731619,2731618,2731360,10239,2956543,True,ood_nonbacterial
2956546,2948932,2732892,2732503,2732499,2732407,2732396,10239,2956546,True,ood_nonbacterial
2956556,2948933,2842329,0,2731619,2731618,2731360,10239,2956556,True,ood_nonbacterial
2956558,2948934,2501985,11157,2497574,2497569,2732396,10239,2956558,True,ood_nonbacterial
2956575,2948937,0,0,2731619,2731618,2731360,10239,2956575,True,ood_nonbacterial
2956576,2948938,2501985,11157,2497574,2497569,2732396,10239,2956576,True,ood_nonbacterial
2956579,2948939,0,0,2731619,2731618,2731360,10239,2956579,True,ood_nonbacterial
2956619,2948940,2732892,2732503,2732499,2732407,2732396,10239,2956619,True,ood_nonbacterial
2956628,2948941,2501987,11157,2497574,2497569,2732396,10239,2956628,True,ood_nonbacterial
2956629,2948942,2946167,0,2731619,2731618,2731360,10239,2956629,True,ood_nonbacterial
2956630,2948943,2946189,2942679,2732423,2732416,2732092,10239,2956630,True,ood_nonbacterial
2956633,2948944,10860,2732094,2732411,2732410,2732090,10239,2956633,True,ood_nonbacterial
2956634,2948945,2508209,76804,2732506,2732408,2732396,10239,2956634,True,ood_nonbacterial
2956636,2948946,0,0,2731619,2731618,2731360,10239,2956636,True,ood_nonbacterial
2956645,2948947,2842329,0,2731619,2731618,2731360,10239,2956645,True,ood_nonbacterial
2956649,2948949,0,0,2731619,2731618,2731360,10239,2956649,True,ood_nonbacterial
2956672,2948951,2946167,0,2731619,2731618,2731360,10239,2956672,True,ood_nonbacterial
2956679,2948952,2942964,1978007,2731619,2731618,2731360,10239,2956679,True,ood_nonbacterial
2956698,2948953,2942964,1978007,2731619,2731618,2731360,10239,2956698,True,ood_nonbacterial
2956699,2942982,2942965,1978007,2731619,2731618,2731360,10239,2956699,True,ood_nonbacterial
2956700,2948954,0,0,2731619,2731618,2731360,10239,2956700,True,ood_nonbacterial
2956701,2948955,2501987,11157,2497574,2497569,2732396,10239,2956701,True,ood_nonbacterial
2956702,2948956,2946162,0,2731619,2731618,2731360,10239,2956702,True,ood_nonbacterial
2956703,2948957,675061,675063,2732461,2732406,2732396,10239,2956703,True,ood_nonbacterial
2956706,2948959,0,0,2731619,2731618,2731360,10239,2956706,True,ood_nonbacterial
2956707,2948960,0,0,2731619,2731618,2731360,10239,2956707,True,ood_nonbacterial
2956710,2943020,2943001,0,2731619,2731618,2731360,10239,2956710,True,ood_nonbacterial
2956712,2948963,0,0,2731619,2731618,2731360,10239,2956712,True,ood_nonbacterial
2961574,1427149,1963268,2235,183963,28890,0,2157,2961574,True,ood_nonbacterial
2961595,871740,2236,2235,183963,28890,0,2157,2961595,True,ood_nonbacterial
2962671,3056835,1963268,2235,183963,28890,0,2157,2962671,True,ood_nonbacterial
2962673,2806252,1963268,2235,183963,28890,0,2157,2962673,True,ood_nonbacterial
2963434,2174848,1644061,1644060,183963,28890,0,2157,2963434,True,ood_nonbacterial
298331,129876,10508,2732559,2732529,2732008,2732005,10239,298331,True,ood_nonbacterial
298338,2843016,2560065,0,2731619,2731618,2731360,10239,298338,True,ood_nonbacterial
300180,11618,11617,1980410,2497576,2497569,2732396,10239,300180,True,ood_nonbacterial
300186,564646,10477,1511857,2841637,2840024,2840023,10239,300186,True,ood_nonbacterial
3034023,2841540,1963268,2235,183963,28890,0,2157,3034023,True,ood_nonbacterial
304399,573055,10240,2732527,2732525,2732007,2732005,10239,304399,True,ood_nonbacterial
3045953,2560155,11158,11157,2497574,2497569,2732396,10239,3045953,True,ood_nonbacterial
3047343,315393,549779,2732554,2732523,2732007,2732005,10239,3047343,True,ood_nonbacterial
3047688,12270,675072,464095,2732506,2732408,2732396,10239,3047688,True,ood_nonbacterial
3047689,564643,10993,0,0,0,2732396,10239,3047689,True,ood_nonbacterial
3047693,2022856,2560061,2732544,2732461,2732406,2732396,10239,3047693,True,ood_nonbacterial
3047694,187214,186534,2169561,2732514,2732409,2732397,10239,3047694,True,ood_nonbacterial
3047701,12269,675072,464095,2732506,2732408,2732396,10239,3047701,True,ood_nonbacterial
3047716,3044800,549779,2732554,2732523,2732007,2732005,10239,3047716,True,ood_nonbacterial
3047724,1911600,39738,2732548,2732463,2732406,2732396,10239,3047724,True,ood_nonbacterial
3047736,186533,186534,2169561,2732514,2732409,2732397,10239,3047736,True,ood_nonbacterial
3047742,310684,675072,464095,2732506,2732408,2732396,10239,3047742,True,ood_nonbacterial
3047743,227307,687329,0,0,0,0,10239,3047743,True,ood_nonbacterial
3047744,742914,39724,2732536,2732423,2732416,2732092,10239,3047744,True,ood_nonbacterial
3047755,675070,2560061,2732544,2732461,2732406,2732396,10239,3047755,True,ood_nonbacterial
3047757,12051,249184,675063,2732461,2732406,2732396,10239,3047757,True,ood_nonbacterial
3047758,10652,186534,2169561,2732514,2732409,2732397,10239,3047758,True,ood_nonbacterial
3047771,12258,675072,464095,2732506,2732408,2732396,10239,3047771,True,ood_nonbacterial
3047780,12141,39738,2732548,2732463,2732406,2732396,10239,3047780,True,ood_nonbacterial
3047782,558019,10442,2840070,2840056,0,0,10239,3047782,True,ood_nonbacterial
3047794,1921707,43682,2732555,2732523,2732007,2732005,10239,3047794,True,ood_nonbacterial
3047811,39752,10993,0,0,0,2732396,10239,3047811,True,ood_nonbacterial
3047818,12148,249184,675063,2732461,2732406,2732396,10239,3047818,True,ood_nonbacterial
3047836,1299310,39738,2732548,2732463,2732406,2732396,10239,3047836,True,ood_nonbacterial
3047838,1299312,39738,2732548,2732463,2732406,2732396,10239,3047838,True,ood_nonbacterial
3047840,199703,199704,76804,2732506,2732408,2732396,10239,3047840,True,ood_nonbacterial
3047842,39725,39724,2732536,2732423,2732416,2732092,10239,3047842,True,ood_nonbacterial
3047853,249185,249184,675063,2732461,2732406,2732396,10239,3047853,True,ood_nonbacterial
3047860,1511853,1511852,2840070,2840056,0,0,10239,3047860,True,ood_nonbacterial
3047949,1513277,2560061,2732544,2732461,2732406,2732396,10239,3047949,True,ood_nonbacterial
3047951,1922209,232795,464095,2732506,2732408,2732396,10239,3047951,True,ood_nonbacterial
3048148,162387,11244,11157,2497574,2497569,2732396,10239,3048148,True,ood_nonbacterial
3048151,39751,10993,0,0,0,2732396,10239,3048151,True,ood_nonbacterial
3048161,186457,39738,2732548,2732463,2732406,2732396,10239,3048161,True,ood_nonbacterial
3048190,39739,39738,2732548,2732463,2732406,2732396,10239,3048190,True,ood_nonbacterial
3048191,1299313,39738,2732548,2732463,2732406,2732396,10239,3048191,True,ood_nonbacterial
3048203,10639,186534,2169561,2732514,2732409,2732397,10239,3048203,True,ood_nonbacterial
3048222,558018,10442,2840070,2840056,0,0,10239,3048222,True,ood_nonbacterial
3048227,146761,39738,2732548,2732463,2732406,2732396,10239,3048227,True,ood_nonbacterial
3048230,1299309,39738,2732548,2732463,2732406,2732396,10239,3048230,True,ood_nonbacterial
3048238,558016,10442,2840070,2840056,0,0,10239,3048238,True,ood_nonbacterial
3048242,186844,39738,2732548,2732463,2732406,2732396,10239,3048242,True,ood_nonbacterial
3048243,12057,675072,464095,2732506,2732408,2732396,10239,3048243,True,ood_nonbacterial
3048247,39734,39738,2732548,2732463,2732406,2732396,10239,3048247,True,ood_nonbacterial
3048250,1911601,39738,2732548,2732463,2732406,2732396,10239,3048250,True,ood_nonbacterial
3048254,1911602,39738,2732548,2732463,2732406,2732396,10239,3048254,True,ood_nonbacterial
3048255,1911599,39738,2732548,2732463,2732406,2732396,10239,3048255,True,ood_nonbacterial
3048260,2842693,1511852,2840070,2840056,0,0,10239,3048260,True,ood_nonbacterial
3048265,186845,186534,2169561,2732514,2732409,2732397,10239,3048265,True,ood_nonbacterial
3048295,12266,39738,2732548,2732463,2732406,2732396,10239,3048295,True,ood_nonbacterial
3048297,144051,232795,464095,2732506,2732408,2732396,10239,3048297,True,ood_nonbacterial
3048298,187212,186534,2169561,2732514,2732409,2732397,10239,3048298,True,ood_nonbacterial
3048299,12050,675072,464095,2732506,2732408,2732396,10239,3048299,True,ood_nonbacterial
3048303,1748295,186534,2169561,2732514,2732409,2732397,10239,3048303,True,ood_nonbacterial
3048307,2843011,186534,2169561,2732514,2732409,2732397,10239,3048307,True,ood_nonbacterial
3048309,232799,699189,464095,2732506,2732408,2732396,10239,3048309,True,ood_nonbacterial
3048320,1511861,1511860,2732549,2732505,2732408,2732396,10239,3048320,True,ood_nonbacterial
3048322,12036,39738,2732548,2732463,2732406,2732396,10239,3048322,True,ood_nonbacterial
3048333,43680,43682,2732555,2732523,2732007,2732005,10239,3048333,True,ood_nonbacterial
3048343,215920,675072,464095,2732506,2732408,2732396,10239,3048343,True,ood_nonbacterial
3048357,1213379,232795,464095,2732506,2732408,2732396,10239,3048357,True,ood_nonbacterial
3048359,2733288,10993,0,0,0,2732396,10239,3048359,True,ood_nonbacterial
3048365,2842638,1511852,2840070,2840056,0,0,10239,3048365,True,ood_nonbacterial
3048369,1299311,39738,2732548,2732463,2732406,2732396,10239,3048369,True,ood_nonbacterial
3048371,1232640,186534,2169561,2732514,2732409,2732397,10239,3048371,True,ood_nonbacterial
3048378,675073,675072,464095,2732506,2732408,2732396,10239,3048378,True,ood_nonbacterial
3048379,687336,687329,0,0,0,0,10239,3048379,True,ood_nonbacterial
3048380,687333,687329,0,0,0,0,10239,3048380,True,ood_nonbacterial
3048407,687332,687329,0,0,0,0,10239,3048407,True,ood_nonbacterial
3048408,687339,687329,0,0,0,0,10239,3048408,True,ood_nonbacterial
3048409,1218487,687329,0,0,0,0,10239,3048409,True,ood_nonbacterial
3048411,687335,687329,0,0,0,0,10239,3048411,True,ood_nonbacterial
3048412,687334,687329,0,0,0,0,10239,3048412,True,ood_nonbacterial
3048413,687331,687329,0,0,0,0,10239,3048413,True,ood_nonbacterial
3048446,2842851,10292,548681,2731363,2731361,2731360,10239,3048446,True,ood_nonbacterial
3048448,3044782,11050,2732545,2732462,2732406,2732396,10239,3048448,True,ood_nonbacterial
3048452,558017,10442,2840070,2840056,0,0,10239,3048452,True,ood_nonbacterial
3048456,39750,10993,0,0,0,2732396,10239,3048456,True,ood_nonbacterial
3048462,2560258,1511860,2732549,2732505,2732408,2732396,10239,3048462,True,ood_nonbacterial
3049952,186938,11158,11157,2497574,2497569,2732396,10239,3049952,True,ood_nonbacterial
3050134,548687,10292,548681,2731363,2731361,2731360,10239,3050134,True,ood_nonbacterial
3050245,10319,10292,548681,2731363,2731361,2731360,10239,3050245,True,ood_nonbacterial
3050248,1868215,11244,11157,2497574,2497569,2732396,10239,3050248,True,ood_nonbacterial
3050250,10375,10292,548681,2731363,2731361,2731360,10239,3050250,True,ood_nonbacterial
3050271,3044698,548682,548681,2731363,2731361,2731360,10239,3050271,True,ood_nonbacterial
3050272,2842564,10292,548681,2731363,2731361,2731360,10239,3050272,True,ood_nonbacterial
3050273,548689,10292,548681,2731363,2731361,2731360,10239,3050273,True,ood_nonbacterial
3050281,548688,10292,548681,2731363,2731361,2731360,10239,3050281,True,ood_nonbacterial
3050288,180252,10292,548681,2731363,2731361,2731360,10239,3050288,True,ood_nonbacterial
3050290,1513230,548685,548681,2731363,2731361,2731360,10239,3050290,True,ood_nonbacterial
3050296,40272,10292,548681,2731363,2731361,2731360,10239,3050296,True,ood_nonbacterial
3050300,10379,10292,548681,2731363,2731361,2731360,10239,3050300,True,ood_nonbacterial
3050301,3044737,548682,548681,2731363,2731361,2731360,10239,3050301,True,ood_nonbacterial
3050305,10294,10292,548681,2731363,2731361,2731360,10239,3050305,True,ood_nonbacterial
3050324,10365,10292,548681,2731363,2731361,2731360,10239,3050324,True,ood_nonbacterial
3050331,548686,548685,548681,2731363,2731361,2731360,10239,3050331,True,ood_nonbacterial
3050334,10358,10292,548681,2731363,2731361,2731360,10239,3050334,True,ood_nonbacterial
3050344,180255,10292,548681,2731363,2731361,2731360,10239,3050344,True,ood_nonbacterial
3050347,3044671,548682,548681,2731363,2731361,2731360,10239,3050347,True,ood_nonbacterial
3050351,3044809,548682,548681,2731363,2731361,2731360,10239,3050351,True,ood_nonbacterial
3050360,1232637,10292,548681,2731363,2731361,2731360,10239,3050360,True,ood_nonbacterial
3050362,2842996,10292,548681,2731363,2731361,2731360,10239,3050362,True,ood_nonbacterial
3051371,2560174,11158,11157,2497574,2497569,2732396,10239,3051371,True,ood_nonbacterial
3051383,2560194,11158,11157,2497574,2497569,2732396,10239,3051383,True,ood_nonbacterial
3051404,2560082,1980413,1980410,2497576,2497569,2732396,10239,3051404,True,ood_nonbacterial
3051410,2560083,1980413,1980410,2497576,2497569,2732396,10239,3051410,True,ood_nonbacterial
3051412,2842365,687329,0,0,0,0,10239,3051412,True,ood_nonbacterial
3051624,310911,10780,2732534,2732422,2732415,2732092,10239,3051624,True,ood_nonbacterial
3051975,2560091,11617,1980410,2497576,2497569,2732396,10239,3051975,True,ood_nonbacterial
3051977,2733223,10780,2732534,2732422,2732415,2732092,10239,3051977,True,ood_nonbacterial
3051980,1232658,11158,11157,2497574,2497569,2732396,10239,3051980,True,ood_nonbacterial
3051983,1511864,10780,2732534,2732422,2732415,2732092,10239,3051983,True,ood_nonbacterial
3051995,2501981,1980418,1980410,2497576,2497569,2732396,10239,3051995,True,ood_nonbacterial
3052000,1511854,1511852,2840070,2840056,0,0,10239,3052000,True,ood_nonbacterial
3052025,2733224,10780,2732534,2732422,2732415,2732092,10239,3052025,True,ood_nonbacterial
3052045,1507401,10780,2732534,2732422,2732415,2732092,10239,3052045,True,ood_nonbacterial
3052099,2733230,10780,2732534,2732422,2732415,2732092,10239,3052099,True,ood_nonbacterial
3052115,2733231,10780,2732534,2732422,2732415,2732092,10239,3052115,True,ood_nonbacterial
3052116,2842598,687329,0,0,0,0,10239,3052116,True,ood_nonbacterial
3052136,2560118,1980418,1980410,2497576,2497569,2732396,10239,3052136,True,ood_nonbacterial
3052142,1511888,10780,2732534,2732422,2732415,2732092,10239,3052142,True,ood_nonbacterial
3052148,1513236,11266,11157,2497574,2497569,2732396,10239,3052148,True,ood_nonbacterial
3052172,2733242,11158,11157,2497574,2497569,2732396,10239,3052172,True,ood_nonbacterial
3052181,2733240,11266,11157,2497574,2497569,2732396,10239,3052181,True,ood_nonbacterial
3052182,2169608,2169567,2732535,2732423,2732416,2732092,10239,3052182,True,ood_nonbacterial
3052183,2842645,10780,2732534,2732422,2732415,2732092,10239,3052183,True,ood_nonbacterial
3052184,2733292,186534,2169561,2732514,2732409,2732397,10239,3052184,True,ood_nonbacterial
3052186,2733257,1980418,1980410,2497576,2497569,2732396,10239,3052186,True,ood_nonbacterial
3052189,40121,10780,2732534,2732422,2732415,2732092,10239,3052189,True,ood_nonbacterial
3052195,687337,687329,0,0,0,0,10239,3052195,True,ood_nonbacterial
3052202,2501995,1980417,1980410,2497576,2497569,2732396,10239,3052202,True,ood_nonbacterial
3052205,1283308,11158,11157,2497574,2497569,2732396,10239,3052205,True,ood_nonbacterial
3052209,1285591,1285590,2840070,2840056,0,0,10239,3052209,True,ood_nonbacterial
3052212,1980420,1980418,1980410,2497576,2497569,2732396,10239,3052212,True,ood_nonbacterial
3052214,2169607,11617,1980410,2497576,2497569,2732396,10239,3052214,True,ood_nonbacterial
3052220,2733225,10780,2732534,2732422,2732415,2732092,10239,3052220,True,ood_nonbacterial
3052223,260964,11158,11157,2497574,2497569,2732396,10239,3052223,True,ood_nonbacterial
3052230,11102,11050,2732545,2732462,2732406,2732396,10239,3052230,True,ood_nonbacterial
3052240,2733232,10780,2732534,2732422,2732415,2732092,10239,3052240,True,ood_nonbacterial
3052243,1980533,1980416,1980410,2497576,2497569,2732396,10239,3052243,True,ood_nonbacterial
3052245,3044730,3044473,0,2731619,2731618,2731360,10239,3052245,True,ood_nonbacterial
3052246,2733243,11158,11157,2497574,2497569,2732396,10239,3052246,True,ood_nonbacterial
3052248,2501976,1980418,1980410,2497576,2497569,2732396,10239,3052248,True,ood_nonbacterial
3052249,2501977,1980418,1980410,2497576,2497569,2732396,10239,3052249,True,ood_nonbacterial
3052250,2501978,1980418,1980410,2497576,2497569,2732396,10239,3052250,True,ood_nonbacterial
3052252,2842749,1980417,1980410,2497576,2497569,2732396,10239,3052252,True,ood_nonbacterial
3052253,3044736,10780,2732534,2732422,2732415,2732092,10239,3052253,True,ood_nonbacterial
3052256,40122,10780,2732534,2732422,2732415,2732092,10239,3052256,True,ood_nonbacterial
3052260,2733258,1980418,1980410,2497576,2497569,2732396,10239,3052260,True,ood_nonbacterial
3052269,2501997,1980417,1980410,2497576,2497569,2732396,10239,3052269,True,ood_nonbacterial
3052270,2169609,2169567,2732535,2732423,2732416,2732092,10239,3052270,True,ood_nonbacterial
3052273,1218489,687329,0,0,0,0,10239,3052273,True,ood_nonbacterial
3052279,2560166,1980418,1980410,2497576,2497569,2732396,10239,3052279,True,ood_nonbacterial
3052280,2733259,1980418,1980410,2497576,2497569,2732396,10239,3052280,True,ood_nonbacterial
3052282,2501366,1980413,1980410,2497576,2497569,2732396,10239,3052282,True,ood_nonbacterial
3052303,1653394,11617,1980410,2497576,2497569,2732396,10239,3052303,True,ood_nonbacterial
3052334,3044759,1980418,1980410,2497576,2497569,2732396,10239,3052334,True,ood_nonbacterial
3052338,2501367,1980413,1980410,2497576,2497569,2732396,10239,3052338,True,ood_nonbacterial
3052340,2501979,1980418,1980410,2497576,2497569,2732396,10239,3052340,True,ood_nonbacterial
3052345,11229,11158,11157,2497574,2497569,2732396,10239,3052345,True,ood_nonbacterial
3052348,1285593,1285590,2840070,2840056,0,0,10239,3052348,True,ood_nonbacterial
3052349,2842886,10780,2732534,2732422,2732415,2732092,10239,3052349,True,ood_nonbacterial
3052350,2560179,687329,0,0,0,0,10239,3052350,True,ood_nonbacterial
3052354,2560185,11158,11157,2497574,2497569,2732396,10239,3052354,True,ood_nonbacterial
3052361,3044774,0,0,2731619,2731618,2731360,10239,3052361,True,ood_nonbacterial
3052362,2842910,1980415,1980410,2497576,2497569,2732396,10239,3052362,True,ood_nonbacterial
3052366,2842923,687329,0,0,0,0,10239,3052366,True,ood_nonbacterial
3052381,11572,1980416,1980410,2497576,2497569,2732396,10239,3052381,True,ood_nonbacterial
3052460,3044781,11266,11157,2497574,2497569,2732396,10239,3052460,True,ood_nonbacterial
3052505,3044783,11266,11157,2497574,2497569,2732396,10239,3052505,True,ood_nonbacterial
3052514,1980517,1980415,1980410,2497576,2497569,2732396,10239,3052514,True,ood_nonbacterial
3052543,1980538,1980417,1980410,2497576,2497569,2732396,10239,3052543,True,ood_nonbacterial
3052558,2560195,11158,11157,2497574,2497569,2732396,10239,3052558,True,ood_nonbacterial
3052566,2560196,1980419,1980410,2497576,2497569,2732396,10239,3052566,True,ood_nonbacterial
3052591,2560198,1980416,1980410,2497576,2497569,2732396,10239,3052591,True,ood_nonbacterial
3052593,2560199,11158,11157,2497574,2497569,2732396,10239,3052593,True,ood_nonbacterial
3052602,2560200,11158,11157,2497574,2497569,2732396,10239,3052602,True,ood_nonbacterial
3052603,2733227,10780,2732534,2732422,2732415,2732092,10239,3052603,True,ood_nonbacterial
3052610,1307799,11050,2732545,2732462,2732406,2732396,10239,3052610,True,ood_nonbacterial
3052615,2733234,10780,2732534,2732422,2732415,2732092,10239,3052615,True,ood_nonbacterial
3052621,11095,11050,2732545,2732462,2732406,2732396,10239,3052621,True,ood_nonbacterial
3052632,1980421,1980418,1980410,2497576,2497569,2732396,10239,3052632,True,ood_nonbacterial
3052676,11584,1980418,1980410,2497576,2497569,2732396,10239,3052676,True,ood_nonbacterial
3052691,2501975,1980418,1980410,2497576,2497569,2732396,10239,3052691,True,ood_nonbacterial
3052700,2733228,10780,2732534,2732422,2732415,2732092,10239,3052700,True,ood_nonbacterial
3052703,2169610,2169567,2732535,2732423,2732416,2732092,10239,3052703,True,ood_nonbacterial
3052717,1506574,10780,2732534,2732422,2732415,2732092,10239,3052717,True,ood_nonbacterial
3052724,1653395,11617,1980410,2497576,2497569,2732396,10239,3052724,True,ood_nonbacterial
3052728,2560212,1980413,1980410,2497576,2497569,2732396,10239,3052728,True,ood_nonbacterial
3052734,2843007,687329,0,0,0,0,10239,3052734,True,ood_nonbacterial
3052737,2843013,1980415,1980410,2497576,2497569,2732396,10239,3052737,True,ood_nonbacterial
3052740,2560217,11158,11157,2497574,2497569,2732396,10239,3052740,True,ood_nonbacterial
3052741,2560224,1980417,1980410,2497576,2497569,2732396,10239,3052741,True,ood_nonbacterial
3052742,2733229,10780,2732534,2732422,2732415,2732092,10239,3052742,True,ood_nonbacterial
3052745,2733244,11158,11157,2497574,2497569,2732396,10239,3052745,True,ood_nonbacterial
3052746,3044818,2169567,2732535,2732423,2732416,2732092,10239,3052746,True,ood_nonbacterial
3052748,2501994,1980416,1980410,2497576,2497569,2732396,10239,3052748,True,ood_nonbacterial
3052749,2501970,1980415,1980410,2497576,2497569,2732396,10239,3052749,True,ood_nonbacterial
3052750,2843044,687329,0,0,0,0,10239,3052750,True,ood_nonbacterial
3052753,2948915,675072,464095,2732506,2732408,2732396,10239,3052753,True,ood_nonbacterial
3052755,2560232,11266,11157,2497574,2497569,2732396,10239,3052755,True,ood_nonbacterial
3052756,2501971,1980415,1980410,2497576,2497569,2732396,10239,3052756,True,ood_nonbacterial
3052757,3044836,0,0,2731619,2731618,2731360,10239,3052757,True,ood_nonbacterial
3052758,2560234,11158,11157,2497574,2497569,2732396,10239,3052758,True,ood_nonbacterial
3052762,12329,1980418,1980410,2497576,2497569,2732396,10239,3052762,True,ood_nonbacterial
3052770,1511911,10780,2732534,2732422,2732415,2732092,10239,3052770,True,ood_nonbacterial
3052775,2843081,687329,0,0,0,0,10239,3052775,True,ood_nonbacterial
3052776,2843082,10780,2732534,2732422,2732415,2732092,10239,3052776,True,ood_nonbacterial
3052777,2560236,11266,11157,2497574,2497569,2732396,10239,3052777,True,ood_nonbacterial
3052778,687338,687329,0,0,0,0,10239,3052778,True,ood_nonbacterial
3052789,2501368,1980413,1980410,2497576,2497569,2732396,10239,3052789,True,ood_nonbacterial
3052811,2734594,1980418,1980410,2497576,2497569,2732396,10239,3052811,True,ood_nonbacterial
3052813,2733293,186534,2169561,2732514,2732409,2732397,10239,3052813,True,ood_nonbacterial
3052821,2843130,687329,0,0,0,0,10239,3052821,True,ood_nonbacterial
3052826,2560254,1980418,1980410,2497576,2497569,2732396,10239,3052826,True,ood_nonbacterial
3052827,2501998,1980417,1980410,2497576,2497569,2732396,10239,3052827,True,ood_nonbacterial
3052828,2843144,1980415,1980410,2497576,2497569,2732396,10239,3052828,True,ood_nonbacterial
3052830,2843145,687329,0,0,0,0,10239,3052830,True,ood_nonbacterial
305785,645516,2169577,2732553,2732506,2732408,2732396,10239,305785,True,ood_nonbacterial
3058190,3044701,3044477,3044426,2732529,2732008,2732005,10239,3058190,True,ood_nonbacterial
310750,2003394,564644,2732544,2732461,2732406,2732396,10239,310750,True,ood_nonbacterial
311226,311225,2946187,2732541,2732459,2732405,2732396,10239,311226,True,ood_nonbacterial
311229,311227,2946187,2732541,2732459,2732405,2732396,10239,311229,True,ood_nonbacterial
311400,2263,2259,2258,183968,28890,0,2157,311400,True,ood_nonbacterial
312185,194961,12058,464095,2732506,2732408,2732396,10239,312185,True,ood_nonbacterial
31532,1623305,0,0,2731619,2731618,2731360,10239,31532,True,ood_nonbacterial
31535,1623287,0,0,2731619,2731618,2731360,10239,31535,True,ood_nonbacterial
31537,186532,0,0,2731619,2731618,2731360,10239,31537,True,ood_nonbacterial
315953,680194,423358,0,0,0,0,10239,315953,True,ood_nonbacterial
31713,67753,69973,2732544,2732461,2732406,2732396,10239,31713,True,ood_nonbacterial
31721,143901,1513233,2732543,2732461,2732406,2732396,10239,31721,True,ood_nonbacterial
318829,48558,2528436,639021,147550,4890,4751,2759,318829,True,ood_nonbacterial
320122,1912144,0,0,2731619,2731618,2731360,10239,320122,True,ood_nonbacterial
323118,675844,39729,2732550,2732507,2732408,2732396,10239,323118,True,ood_nonbacterial
324900,324902,324901,464095,2732506,2732408,2732396,10239,324900,True,ood_nonbacterial
32625,39742,39741,2732553,2732506,2732408,2732396,10239,32625,True,ood_nonbacterial
329853,2842664,2842319,2842247,2842243,2732407,2732396,10239,329853,True,ood_nonbacterial
33169,33170,4893,4892,4891,4890,4751,2759,33169,True,ood_nonbacterial
332032,2733083,2946167,0,2731619,2731618,2731360,10239,332032,True,ood_nonbacterial
333919,333918,151340,2732533,2732421,2732415,2732092,10239,333919,True,ood_nonbacterial
333930,325455,151340,2732533,2732421,2732415,2732092,10239,333930,True,ood_nonbacterial
334204,334202,151340,2732533,2732421,2732415,2732092,10239,334204,True,ood_nonbacterial
334205,475861,151340,2732533,2732421,2732415,2732092,10239,334205,True,ood_nonbacterial
334208,333922,151340,2732533,2732421,2732415,2732092,10239,334208,True,ood_nonbacterial
336959,249589,39733,2732551,2732507,2732408,2732396,10239,336959,True,ood_nonbacterial
33724,10988,2946187,2732541,2732459,2732405,2732396,10239,33724,True,ood_nonbacterial
33756,95339,11974,464095,2732506,2732408,2732396,10239,33756,True,ood_nonbacterial
33773,154322,39740,2732544,2732461,2732406,2732396,10239,33773,True,ood_nonbacterial
338079,11640,11632,2169561,2732514,2732409,2732397,10239,338079,True,ood_nonbacterial
338192,338191,338190,31932,1643678,651137,0,2157,338192,True,ood_nonbacterial
338473,2843377,0,0,2731619,2731618,2731360,10239,338473,True,ood_nonbacterial
338781,699182,2946186,2732541,2732459,2732405,2732396,10239,338781,True,ood_nonbacterial
340435,2843384,0,0,2731619,2731618,2731360,10239,340435,True,ood_nonbacterial
341721,699180,2946187,2732541,2732459,2732405,2732396,10239,341721,True,ood_nonbacterial
341938,2169670,10656,2732558,2732529,2732008,2732005,10239,341938,True,ood_nonbacterial
342409,249585,196937,0,2840056,0,0,10239,342409,True,ood_nonbacterial
342564,2732981,2946167,0,2731619,2731618,2731360,10239,342564,True,ood_nonbacterial
344022,2732928,2731643,0,2731619,2731618,2731360,10239,344022,True,ood_nonbacterial
345201,10491,10486,2732555,2732523,2732007,2732005,10239,345201,True,ood_nonbacterial
347328,1299429,2946162,0,2731619,2731618,2731360,10239,347328,True,ood_nonbacterial
347962,1623308,0,0,2731619,2731618,2731360,10239,347962,True,ood_nonbacterial
35128,35127,29202,33847,33836,2836,0,2759,35128,True,ood_nonbacterial
35238,2843372,0,0,2731619,2731618,2731360,10239,35238,True,ood_nonbacterial
35258,325462,151340,2732533,2732421,2732415,2732092,10239,35258,True,ood_nonbacterial
35288,184751,675068,675063,2732461,2732406,2732396,10239,35288,True,ood_nonbacterial
35297,143919,12283,2732546,2732464,2732406,2732396,10239,35297,True,ood_nonbacterial
35343,2732977,2946167,0,2731619,2731618,2731360,10239,35343,True,ood_nonbacterial
35350,129725,675068,675063,2732461,2732406,2732396,10239,35350,True,ood_nonbacterial
353800,353799,1644061,1644060,183963,28890,0,2157,353800,True,ood_nonbacterial
355246,1920864,2731691,0,2731619,2731618,2731360,10239,355246,True,ood_nonbacterial
35612,95337,11974,464095,2732506,2732408,2732396,10239,35612,True,ood_nonbacterial
358766,395331,1198451,2191,224756,28890,0,2157,358766,True,ood_nonbacterial
36035,36034,34365,4892,4891,4890,4751,2759,36035,True,ood_nonbacterial
36363,10494,10486,2732555,2732523,2732007,2732005,10239,36363,True,ood_nonbacterial
36403,1232754,675068,675063,2732461,2732406,2732396,10239,36403,True,ood_nonbacterial
36427,10912,2946186,2732541,2732459,2732405,2732396,10239,36427,True,ood_nonbacterial
36453,185754,185751,0,0,0,0,10239,36453,True,ood_nonbacterial
365150,675076,675064,675063,2732461,2732406,2732396,10239,365150,True,ood_nonbacterial
369960,153135,11632,2169561,2732514,2732409,2732397,10239,369960,True,ood_nonbacterial
37128,186886,675071,2732544,2732461,2732406,2732396,10239,37128,True,ood_nonbacterial
37206,85651,1283207,2732543,2732461,2732406,2732396,10239,37206,True,ood_nonbacterial
373407,1623288,0,0,2731619,2731618,2731360,10239,373407,True,ood_nonbacterial
374422,2733217,0,0,2731619,2731618,2731360,10239,374422,True,ood_nonbacterial
37554,2842574,0,0,2731619,2731618,2731360,10239,37554,True,ood_nonbacterial
37665,181085,10501,2732524,2732523,2732007,2732005,10239,37665,True,ood_nonbacterial
376820,2732973,2946167,0,2731619,2731618,2731360,10239,376820,True,ood_nonbacterial
37727,5094,28568,5042,147545,4890,4751,2759,37727,True,ood_nonbacterial
379547,379546,0,0,0,2283796,0,2157,379547,True,ood_nonbacterial
37961,1511809,11012,2732549,2732505,2732408,2732396,10239,37961,True,ood_nonbacterial
381046,300275,4893,4892,4891,4890,4751,2759,381046,True,ood_nonbacterial
387341,332951,1644061,1644060,183963,28890,0,2157,387341,True,ood_nonbacterial
387343,387342,1644061,1644060,183963,28890,0,2157,387343,True,ood_nonbacterial
38804,10282,10240,2732527,2732525,2732007,2732005,10239,38804,True,ood_nonbacterial
388452,2843365,0,0,2731619,2731618,2731360,10239,388452,True,ood_nonbacterial
390157,586425,12058,464095,2732506,2732408,2732396,10239,390157,True,ood_nonbacterial
391228,1298630,10811,2732539,2732424,2732416,2732092,10239,391228,True,ood_nonbacterial
393598,2732974,2946167,0,2731619,2731618,2731360,10239,393598,True,ood_nonbacterial
39444,2733297,10240,2732527,2732525,2732007,2732005,10239,39444,True,ood_nonbacterial
39640,2946836,2946196,0,0,0,0,10239,39640,True,ood_nonbacterial
39669,196136,2206,94695,224756,28890,0,2157,39669,True,ood_nonbacterial
39720,153137,11632,2169561,2732514,2732409,2732397,10239,39720,True,ood_nonbacterial
39804,2842995,2842319,2842247,2842243,2732407,2732396,10239,39804,True,ood_nonbacterial
398839,2843445,0,0,2731619,2731618,2731360,10239,398839,True,ood_nonbacterial
40051,10892,2946186,2732541,2732459,2732405,2732396,10239,40051,True,ood_nonbacterial
400567,2843475,0,0,2731619,2731618,2731360,10239,400567,True,ood_nonbacterial
40523,1857844,2560065,0,2731619,2731618,2731360,10239,40523,True,ood_nonbacterial
40537,325459,151340,2732533,2732421,2732415,2732092,10239,40537,True,ood_nonbacterial
405554,694018,2508209,76804,2732506,2732408,2732396,10239,405554,True,ood_nonbacterial
40559,33196,28983,5178,147548,4890,4751,2759,40559,True,ood_nonbacterial
40631,308911,0,0,2731619,2731618,2731360,10239,40631,True,ood_nonbacterial
406340,2732972,2946167,0,2731619,2731618,2731360,10239,406340,True,ood_nonbacterial
413810,332246,2236,2235,183963,28890,0,2157,413810,True,ood_nonbacterial
414970,2843387,0,0,2731619,2731618,2731360,10239,414970,True,ood_nonbacterial
41675,41674,118883,2281,183924,28889,0,2157,41675,True,ood_nonbacterial
417280,2843356,0,0,2731619,2731618,2731360,10239,417280,True,ood_nonbacterial
41764,39730,39729,2732550,2732507,2732408,2732396,10239,41764,True,ood_nonbacterial
421010,12195,39729,2732550,2732507,2732408,2732396,10239,421010,True,ood_nonbacterial
42260,1196389,4893,4892,4891,4890,4751,2759,42260,True,ood_nonbacterial
42374,5475,766764,4892,4891,4890,4751,2759,42374,True,ood_nonbacterial
42475,10992,2946187,2732541,2732459,2732405,2732396,10239,42475,True,ood_nonbacterial
42882,12174,675068,675063,2732461,2732406,2732396,10239,42882,True,ood_nonbacterial
43080,2284,118883,2281,183924,28889,0,2157,43080,True,ood_nonbacterial
431317,1230390,39729,2732550,2732507,2732408,2732396,10239,431317,True,ood_nonbacterial
432096,71245,4893,4892,4891,4890,4751,2759,432096,True,ood_nonbacterial
438482,2731986,2731643,0,2731619,2731618,2731360,10239,438482,True,ood_nonbacterial
440250,2843476,0,0,2731619,2731618,2731360,10239,440250,True,ood_nonbacterial
442302,104394,585893,2732549,2732505,2732408,2732396,10239,442302,True,ood_nonbacterial
44689,5782,2058185,2058949,142796,2605435,0,2759,44689,True,ood_nonbacterial
44930,2256,1644061,1644060,183963,28890,0,2157,44930,True,ood_nonbacterial
454128,190729,1993640,0,0,0,0,10239,454128,True,ood_nonbacterial
456999,1322061,5250,36064,155619,5204,4751,2759,456999,True,ood_nonbacterial
46014,10473,10472,0,0,0,0,10239,46014,True,ood_nonbacterial
460519,460517,115784,4892,4891,4890,4751,2759,460519,True,ood_nonbacterial
46448,10813,10811,2732539,2732424,2732416,2732092,10239,46448,True,ood_nonbacterial
464988,77924,589351,589350,3027,0,0,2759,464988,True,ood_nonbacterial
466051,1623293,0,0,2731619,2731618,2731360,10239,466051,True,ood_nonbacterial
46632,46631,46630,2301,183967,2283796,0,2157,46632,True,ood_nonbacterial
475088,475087,1198451,2191,224756,28890,0,2157,475088,True,ood_nonbacterial
483537,2973078,2973077,2732540,2732458,2732405,2732396,10239,483537,True,ood_nonbacterial
487686,2204,2194,2191,224756,28890,0,2157,487686,True,ood_nonbacterial
4896,4895,4894,34346,147554,4890,4751,2759,4896,True,ood_nonbacterial
490103,680277,0,0,2731619,2731618,2731360,10239,490103,True,ood_nonbacterial
4909,4919,1156497,4892,4891,4890,4751,2759,4909,True,ood_nonbacterial
491003,2732017,2731690,0,2731619,2731618,2731360,10239,491003,True,ood_nonbacterial
4924,766733,766764,4892,4891,4890,4751,2759,4924,True,ood_nonbacterial
49267,220339,10811,2732539,2732424,2732416,2732092,10239,49267,True,ood_nonbacterial
4932,4930,4893,4892,4891,4890,4751,2759,4932,True,ood_nonbacterial
4950,4948,4893,4892,4891,4890,4751,2759,4950,True,ood_nonbacterial
4952,4951,34353,4892,4891,4890,4751,2759,4952,True,ood_nonbacterial
4956,4953,4893,4892,4891,4890,4751,2759,4956,True,ood_nonbacterial
4959,4958,766764,4892,4891,4890,4751,2759,4959,True,ood_nonbacterial
497727,497726,1033997,1033996,1643678,651137,0,2157,497727,True,ood_nonbacterial
498019,2964429,27319,4892,4891,4890,4751,2759,498019,True,ood_nonbacterial
498846,498845,0,0,0,51967,0,2157,498846,True,ood_nonbacterial
50339,2302,46659,2301,183967,2283796,0,2157,50339,True,ood_nonbacterial
508419,1912760,0,0,2731619,2731618,2731360,10239,508419,True,ood_nonbacterial
5141,5140,5148,5139,147550,4890,4751,2759,5141,True,ood_nonbacterial
5207,5206,1884633,5234,155616,5204,4751,2759,5207,True,ood_nonbacterial
5270,5269,5268,5267,5257,5204,4751,2759,5270,True,ood_nonbacterial
536044,2220,2206,94695,224756,28890,0,2157,536044,True,ood_nonbacterial
53953,2260,2259,2258,183968,28890,0,2157,53953,True,ood_nonbacterial
540068,2948873,0,0,2731619,2731618,2731360,10239,540068,True,ood_nonbacterial
54120,230355,2194,2191,224756,28890,0,2157,54120,True,ood_nonbacterial
54248,54247,2307,114380,183924,28889,0,2157,54248,True,ood_nonbacterial
54252,54251,2307,114380,183924,28889,0,2157,54252,True,ood_nonbacterial
54254,54253,2272,114380,183924,28889,0,2157,54254,True,ood_nonbacterial
54261,54260,2232,2231,183980,28890,0,2157,54261,True,ood_nonbacterial
5478,374468,4893,4892,4891,4890,4751,2759,5478,True,ood_nonbacterial
548915,10814,10811,2732539,2732424,2732416,2732092,10239,548915,True,ood_nonbacterial
5499,2897311,93133,2726947,147541,4890,4751,2759,5499,True,ood_nonbacterial
552525,1623290,0,0,2731619,2731618,2731360,10239,552525,True,ood_nonbacterial
55510,1857846,2560065,0,2731619,2731618,2731360,10239,55510,True,ood_nonbacterial
55529,55528,589343,589342,3027,0,0,2759,55529,True,ood_nonbacterial
555573,1075398,2236,2235,183963,28890,0,2157,555573,True,ood_nonbacterial
55951,217160,69973,2732544,2732461,2732406,2732396,10239,55951,True,ood_nonbacterial
55987,324913,11308,2499411,2497577,2497569,2732396,10239,55987,True,ood_nonbacterial
561996,2169611,0,0,2731619,2731618,2731360,10239,561996,True,ood_nonbacterial
563177,12914,118883,2281,183924,28889,0,2157,563177,True,ood_nonbacterial
56636,56635,2272,114380,183924,28889,0,2157,56636,True,ood_nonbacterial
5664,5658,5654,2704949,5653,33682,0,2759,5664,True,ood_nonbacterial
5691,5690,5654,2704949,5653,33682,0,2759,5691,True,ood_nonbacterial
570267,570266,570265,570264,224756,28890,0,2157,570267,True,ood_nonbacterial
5722,5721,181550,37104,0,5719,0,2759,5722,True,ood_nonbacterial
5741,5740,5739,5738,0,207245,0,2759,5741,True,ood_nonbacterial
57478,1623307,0,0,2731619,2731618,2731360,10239,57478,True,ood_nonbacterial
57705,203135,1963268,2235,183963,28890,0,2157,57705,True,ood_nonbacterial
5807,5806,35082,75739,1280412,5794,0,2759,5807,True,ood_nonbacterial
5811,5810,5809,75739,1280412,5794,0,2759,5811,True,ood_nonbacterial
5855,5820,1639119,5819,422676,5794,0,2759,5855,True,ood_nonbacterial
5865,5864,32594,5863,422676,5794,0,2759,5865,True,ood_nonbacterial
5874,5873,27994,5863,422676,5794,0,2759,5874,True,ood_nonbacterial
5888,5884,340080,33825,6020,5878,0,2759,5888,True,ood_nonbacterial
588898,134813,1644061,1644060,183963,28890,0,2157,588898,True,ood_nonbacterial
59509,10265,10240,2732527,2732525,2732007,2732005,10239,59509,True,ood_nonbacterial
6035,6033,36734,0,0,6029,4751,2759,6035,True,ood_nonbacterial
60847,60846,1644056,1644055,183963,28890,0,2157,60847,True,ood_nonbacterial
62099,62098,10240,2732527,2732525,2732007,2732005,10239,62099,True,ood_nonbacterial
62320,121871,1644061,1644060,183963,28890,0,2157,62320,True,ood_nonbacterial
624134,1623289,0,0,2731619,2731618,2731360,10239,624134,True,ood_nonbacterial
631345,2022640,2022639,464095,2732506,2732408,2732396,10239,631345,True,ood_nonbacterial
632112,2842881,2560065,0,2731619,2731618,2731360,10239,632112,True,ood_nonbacterial
638358,1298632,10811,2732539,2732424,2732416,2732092,10239,638358,True,ood_nonbacterial
64003,12160,69973,2732544,2732461,2732406,2732396,10239,64003,True,ood_nonbacterial
64186,1623304,0,0,2731619,2731618,2731360,10239,64186,True,ood_nonbacterial
64318,11051,11050,2732545,2732462,2732406,2732396,10239,64318,True,ood_nonbacterial
644610,1513295,1513294,11157,2497574,2497569,2732396,10239,644610,True,ood_nonbacterial
650121,1232647,0,0,0,0,0,10239,650121,True,ood_nonbacterial
65467,1914299,675068,675063,2732461,2732406,2732396,10239,65467,True,ood_nonbacterial
663557,2946815,0,0,2731619,2731618,2731360,10239,663557,True,ood_nonbacterial
667093,10882,2946187,2732541,2732459,2732405,2732396,10239,667093,True,ood_nonbacterial
66797,680116,0,0,2731619,2731618,2731360,10239,66797,True,ood_nonbacterial
674954,674952,11006,2732540,2732458,2732405,2732396,10239,674954,True,ood_nonbacterial
674971,674970,324901,464095,2732506,2732408,2732396,10239,674971,True,ood_nonbacterial
675060,675059,11012,2732549,2732505,2732408,2732396,10239,675060,True,ood_nonbacterial
67571,2843452,0,0,2731619,2731618,2731360,10239,67571,True,ood_nonbacterial
67585,104766,251095,2732538,2732423,2732416,2732092,10239,67585,True,ood_nonbacterial
683846,685950,685949,685948,183924,28889,0,2157,683846,True,ood_nonbacterial
68402,185759,185752,0,0,0,0,10239,68402,True,ood_nonbacterial
686985,686982,12058,464095,2732506,2732408,2732396,10239,686985,True,ood_nonbacterial
691956,691955,12058,464095,2732506,2732408,2732396,10239,691956,True,ood_nonbacterial
691958,691957,10508,2732559,2732529,2732008,2732005,10239,691958,True,ood_nonbacterial
693066,12109,12058,464095,2732506,2732408,2732396,10239,693066,True,ood_nonbacterial
693627,1299307,10474,0,0,0,0,10239,693627,True,ood_nonbacterial
694009,694002,11118,76804,2732506,2732408,2732396,10239,694009,True,ood_nonbacterial
694014,694013,11118,76804,2732506,2732408,2732396,10239,694014,True,ood_nonbacterial
694581,1513458,944644,2732555,2732523,2732007,2732005,10239,694581,True,ood_nonbacterial
69525,88723,1644061,1644060,183963,28890,0,2157,69525,True,ood_nonbacterial
696863,1513299,11270,11157,2497574,2497569,2732396,10239,696863,True,ood_nonbacterial
69781,5073,1131492,5042,147545,4890,4751,2759,69781,True,ood_nonbacterial
700542,1232738,1232737,0,0,0,0,10239,700542,True,ood_nonbacterial
70734,2732984,2946167,0,2731619,2731618,2731360,10239,70734,True,ood_nonbacterial
70796,689759,12058,464095,2732506,2732408,2732396,10239,70796,True,ood_nonbacterial
713089,2169618,1458186,0,0,0,0,10239,713089,True,ood_nonbacterial
73498,674981,11006,2732540,2732458,2732405,2732396,10239,73498,True,ood_nonbacterial
743023,2169620,1458186,0,0,0,0,10239,743023,True,ood_nonbacterial
74501,11155,2508209,76804,2732506,2732408,2732396,10239,74501,True,ood_nonbacterial
745377,2765402,1644061,1644060,183963,28890,0,2157,745377,True,ood_nonbacterial
746128,5052,1131492,5042,147545,4890,4751,2759,746128,True,ood_nonbacterial
755307,1644057,1963271,1644055,183963,28890,0,2157,755307,True,ood_nonbacterial
76775,55193,742845,162474,1538075,5204,4751,2759,76775,True,ood_nonbacterial
76887,76886,2267,2266,183924,28889,0,2157,76887,True,ood_nonbacterial
78541,1623303,0,0,2731619,2731618,2731360,10239,78541,True,ood_nonbacterial
78579,1920207,35718,5139,147550,4890,4751,2759,78579,True,ood_nonbacterial
796027,410829,410830,4892,4891,4890,4751,2759,796027,True,ood_nonbacterial
80884,5455,681950,1028384,147550,4890,4751,2759,80884,True,ood_nonbacterial
82676,325461,151340,2732533,2732421,2732415,2732092,10239,82676,True,ood_nonbacterial
83171,196118,196117,2182,183939,28890,0,2157,83171,True,ood_nonbacterial
83191,2733302,10240,2732527,2732525,2732007,2732005,10239,83191,True,ood_nonbacterial
83984,2192,88404,2191,224756,28890,0,2157,83984,True,ood_nonbacterial
84156,2233,2232,2231,183980,28890,0,2157,84156,True,ood_nonbacterial
85652,85650,1283207,2732543,2732461,2732406,2732396,10239,85652,True,ood_nonbacterial
859650,1298631,10811,2732539,2732424,2732416,2732092,10239,859650,True,ood_nonbacterial
861044,2946797,0,0,2731619,2731618,2731360,10239,861044,True,ood_nonbacterial
861047,1623278,2946173,0,2731619,2731618,2731360,10239,861047,True,ood_nonbacterial
869888,1269201,2976354,2235,183963,28890,0,2157,869888,True,ood_nonbacterial
869889,171163,1963268,2235,183963,28890,0,2157,869889,True,ood_nonbacterial
877455,2160,2159,2158,183925,28890,0,2157,877455,True,ood_nonbacterial
882768,1511810,11012,2732549,2732505,2732408,2732396,10239,882768,True,ood_nonbacterial
90961,11286,11270,11157,2497574,2497569,2732396,10239,90961,True,ood_nonbacterial
915293,2169617,1458186,0,0,0,0,10239,915293,True,ood_nonbacterial
926474,2842966,2842329,0,2731619,2731618,2731360,10239,926474,True,ood_nonbacterial
926844,2169619,1458186,0,0,0,0,10239,926844,True,ood_nonbacterial
934027,1636618,0,0,2731619,2731618,2731360,10239,934027,True,ood_nonbacterial
945962,136466,10780,2732534,2732422,2732415,2732092,10239,945962,True,ood_nonbacterial
94643,94642,5809,75739,1280412,5794,0,2759,94643,True,ood_nonbacterial
95342,95341,11974,464095,2732506,2732408,2732396,10239,95342,True,ood_nonbacterial
971279,83867,2259,2258,183968,28890,0,2157,971279,True,ood_nonbacterial
97195,573012,10501,2732524,2732523,2732007,2732005,10239,97195,True,ood_nonbacterial
97393,74968,90142,2301,183967,2283796,0,2157,97393,True,ood_nonbacterial
98403,98402,474942,5125,147550,4890,4751,2759,98403,True,ood_nonbacterial
