,species,genus,family,order,class,phylum,kingdom,superkingdom
0,1000373,1299297,1299296,2732540,2732458,2732405,2732396,10239
1,100225,1184606,85018,85006,1760,201174,0,2
2,1002689,1742983,204434,204433,204432,57723,0,2
3,1003891,1914293,675068,675063,2732461,2732406,2732396,10239
4,1005039,1005038,1663426,1663425,1663419,67819,0,2
5,1005962,461281,1156497,4892,4891,4890,4751,2759
6,1006,869806,2762301,768507,768503,976,0,2
7,1006576,1511648,1643949,1643947,188708,200918,0,2
8,100716,100715,2968741,191411,191410,1090,0,2
9,1008,1007,89374,1936988,1937959,976,0,2
10,100886,135858,2810280,526525,526524,1239,0,2
11,100887,12291,675071,2732544,2732461,2732406,2732396,10239
12,101192,101191,2206,94695,224756,28890,0,2157
13,101385,153265,49546,200644,117743,976,0,2
14,1014,1013,2762318,200644,117743,976,0,2
15,101534,203804,543,91347,1236,1224,0,2
16,1018,1016,49546,200644,117743,976,0,2
17,102116,102115,1890498,52604,3028117,1117,0,2
18,102134,2867376,2867375,186802,186801,1239,0,2
19,10261,10260,10240,2732527,2732525,2732007,2732005,10239
20,1027273,305899,2066474,135619,1236,1224,0,2
21,10273,10270,10240,2732527,2732525,2732007,2732005,10239
22,10276,10275,10240,2732527,2732525,2732007,2732005,10239
23,10279,10278,10240,2732527,2732525,2732007,2732005,10239
24,1031538,75687,135620,135619,1236,1224,0,2
25,1032474,1298634,324686,0,0,0,0,10239
26,1032623,1249016,712,135625,1236,1224,0,2
27,1033854,106633,72276,135613,1236,1224,0,2
28,1034377,1884454,1513294,11157,2497574,2497569,2732396,10239
29,103731,2071,2070,85010,1760,201174,0,2
30,103816,1827,85025,85007,1760,201174,0,2
31,104,68288,563798,768507,768503,976,0,2
32,10406,10405,10404,2732515,2732514,2732409,2732397,10239
33,104580,208294,2946186,2732541,2732459,2732405,2732396,10239
34,1047171,1047167,93133,2726947,147541,4890,4751,2759
35,1048396,1209988,1963271,1644055,183963,28890,0,2157
36,10484,2948762,2946196,0,0,0,0,10239
37,1048434,2169649,39729,2732550,2732507,2732408,2732396,10239
38,1048758,1048757,543,91347,1236,1224,0,2
39,1049,85072,1046,135613,1236,1224,0,2
40,104955,2742598,33958,186826,91061,1239,0,2
41,10497,39743,137992,2732526,2732525,2732007,2732005,10239
42,1050,85073,1046,135613,1236,1224,0,2
43,10506,181083,10501,2732524,2732523,2732007,2732005,10239
44,105219,48736,119060,80840,28216,1224,0,2
45,1053,85108,72276,135613,1236,1224,0,2
46,1055104,204286,28256,135619,1236,1224,0,2
47,105560,316612,2975441,80840,28216,1224,0,2
48,10561,333921,151340,2732533,2732421,2732415,2732092,10239
49,10564,325454,151340,2732533,2732421,2732415,2732092,10239
50,10567,325456,151340,2732533,2732421,2732415,2732092,10239
51,1056807,212742,481,206351,28216,1224,0,2
52,1056831,2948788,0,0,2731619,2731618,2731360,10239
53,10570,333750,151340,2732533,2732421,2732415,2732092,10239
54,106,105,2896860,768507,768503,976,0,2
55,1061,1060,31989,204455,28211,1224,0,2
56,10623,325457,151340,2732533,2732421,2732415,2732092,10239
57,106284,1623298,0,0,2731619,2731618,2731360,10239
58,1063,1653176,31989,204455,28211,1224,0,2
59,106370,1854,74712,85013,1760,201174,0,2
60,106592,106591,82115,356,28211,1224,0,2
61,10661,10660,10659,2732560,2732529,2732008,2732005,10239
62,10665,10663,2946170,0,2731619,2731618,2731360,10239
63,10677,186777,0,0,2731619,2731618,2731360,10239
64,10678,186789,0,0,2731619,2731618,2731360,10239
65,10679,140410,2946167,0,2731619,2731618,2731360,10239
66,10683,2843463,0,0,2731619,2731618,2731360,10239
67,10685,1857845,2560065,0,2731619,2731618,2731360,10239
68,1069,1068,45401,356,28211,1224,0,2
69,10690,1196844,2946167,0,2731619,2731618,2731360,10239
70,1069220,2126281,1762,85007,1760,201174,0,2
71,1069378,1987146,0,0,2731619,2731618,2731360,10239
72,1070130,1906661,543,91347,1236,1224,0,2
73,10708,1623286,0,0,2731619,2731618,2731360,10239
74,10710,186765,0,0,2731619,2731618,2731360,10239
75,10726,187218,2731690,0,2731619,2731618,2731360,10239
76,1073767,2842816,2731691,0,2731619,2731618,2731360,10239
77,1073996,1450140,1963271,1644055,183963,28890,0,2157
78,10742,2843034,0,0,2731619,2731618,2731360,10239
79,1074214,2948727,2946178,2732536,2732423,2732416,2732092,10239
80,1074325,39749,39748,2732549,2732505,2732408,2732396,10239
81,1074467,2767879,33958,186826,91061,1239,0,2
82,1075,2818469,31989,204455,28211,1224,0,2
83,10752,371730,2842329,0,2731619,2731618,2731360,10239
84,10756,186846,2842328,0,2731619,2731618,2731360,10239
85,1076,1073,41294,356,28211,1224,0,2
86,1076124,907364,28056,85008,1760,201174,0,2
87,1076255,2005509,10240,2732527,2732525,2732007,2732005,10239
88,1076588,1608298,0,0,1236,1224,0,2
89,1076626,1076625,0,0,1236,1224,0,2
90,107709,178440,134623,415000,414999,74201,0,2
91,10778,2842397,2842328,0,2731619,2731618,2731360,10239
92,1079,59282,2831090,356,28211,1224,0,2
93,1081631,1081630,543,91347,1236,1224,0,2
94,1082704,1082702,1903410,91347,1236,1224,0,2
95,10837,10812,10811,2732539,2732424,2732416,2732092,10239
96,1084,1612157,41295,204441,28211,1224,0,2
97,10847,1910954,10841,2732414,2732413,2732412,2732091,10239
98,1084719,2843376,0,0,2731619,2731618,2731360,10239
99,10855,10852,10841,2732414,2732413,2732412,2732091,10239
100,1085624,59740,1853234,768507,768503,976,0,2
101,10862,2732872,10860,2732094,2732411,2732410,2732090,10239
102,10869,1977142,10860,2732094,2732411,2732410,2732090,10239
103,1091052,2169534,2169529,0,2731619,2731618,2731360,10239
104,109266,110103,1892259,1161,3028117,1117,0,2
105,109270,2169665,11632,2169561,2732514,2732409,2732397,10239
106,109472,109471,712,135625,1236,1224,0,2
107,1096,1091,191412,191411,191410,1090,0,2
108,1097,256319,191412,191411,191410,1090,0,2
109,10991,10985,2946186,2732541,2732459,2732405,2732396,10239
110,1100,1099,191412,191411,191410,1090,0,2
111,1102,1101,191412,191411,191410,1090,0,2
112,11020,11019,11018,2732544,2732461,2732406,2732396,10239
113,1105381,2219055,0,464095,2732506,2732408,2732396,10239
114,110539,1866885,1762,85007,1760,201174,0,2
115,1108,1107,1106,32064,32061,200795,0,2
116,1108595,535,1499392,206351,28216,1224,0,2
117,1109412,71655,1903410,91347,1236,1224,0,2
118,1109716,1982375,0,0,2731619,2731618,2731360,10239
119,111015,1654,2049,2037,1760,201174,0,2
120,1112,1041,335929,204457,28211,1224,0,2
121,111501,111500,49546,200644,117743,976,0,2
122,1115758,1501226,186804,186802,186801,1239,0,2
123,1118202,1433995,2762318,200644,117743,976,0,2
124,111831,111830,41295,204441,28211,1224,0,2
125,111955,69655,118883,2281,183924,28889,0,2157
126,1123043,1382832,1914233,2691355,203683,203682,0,2
127,112437,156207,39729,2732550,2732507,2732408,2732396,10239
128,1124597,162171,1191479,1191478,28211,1224,0,2
129,1124849,2733122,0,0,2731619,2731618,2731360,10239
130,1125847,1903858,82115,356,28211,1224,0,2
131,1125966,1348505,186824,1385,91061,1239,0,2
132,1126,1125,1890449,1118,3028117,1117,0,2
133,1131703,399320,2791015,136,203692,203691,0,2
134,1133546,754249,0,85006,1760,201174,0,2
135,1134405,1134403,1334117,795748,795747,1134404,0,2
136,1134435,33057,2008794,206389,28216,1224,0,2
137,113608,113604,4893,4892,4891,4890,4751,2759
138,113653,190818,2232,2231,183980,28890,0,2157
139,1137095,1203,1182,1161,3028117,1117,0,2
140,1138822,2767893,33958,186826,91061,1239,0,2
141,1141134,1623283,2943001,0,2731619,2731618,2731360,10239
142,114186,114185,28256,135619,1236,1224,0,2
143,1141883,149698,75682,80840,28216,1224,0,2
144,1145276,400634,186817,1385,91061,1239,0,2
145,1148,1142,1890428,1890424,3028117,1117,0,2
146,1155739,1155738,1892254,1150,3028117,1117,0,2
147,11569,35323,11308,2499411,2497577,2497569,2732396,10239
148,1157339,1511856,1511855,0,0,0,0,10239
149,1159327,1434032,85023,85006,1760,201174,0,2
150,1159556,124426,34397,5125,147550,4890,4751,2759
151,115987,1912143,2946170,0,2731619,2731618,2731360,10239
152,1159906,1159901,11118,76804,2732506,2732408,2732396,10239
153,115991,2842979,2946170,0,2731619,2731618,2731360,10239
154,1160,54304,1892252,1150,3028117,1117,0,2
155,116056,413970,39740,2732544,2732461,2732406,2732396,10239
156,1160784,1301080,0,0,28216,1224,0,2
157,116090,171003,2848916,1737405,1737404,1239,0,2
158,1162966,1434022,85023,85006,1760,201174,0,2
159,1164,264688,1162,1161,3028117,1117,0,2
160,1165,1163,1162,1161,3028117,1117,0,2
161,1165090,1165076,49546,200644,117743,976,0,2
162,1166950,53392,1046,135613,1236,1224,0,2
163,1170699,379068,49546,200644,117743,976,0,2
164,117157,117156,2805400,85009,1760,201174,0,2
165,117187,5506,110618,5125,147550,4890,4751,2759
166,117207,165697,41297,204457,28211,1224,0,2
167,11723,11646,11632,2169561,2732514,2732409,2732397,10239
168,1173025,63132,1892251,1150,3028117,1117,0,2
169,1173026,102231,1890464,1118,3028117,1117,0,2
170,1173032,217161,1890431,1890424,3028117,1117,0,2
171,11757,140052,11632,2169561,2732514,2732409,2732397,10239
172,1176145,334211,151340,2732533,2732421,2732415,2732092,10239
173,1176146,936057,151340,2732533,2732421,2732415,2732092,10239
174,1176147,935635,151340,2732533,2732421,2732415,2732092,10239
175,1176148,934799,151340,2732533,2732421,2732415,2732092,10239
176,1176149,936058,151340,2732533,2732421,2732415,2732092,10239
177,1177211,2018044,119060,80840,28216,1224,0,2
178,1177712,1434011,433,204441,28211,1224,0,2
179,1177757,934802,151340,2732533,2732421,2732415,2732092,10239
180,1177758,934800,151340,2732533,2732421,2732415,2732092,10239
181,1177762,935650,151340,2732533,2732421,2732415,2732092,10239
182,1177763,936061,151340,2732533,2732421,2732415,2732092,10239
183,1177764,936056,151340,2732533,2732421,2732415,2732092,10239
184,1177765,935646,151340,2732533,2732421,2732415,2732092,10239
185,1177766,934803,151340,2732533,2732421,2732415,2732092,10239
186,1177767,935641,151340,2732533,2732421,2732415,2732092,10239
187,1179673,162491,85016,85006,1760,201174,0,2
188,118000,117999,2945019,191393,68337,200930,0,2
189,118140,118139,12058,464095,2732506,2732408,2732396,10239
190,118163,44474,1890500,52604,3028117,1117,0,2
191,118323,1158,1892254,1150,3028117,1117,0,2
192,1183401,357,82115,356,28211,1224,0,2
193,1184,47251,1890438,2881377,3028117,1117,0,2
194,1184387,1184396,1643948,1643946,188708,200918,0,2
195,1185412,1348611,2603322,186802,186801,1239,0,2
196,118562,35823,1892252,1150,3028117,1117,0,2
197,1188228,1188227,1955043,1955042,3028117,1117,0,2
198,1188319,1443590,90627,32003,28216,1224,0,2
199,11885,153057,11632,2169561,2732514,2732409,2732397,10239
200,1188794,2560159,0,0,2731619,2731618,2731360,10239
201,119,1649490,126,112,203683,203682,0,2
202,1190451,1636617,0,0,2731619,2731618,2731360,10239
203,1193095,2767890,33958,186826,91061,1239,0,2
204,1193713,2675232,186817,1385,91061,1239,0,2
205,119484,29526,213465,213462,3024408,200940,0,2
206,1195085,2733102,0,0,2731619,2731618,2731360,10239
207,1196083,1193515,481,206351,28216,1224,0,2
208,1196095,1193503,1240483,1240482,1236,1224,0,2
209,1197717,508459,649777,649776,649775,508458,0,2
210,11983,142786,11974,464095,2732506,2732408,2732396,10239
211,119864,28253,135620,135619,1236,1224,0,2
212,120,1649480,126,112,203683,203682,0,2
213,1200300,477695,2272,114380,183924,28889,0,2157
214,1202142,2842607,10811,2732539,2732424,2732416,2732092,10239
215,1204525,2733201,0,0,2731619,2731618,2731360,10239
216,1204543,1857889,2560065,0,2731619,2731618,2731360,10239
217,1206566,2946831,69973,2732544,2732461,2732406,2732396,10239
218,1208324,875170,2854170,204455,28211,1224,0,2
219,12092,12091,12058,464095,2732506,2732408,2732396,10239
220,1209493,170610,2303730,2881377,3028117,1117,0,2
221,120962,120961,1508635,32064,32061,200795,0,2
222,1210884,113,1914233,2691355,203683,203682,0,2
223,1211644,2733155,0,0,2731619,2731618,2731360,10239
224,121719,227873,2821832,356,28211,1224,0,2
225,12173,12163,675068,675063,2732461,2732406,2732396,10239
226,12175,40276,675068,675063,2732461,2732406,2732396,10239
227,1217908,53945,2854170,204455,28211,1224,0,2
228,12181,12176,675064,675063,2732461,2732406,2732396,10239
229,1218727,2022857,10811,2732539,2732424,2732416,2732092,10239
230,1218801,221065,49546,200644,117743,976,0,2
231,1219,1218,2881426,1890424,3028117,1117,0,2
232,1221500,1329200,186817,1385,91061,1239,0,2
233,122368,29002,93133,2726947,147541,4890,4751,2759
234,12241,12234,675071,2732544,2732461,2732406,2732396,10239
235,1225128,1706033,433,204441,28211,1224,0,2
236,1225769,400060,1499392,206351,28216,1224,0,2
237,12288,143920,12283,2732546,2732464,2732406,2732396,10239
238,1229,1227,1046,135613,1236,1224,0,2
239,1229164,1227948,41297,204457,28211,1224,0,2
240,12295,12293,675071,2732544,2732461,2732406,2732396,10239
241,12303,12300,39740,2732544,2732461,2732406,2732396,10239
242,1230341,351195,186817,1385,91061,1239,0,2
243,1231,35798,206379,32003,28216,1224,0,2
244,12315,12304,39740,2732544,2732461,2732406,2732396,10239
245,12319,12316,39740,2732544,2732461,2732406,2732396,10239
246,12321,12320,39740,2732544,2732461,2732406,2732396,10239
247,1232575,119977,225058,225057,1807140,1224,0,2
248,12327,12326,675071,2732544,2732461,2732406,2732396,10239
249,1233177,934804,151340,2732533,2732421,2732415,2732092,10239
250,12345,2842696,2842328,0,2731619,2731618,2731360,10239
251,1235591,1734920,0,356,28211,1224,0,2
252,1235662,1052159,151340,2732533,2732421,2732415,2732092,10239
253,12360,2842658,0,0,2731619,2731618,2731360,10239
254,1238,1237,135616,72273,1236,1224,0,2
255,123824,1649317,712,135625,1236,1224,0,2
256,1239574,249588,39733,2732551,2732507,2732408,2732396,10239
257,12407,2732978,2946167,0,2731619,2731618,2731360,10239
258,1241979,2782231,2762318,200644,117743,976,0,2
259,12431,140568,675064,675063,2732461,2732406,2732396,10239
260,1245909,187213,157897,1511857,2841637,2840024,2840023,10239
261,12465,39731,39729,2732550,2732507,2732408,2732396,10239
262,12475,39759,2842321,0,0,0,0,10239
263,1249552,1524249,0,0,1236,1224,0,2
264,1249553,1537406,135620,135619,1236,1224,0,2
265,125,123,2691357,2691354,203683,203682,0,2
266,1250539,263377,2854170,204455,28211,1224,0,2
267,1255,1253,33958,186826,91061,1239,0,2
268,12558,12137,2169577,2732553,2732506,2732408,2732396,10239
269,1256869,1298653,11270,11157,2497574,2497569,2732396,10239
270,12585,251096,251095,2732538,2732423,2732416,2732092,10239
271,1259973,160674,543,91347,1236,1224,0,2
272,1260,150022,1570339,1737405,1737404,1239,0,2
273,12639,10437,10404,2732515,2732514,2732409,2732397,10239
274,1263979,1263978,41295,204441,28211,1224,0,2
275,1264,1263,216572,186802,186801,1239,0,2
276,1267021,1335631,1240483,1240482,1236,1224,0,2
277,1267766,2676755,335929,204457,28211,1224,0,2
278,1267768,1855413,31989,204455,28211,1224,0,2
279,1270,1269,1268,85006,1760,201174,0,2
280,1273541,2308,2307,114380,183924,28889,0,2157
281,1273739,1623275,0,0,2731619,2731618,2731360,10239
282,1274,57495,145357,85006,1760,201174,0,2
283,127509,2732885,10860,2732094,2732411,2732410,2732090,10239
284,1276,57499,2805426,85006,1760,201174,0,2
285,1278232,1354809,2992719,1737405,1737404,1239,0,2
286,1279082,2948755,0,0,2731619,2731618,2731360,10239
287,128,127,1763524,2691356,203683,203682,0,2
288,1280,1279,90964,1385,91061,1239,0,2
289,1282737,1522056,2049,2037,1760,201174,0,2
290,1285589,1285588,1285587,2732531,2732420,2732415,2732092,10239
291,1285598,1285597,1285596,2732540,2732458,2732405,2732396,10239
292,1285600,1285599,10240,2732527,2732525,2732007,2732005,10239
293,128818,156208,39729,2732550,2732507,2732408,2732396,10239
295,1288970,1182780,2844866,204441,28211,1224,0,2
296,12893,147262,185751,0,0,0,0,10239
299,129141,699166,675068,675063,2732461,2732406,2732396,10239
300,1291540,1291539,2517203,1235850,183967,2283796,0,2157
301,1293412,1649499,433,204441,28211,1224,0,2
302,129395,675062,675061,675063,2732461,2732406,2732396,10239
303,1294262,2705406,118883,2281,183924,28889,0,2157
304,1295382,1295378,403,135618,1236,1224,0,2
305,1295392,657,641,135623,1236,1224,0,2
306,1295609,1740,188711,188710,67799,200940,0,2
307,1296,2803850,90964,1385,91061,1239,0,2
308,1296669,92793,0,80840,28216,1224,0,2
309,129727,10257,10240,2732527,2732525,2732007,2732005,10239
310,1297617,1392389,0,186802,186801,1239,0,2
311,129875,10509,10508,2732559,2732529,2732008,2732005,10239
312,129921,1813,2070,85010,1760,201174,0,2
313,129958,129957,186814,68295,186801,1239,0,2
314,129985,2675231,186817,1385,91061,1239,0,2
315,1302411,1302410,543,91347,1236,1224,0,2
316,1302659,1372,186818,1385,91061,1239,0,2
317,130327,100953,10508,2732559,2732529,2732008,2732005,10239
318,1303590,2767878,33958,186826,91061,1239,0,2
319,130478,1623273,0,0,2731619,2731618,2731360,10239
320,1306787,3020833,224372,135619,1236,1224,0,2
321,1307,1301,1300,186826,91061,1239,0,2
322,13076,13075,186827,186826,91061,1239,0,2
323,1307761,1616789,137,136,203692,203691,0,2
324,1307763,1921784,1921783,1921782,1921781,134625,0,2
325,1307839,1970191,1970190,171549,200643,976,0,2
326,131082,119164,2169577,2732553,2732506,2732408,2732396,10239
327,1312874,1312873,1312872,76804,2732506,2732408,2732396,10239
328,131568,33981,83778,622452,1760,201174,0,2
329,1323375,1769008,0,53433,186801,1239,0,2
330,1323948,35800,407032,1293499,1293498,1293497,0,2
331,1329402,2733301,10240,2732527,2732525,2732007,2732005,10239
332,1330066,1330065,12058,464095,2732506,2732408,2732396,10239
333,1330068,1330067,12058,464095,2732506,2732408,2732396,10239
334,1330070,1330069,12058,464095,2732506,2732408,2732396,10239
335,1330524,688449,12058,464095,2732506,2732408,2732396,10239
336,1331910,1676125,2691358,2691354,203683,203682,0,2
337,1332188,1331051,2171986,2093825,2093818,95818,0,2
338,1333996,1649510,41294,356,28211,1224,0,2
339,1334193,1330546,543,91347,1236,1224,0,2
340,133453,233191,475964,475963,475962,200795,0,2
341,1335043,1573407,2831106,356,28211,1224,0,2
342,1335048,1775705,31989,204455,28211,1224,0,2
343,1335746,1335745,72276,135613,1236,1224,0,2
344,1336796,244698,49546,200644,117743,976,0,2
345,1336806,230494,255527,135619,1236,1224,0,2
346,133924,191028,2854170,204455,28211,1224,0,2
347,133926,133925,1643824,84999,84998,201174,0,2
348,1340830,2948773,0,0,2731619,2731618,2731360,10239
349,1343920,1914295,675068,675063,2732461,2732406,2732396,10239
350,134821,2129,2092,2085,31969,544448,0,2
351,1348774,1295327,335929,204457,28211,1224,0,2
352,1349409,2060084,0,0,0,0,0,10239
353,13502,13366,1156497,4892,4891,4890,4751,2759
354,1353260,1826864,1033997,1033996,1643678,651137,0,2157
355,1353976,112987,92713,1963360,204429,204428,0,2
356,135577,135575,267893,135622,1236,1224,0,2
357,1357545,98443,1162,1161,3028117,1117,0,2
358,1359,1357,1300,186826,91061,1239,0,2
359,136073,748770,1892259,1161,3028117,1117,0,2
360,136084,2843048,2842333,0,2731619,2731618,2731360,10239
361,136094,75905,64898,32069,187857,200783,0,2
362,1364945,2162630,0,2235,183963,28890,0,2157
363,136609,1243,33958,186826,91061,1239,0,2
364,137475,137757,39729,2732550,2732507,2732408,2732396,10239
365,13769,63742,1644061,1644060,183963,28890,0,2157
366,13773,2276,2267,2266,183924,28889,0,2157
367,1379040,1073986,1644056,1644055,183963,28890,0,2157
368,1379870,107,89373,768507,768503,976,0,2
369,1379910,1379908,1853232,768507,768503,976,0,2
370,1380685,1274351,186824,1385,91061,1239,0,2
371,138072,568987,543,91347,1236,1224,0,2
372,1381007,2034995,10811,2732539,2732424,2732416,2732092,10239
373,138118,138117,2008795,206389,28216,1224,0,2
374,1382,2767353,1643824,84999,84998,201174,0,2
375,138336,38501,85030,1643682,1760,201174,0,2
376,1384459,1484898,45401,356,28211,1224,0,2
377,1387353,1763521,1763524,2691356,203683,203682,0,2
378,138950,12059,12058,464095,2732506,2732408,2732396,10239
379,1391653,1524214,1524213,29,32015,2818505,0,2
380,1391654,1524217,1524216,3031712,0,2818505,0,2
381,139208,254250,85017,85006,1760,201174,0,2
382,139438,46200,2945019,191393,68337,200930,0,2
383,1397,2837506,186817,1385,91061,1239,0,2
384,1397264,1522128,1522127,768507,768503,976,0,2
385,1397703,383614,1182,1161,3028117,1117,0,2
386,1398,2837504,186817,1385,91061,1239,0,2
387,14,13,203488,203487,203486,68297,0,2
388,1400387,1400386,2691359,2691354,203683,203682,0,2
389,1400526,1921433,675064,675063,2732461,2732406,2732396,10239
390,1402135,2854186,2854170,204455,28211,1224,0,2
391,1404864,374,41294,356,28211,1224,0,2
392,1406512,1080709,1577788,1235850,183967,2283796,0,2157
393,1407499,2239,2236,2235,183963,28890,0,2157
394,1408204,1408194,1783343,1783344,447830,74152,0,2
395,1410383,1682492,543,91347,1236,1224,0,2
396,1410606,1593364,0,0,0,651137,0,2157
397,1411902,2846749,31989,204455,28211,1224,0,2
398,1413,2837485,186817,1385,91061,1239,0,2
399,141451,141450,191033,135619,1236,1224,0,2
400,1415657,1940138,0,200644,117743,976,0,2
401,141904,2732869,10860,2732094,2732411,2732410,2732090,10239
402,142,138,1643685,136,203692,203691,0,2
403,1423,1386,186817,1385,91061,1239,0,2
404,1424294,390805,31979,186802,186801,1239,0,2
405,1424653,191301,224467,235899,3031852,29547,0,2
406,1425362,1914296,675068,675063,2732461,2732406,2732396,10239
407,1426,1906945,186817,1385,91061,1239,0,2
408,1427364,2841677,0,0,1236,1224,0,2
409,142864,56106,1162,1161,3028117,1117,0,2
410,1431460,1431456,12058,464095,2732506,2732408,2732396,10239
411,1432792,73778,403,135618,1236,1224,0,2
412,143361,44259,186804,186802,186801,1239,0,2
413,1434191,1433402,2800061,2800059,28211,1224,0,2
414,1436133,2995702,2062,85011,1760,201174,0,2
415,1436290,1436289,80864,80840,28216,1224,0,2
416,1437009,2041902,31993,356,28211,1224,0,2
417,1437839,2948936,0,0,2731619,2731618,2731360,10239
418,1441386,1769718,1769717,1769716,188708,200918,0,2
419,1443036,1520333,712,135625,1236,1224,0,2
420,1443909,1885570,10780,2732534,2732422,2732415,2732092,10239
421,1445505,1445504,255527,135619,1236,1224,0,2
422,1446467,89966,1853232,768507,768503,976,0,2
423,1447062,1827478,2831106,356,28211,1224,0,2
424,1449,29331,186817,1385,91061,1239,0,2
425,1450746,1805626,2023203,0,0,0,0,10239
426,145263,145260,2159,2158,183925,28890,0,2157
427,1453352,389486,49546,200644,117743,976,0,2
428,1457165,1307798,0,0,0,0,0,10239
429,1457365,2489367,3024158,1853223,1853221,1936987,0,2
430,1458425,2490452,80864,80840,28216,1224,0,2
431,1458461,1541445,2813035,356,28211,1224,0,2
432,1461582,227979,90964,1385,91061,1239,0,2
433,1462,129337,186817,1385,91061,1239,0,2
434,1465,55080,186822,1385,91061,1239,0,2
435,1465639,2731953,2731643,0,2731619,2731618,2731360,10239
436,1467,2804231,186817,1385,91061,1239,0,2
437,146786,146785,2881378,2881377,3028117,1117,0,2
438,146826,146825,1963268,2235,183963,28890,0,2157
439,146919,146918,1853225,1853224,1853222,1853220,0,2
440,146939,146937,75787,206389,28216,1224,0,2
441,1470434,1434050,1706375,1706369,1236,1224,0,2
442,1471761,1677050,186824,1385,91061,1239,0,2
443,1472345,1472344,506,80840,28216,1224,0,2
444,147268,933,135616,72273,1236,1224,0,2
445,1472767,175304,186817,1385,91061,1239,0,2
446,147322,2596745,2934961,1150,3028117,1117,0,2
447,1473598,1649475,1962910,332160,204432,57723,0,2
448,1476,1569,186818,1385,91061,1239,0,2
449,147709,2747,186828,186826,91061,1239,0,2
450,1478,2675229,186817,1385,91061,1239,0,2
451,1481186,2733128,0,0,2731619,2731618,2731360,10239
452,1481452,1481451,12058,464095,2732506,2732408,2732396,10239
453,1482,84406,186817,1385,91061,1239,0,2
454,1482074,1572860,2843308,356,28211,1224,0,2
455,1484109,2804525,433,204441,28211,1224,0,2
456,148603,186764,0,0,2731619,2731618,2731360,10239
457,1486034,291183,49546,200644,117743,976,0,2
458,1486262,293088,255475,356,28211,1224,0,2
459,148813,286130,2771471,213849,3031852,29547,0,2
460,148879,2946817,675068,675063,2732461,2732406,2732396,10239
461,148880,1511811,11012,2732549,2732505,2732408,2732396,10239
462,1490,1849822,31979,186802,186801,1239,0,2
463,1492898,398041,563835,1853229,1853228,976,0,2
464,1493829,2948844,69973,2732544,2732461,2732406,2732396,10239
465,1496,1870884,186804,186802,186801,1239,0,2
466,149715,160798,1643949,1643947,188708,200918,0,2
467,1498,1769729,31979,186802,186801,1239,0,2
468,1500254,55079,186822,1385,91061,1239,0,2
469,150123,190323,85023,85006,1760,201174,0,2
470,1501392,1348911,2005519,171549,200643,976,0,2
471,150340,662,641,135623,1236,1224,0,2
472,1505,1849828,186804,186802,186801,1239,0,2
473,1505757,1649298,543,91347,1236,1224,0,2
474,150829,2951107,2951104,136,203692,203691,0,2
475,1508404,157226,186818,1385,91061,1239,0,2
476,1509244,1509243,2100208,1921002,28211,1224,0,2
477,1510,2304691,216572,186802,186801,1239,0,2
478,1510150,1649479,135621,72274,1236,1224,0,2
479,1510225,1377992,2236,2235,183963,28890,0,2157
480,1510841,1602345,433,204441,28211,1224,0,2
481,1511,186831,186804,186802,186801,1239,0,2
482,1511776,1511775,12058,464095,2732506,2732408,2732396,10239
483,1511781,1511780,12058,464095,2732506,2732408,2732396,10239
484,1511783,1511782,12058,464095,2732506,2732408,2732396,10239
485,1511803,1511802,12058,464095,2732506,2732408,2732396,10239
486,1511805,1511804,12058,464095,2732506,2732408,2732396,10239
487,1511891,10803,10780,2732534,2732422,2732415,2732092,10239
488,1513,1485,31979,186802,186801,1239,0,2
489,1513188,10806,10780,2732534,2732422,2732415,2732092,10239
490,1513202,1513201,10780,2732534,2732422,2732415,2732092,10239
491,1513224,1513223,10780,2732534,2732422,2732415,2732092,10239
492,1513248,1513239,151340,2732533,2732421,2732415,2732092,10239
493,1513249,1513240,151340,2732533,2732421,2732415,2732092,10239
494,1513250,1513241,151340,2732533,2732421,2732415,2732092,10239
495,1513251,1513242,151340,2732533,2732421,2732415,2732092,10239
496,1513252,1513243,151340,2732533,2732421,2732415,2732092,10239
497,1513253,1513244,151340,2732533,2732421,2732415,2732092,10239
498,1513254,1513245,151340,2732533,2732421,2732415,2732092,10239
499,1513255,1513246,151340,2732533,2732421,2732415,2732092,10239
500,1514105,1647,128827,526525,526524,1239,0,2
501,151528,2731984,2731643,0,2731619,2731618,2731360,10239
502,151895,1649482,84566,200666,117747,976,0,2
503,1521,1508657,216572,186802,186801,1239,0,2
504,152177,1913605,11270,11157,2497574,2497569,2732396,10239
505,1522,3025755,2810280,526525,526524,1239,0,2
506,1525,44260,3039168,3039167,186801,1239,0,2
507,1526571,1751872,72275,135622,1236,1224,0,2
508,1526572,1795639,255474,255473,28211,1224,0,2
509,1526658,85413,2831100,356,28211,1224,0,2
510,1528099,1847725,2805586,85007,1760,201174,0,2
511,1531429,2815775,1643826,1643822,84998,201174,0,2
512,1532552,704093,186817,1385,91061,1239,0,2
513,153493,334107,481,206351,28216,1224,0,2
514,153496,153497,433,204441,28211,1224,0,2
515,1535208,1535207,145357,85006,1760,201174,0,2
516,1537215,1679449,31989,204455,28211,1224,0,2
517,1537400,407217,1499392,206351,28216,1224,0,2
518,154,146,137,136,203692,203691,0,2
519,154046,1649459,31979,186802,186801,1239,0,2
520,154288,191303,2810281,526525,526524,1239,0,2
521,1543721,349742,0,0,1236,1224,0,2
522,1547219,1921556,2732891,2732546,2732464,2732406,2732396,10239
523,1547448,2801844,31957,85009,1760,201174,0,2
524,1547898,376170,1644056,1644055,183963,28890,0,2157
525,1548547,1738655,1738654,135613,1236,1224,0,2
526,1548548,1779136,1779135,1779134,28221,0,0,2
527,1548602,57494,1268,85006,1760,201174,0,2
528,154981,1658781,31989,204455,28211,1224,0,2
529,1549855,1804663,41295,204441,28211,1224,0,2
530,1550024,1905344,216572,186802,186801,1239,0,2
531,1550241,2856573,114378,2856582,183924,28889,0,2157
532,1550728,150203,41297,204457,28211,1224,0,2
533,1550733,2676781,41297,204457,28211,1224,0,2
534,155077,10,1706371,1706369,1236,1224,0,2
535,1552990,2993618,1644061,1644060,183963,28890,0,2157
536,1553431,1810868,119060,80840,28216,1224,0,2
537,1555112,1676651,1676650,1676649,1676648,1239,0,2
538,1556,1505664,2042895,1737405,1737404,1239,0,2
539,155863,155862,2183,2182,183939,28890,0,2157
540,155892,75,76892,204458,28211,1224,0,2
541,155978,155977,1890429,1890424,3028117,1117,0,2
542,1561003,2929841,0,80840,28216,1224,0,2
543,1561005,2924872,186807,186802,186801,1239,0,2
544,1565,1562,2937910,186802,186801,1239,0,2
545,1565605,1914449,2008793,32003,28216,1224,0,2
546,1569057,2733238,675068,675063,2732461,2732406,2732396,10239
547,1570,45667,186817,1385,91061,1239,0,2
548,1575,110932,85023,85006,1760,201174,0,2
549,157592,157591,2008793,32003,28216,1224,0,2
550,157673,697331,712,135625,1236,1224,0,2
551,157692,2755140,1129771,203491,203490,32066,0,2
552,1577791,1607807,1577788,1235850,183967,2283796,0,2157
553,1578165,670516,1762,85007,1760,201174,0,2
554,1579316,2854182,2854170,204455,28211,1224,0,2
555,1579979,1676142,1676141,135613,1236,1224,0,2
556,158,157,2845253,136,203692,203691,0,2
557,158080,42054,28256,135619,1236,1224,0,2
558,1581680,1679002,32011,32003,28216,1224,0,2
559,1582259,2692382,1737406,1737405,1737404,1239,0,2
560,158327,158481,224379,135619,1236,1224,0,2
561,1585976,59735,2762318,200644,117743,976,0,2
562,1586232,1699375,1644061,1644060,183963,28890,0,2157
563,1586233,1763447,1963268,2235,183963,28890,0,2157
564,1586287,165301,2070,85010,1760,201174,0,2
565,158822,158483,543,91347,1236,1224,0,2
566,158841,82980,1903416,91347,1236,1224,0,2
567,158849,158848,1903414,91347,1236,1224,0,2
568,158877,158876,543,91347,1236,1224,0,2
569,158899,202907,75682,80840,28216,1224,0,2
570,1589,2767842,33958,186826,91061,1239,0,2
571,1591409,1759417,31989,204455,28211,1224,0,2
572,159346,159345,2854170,204455,28211,1224,0,2
573,1594731,1699619,543,91347,1236,1224,0,2
574,1595998,2169662,2169574,2732537,2732423,2732416,2732092,10239
575,1597,2759736,33958,186826,91061,1239,0,2
576,159743,44249,186822,1385,91061,1239,0,2
577,1597781,1597779,0,80840,28216,1224,0,2
578,160233,54258,2272,114380,183924,28889,0,2157
579,1603,2767876,33958,186826,91061,1239,0,2
580,1603555,1825023,0,0,0,651137,0,2157
581,1603606,890,213421,69541,3031651,200940,0,2
582,1604004,1656823,2236,2235,183963,28890,0,2157
583,1608628,119044,45401,356,28211,1224,0,2
584,1608957,908623,908622,908621,908620,201174,0,2
585,1609966,1433986,2854170,204455,28211,1224,0,2
586,1610493,72763,31957,85009,1760,201174,0,2
587,161154,202949,3039168,3039167,186801,1239,0,2
588,1612173,1543704,2829815,204441,28211,1224,0,2
589,161493,161492,1524215,29,32015,2818505,0,2
590,1618,2767888,33958,186826,91061,1239,0,2
591,1618207,2078575,1268,85006,1760,201174,0,2
592,1619308,1759331,85023,85006,1760,201174,0,2
593,1619313,3026546,1903409,91347,1236,1224,0,2
594,1620215,1744881,1692041,1692040,1236,1224,0,2
595,1620816,1620790,1162,1161,3028117,1117,0,2
596,1621989,1902583,1902584,3031460,3031450,200940,0,2
597,1622118,358023,49546,200644,117743,976,0,2
598,1623,2767887,33958,186826,91061,1239,0,2
599,1630135,36739,85020,85006,1760,201174,0,2
600,1630141,1980513,1046,135613,1236,1224,0,2
601,1632864,118,126,112,203683,203682,0,2
602,1633151,1623299,0,0,2731619,2731618,2731360,10239
603,163359,986106,1692041,1692040,1236,1224,0,2
604,1634516,72173,41297,204457,28211,1224,0,2
605,1635327,2894762,1240483,1240482,1236,1224,0,2
606,1639,1637,186820,1385,91061,1239,0,2
607,1639108,1745211,1903411,91347,1236,1224,0,2
608,1642646,307628,2005520,171549,200643,976,0,2
609,164451,164450,2267,2266,183924,28889,0,2157
610,164514,34098,39782,200644,117743,976,0,2
611,164546,106589,119060,80840,28216,1224,0,2
612,1646,1645,1268,85006,1760,201174,0,2
613,1646377,1565532,1903411,91347,1236,1224,0,2
614,164750,11014,249310,2732540,2732458,2732405,2732396,10239
615,164759,238749,80864,80840,28216,1224,0,2
616,1648404,2800681,335929,204457,28211,1224,0,2
617,165096,46255,33958,186826,91061,1239,0,2
618,165179,2974251,171552,171549,200643,976,0,2
619,1653434,1769710,186803,186802,186801,1239,0,2
620,1653476,444090,188711,188710,67799,200940,0,2
621,1653480,674734,2070,85010,1760,201174,0,2
622,1658616,256846,566277,278081,1313211,256845,0,2
623,1658665,65047,2975441,80840,28216,1224,0,2
624,1658671,267408,85021,85006,1760,201174,0,2
625,1659771,1659770,12058,464095,2732506,2732408,2732396,10239
626,1661,1069494,2049,2037,1760,201174,0,2
627,166485,166484,31979,186802,186801,1239,0,2
628,166486,841,186803,186802,186801,1239,0,2
629,166501,262406,0,0,0,200795,0,2
630,166935,53246,267888,135622,1236,1224,0,2
631,1670455,2017961,118883,2281,183924,28889,0,2157
632,1670800,2911176,69277,356,28211,1224,0,2
633,1670830,1755825,1755824,1755823,908620,201174,0,2
634,1670831,1747770,1747769,1747768,908620,201174,0,2
635,1673428,1747777,1747776,2301,183967,2283796,0,2157
636,1674922,478070,2821832,356,28211,1224,0,2
637,1675686,1692042,1692041,1692040,1236,1224,0,2
638,167642,167639,203492,203491,203490,32066,0,2
639,1678128,665874,80864,80840,28216,1224,0,2
640,1678143,2948857,291484,2732543,2732461,2732406,2732396,10239
641,1678144,2946812,291484,2732543,2732461,2732406,2732396,10239
642,1678145,2948883,291484,2732543,2732461,2732406,2732396,10239
643,1678146,2948661,291484,2732543,2732461,2732406,2732396,10239
644,1678147,1678142,291484,2732543,2732461,2732406,2732396,10239
645,1678906,39755,11006,2732540,2732458,2732405,2732396,10239
646,1679096,2907507,1963268,2235,183963,28890,0,2157
647,167964,233189,292628,292629,292625,200795,0,2
648,1679721,1663717,186803,186802,186801,1239,0,2
649,168169,409304,543,91347,1236,1224,0,2
650,1682490,2249462,90627,32003,28216,1224,0,2
651,168384,248744,186803,186802,186801,1239,0,2
652,168471,168470,1499392,206351,28216,1224,0,2
653,1685010,59732,2762318,200644,117743,976,0,2
654,168695,168694,28056,85008,1760,201174,0,2
655,1690672,2733291,10404,2732515,2732514,2732409,2732397,10239
656,169176,2827482,335929,204457,28211,1224,0,2
657,169435,244127,216572,186802,186801,1239,0,2
658,169683,680115,0,0,2731619,2731618,2731360,10239
659,1697053,1654787,135621,72274,1236,1224,0,2
660,1702221,1729679,128827,526525,526524,1239,0,2
661,1702325,28209,2036754,356,28211,1224,0,2
662,1704307,134550,0,0,134549,74201,0,2
663,1704499,762296,403,135618,1236,1224,0,2
664,1705394,655184,0,0,1236,1224,0,2
665,1711,1707,85016,85006,1760,201174,0,2
666,1712261,1742974,2813035,356,28211,1224,0,2
667,1712410,2651578,186807,186802,186801,1239,0,2
668,171437,171436,2066434,204441,28211,1224,0,2
669,1714619,186458,178830,11157,2497574,2497569,2732396,10239
670,1714860,290174,49546,200644,117743,976,0,2
671,1715691,2211635,31989,204455,28211,1224,0,2
672,171695,241192,3031464,188710,67799,200940,0,2
673,1717717,2060722,1573805,1970189,200643,976,0,2
674,172,171,170,1643688,203692,203691,0,2
675,1720083,2767874,33958,186826,91061,1239,0,2
676,1731,1481960,186804,186802,186801,1239,0,2
677,1734049,1890059,31979,186802,186801,1239,0,2
678,173480,173479,219687,219686,219685,142182,0,2
679,1735038,1911577,75787,206389,28216,1224,0,2
680,1736674,2861660,49546,200644,117743,976,0,2
681,1737490,2036021,1706371,1706369,1236,1224,0,2
682,1740262,1172191,72275,135622,1236,1224,0,2
683,174142,675065,675064,675063,2732461,2732406,2732396,10239
684,1745854,99,335928,356,28211,1224,0,2
685,174633,380738,1127830,1127829,2517206,203682,0,2
686,1748,1912215,31957,85009,1760,201174,0,2
687,1750598,1769732,0,0,28221,0,0,2
688,1750719,1649,186818,1385,91061,1239,0,2
689,1751046,2808942,2808923,206389,28216,1224,0,2
690,1752063,1190,1892263,1161,3028117,1117,0,2
691,1755588,1755587,12058,464095,2732506,2732408,2732396,10239
692,1755811,2042066,641,135623,1236,1224,0,2
693,1758689,265976,2805590,85006,1760,201174,0,2
694,1759059,2892997,69657,2800060,28211,1224,0,2
695,1760988,1760987,403,135618,1236,1224,0,2
696,1761012,2840454,186807,186802,186801,1239,0,2
697,176106,341940,10477,1511857,2841637,2840024,2840023,10239
698,1761453,1287916,49546,200644,117743,976,0,2
699,1763535,47420,80864,80840,28216,1224,0,2
700,1763536,1518149,267889,135622,1236,1224,0,2
701,1763828,1763827,41297,204457,28211,1224,0,2
702,176652,10487,10486,2732555,2732523,2732007,2732005,10239
703,1768242,318147,0,80840,28216,1224,0,2
704,1771309,404432,28256,135619,1236,1224,0,2
705,1773,1763,1762,85007,1760,201174,0,2
706,1773489,1866954,2844866,204441,28211,1224,0,2
707,1774273,52959,49546,200644,117743,976,0,2
708,1776384,1926556,543314,186802,186801,1239,0,2
709,177758,1643951,188709,2419,188708,200918,0,2
710,1778262,1906657,543,91347,1236,1224,0,2
711,1778263,1906659,543,91347,1236,1224,0,2
712,1778264,1906660,543,91347,1236,1224,0,2
713,178339,2740557,2049,2037,1760,201174,0,2
714,1784714,2173039,2896860,768507,768503,976,0,2
715,1785753,181084,10501,2732524,2732523,2732007,2732005,10239
716,178899,178898,543347,186802,186801,1239,0,2
717,1790137,1518147,49546,200644,117743,976,0,2
718,1795630,447237,85023,85006,1760,201174,0,2
719,179636,201096,80864,80840,28216,1224,0,2
720,179637,2249,1963270,2235,183963,28890,0,2157
721,1796616,572511,186803,186802,186801,1239,0,2
722,1796620,1918385,216572,186802,186801,1239,0,2
723,1796635,1918536,128827,526525,526524,1239,0,2
724,1796646,1918540,2005473,171549,200643,976,0,2
725,1796652,1918598,995019,80840,28216,1224,0,2
726,1796921,2028344,134623,415000,414999,74201,0,2
727,1798205,655352,655351,356,28211,1224,0,2
728,180,179,189779,189778,203693,40117,0,2
729,180170,308906,10486,2732555,2732523,2732007,2732005,10239
730,1802984,1802983,1328881,766,28211,1224,0,2
731,1803846,1209327,49546,200644,117743,976,0,2
732,1803957,138954,12058,464095,2732506,2732408,2732396,10239
733,1804990,337004,85023,85006,1760,201174,0,2
734,180504,1623297,0,0,2731619,2731618,2731360,10239
735,1806508,1988031,0,0,1382928,200795,0,2
736,1808979,1808977,403,135618,1236,1224,0,2
737,1809410,303379,75682,80840,28216,1224,0,2
738,1810504,1934947,1934946,1934945,1236,1224,0,2
739,181082,346673,10501,2732524,2732523,2732007,2732005,10239
740,181124,34448,654128,5338,155619,5204,4751,2759
741,1811807,1860077,449719,135613,1236,1224,0,2
742,1813451,2853332,82115,356,28211,1224,0,2
743,1813871,1874621,563835,1853229,1853228,976,0,2
744,1813880,99479,85021,85006,1760,201174,0,2
745,181487,2529408,2049,2037,1760,201174,0,2
746,181663,2904716,2904715,213118,3024418,200940,0,2
747,1817405,1955413,90964,1385,91061,1239,0,2
748,181762,71950,40562,5338,155619,5204,4751,2759
749,1821560,2948800,0,0,2731619,2731618,2731360,10239
750,1821621,48075,135620,135619,1236,1224,0,2
751,1821750,12103,12058,464095,2732506,2732408,2732396,10239
752,1821960,635,1903412,91347,1236,1224,0,2
753,182210,2035811,194924,213115,3031449,200940,0,2
754,182262,261825,72275,135622,1236,1224,0,2
755,182640,182639,2726069,85009,1760,201174,0,2
756,1826607,1955420,31989,204455,28211,1224,0,2
757,182710,182709,186817,1385,91061,1239,0,2
758,1836,1835,2070,85010,1760,201174,0,2
759,1836467,252356,49546,200644,117743,976,0,2
760,1838062,2948772,0,0,2731619,2731618,2731360,10239
761,1838286,1961799,134623,415000,414999,74201,0,2
762,1839801,670486,0,0,301297,200795,0,2
763,184064,227388,227387,68295,186801,1239,0,2
764,184117,2270,2267,2266,183924,28889,0,2157
765,1842540,378210,2008793,32003,28216,1224,0,2
766,1844971,281915,80864,80840,28216,1224,0,2
767,184914,83461,31,29,32015,2818505,0,2
768,184917,2910984,194924,213115,3031449,200940,0,2
769,185007,46205,186803,186802,186801,1239,0,2
770,1850238,1649486,41297,204457,28211,1224,0,2
771,1850246,2700084,49546,200644,117743,976,0,2
772,1850252,104267,49546,200644,117743,976,0,2
773,1850254,2321187,2808963,213849,3031852,29547,0,2
774,1851148,2690160,2483367,2483366,666505,203682,0,2
775,1851514,2726810,543,91347,1236,1224,0,2
776,1852,1851,2070,85010,1760,201174,0,2
777,1852022,1915401,69277,356,28211,1224,0,2
778,1852373,1161127,1570339,1737405,1737404,1239,0,2
779,1852374,1582879,0,0,1737404,1239,0,2
780,1852381,1980697,995019,80840,28216,1224,0,2
781,185300,346096,2005523,171549,200643,976,0,2
782,1853278,482,481,206351,28216,1224,0,2
783,1853682,744724,2236,2235,183963,28890,0,2157
784,1853690,1075397,1963271,1644055,183963,28890,0,2157
785,1855912,2004797,2211325,2910145,1813735,57723,0,2
786,185782,10979,2946187,2732541,2732459,2732405,2732396,10239
787,1859475,1930830,1300,186826,91061,1239,0,2
788,1861,1860,85030,1643682,1760,201174,0,2
789,186165,1283211,1283210,0,0,0,2732396,10239
790,186189,186188,85017,85006,1760,201174,0,2
791,186192,186191,188786,68933,188787,1297,0,2
792,1862145,390876,2844864,204441,28211,1224,0,2
793,1863,1862,85018,85006,1760,201174,0,2
794,186490,198346,0,0,1236,1224,0,2
795,1866,1865,28056,85008,1760,201174,0,2
796,1866326,2038635,255474,255473,28211,1224,0,2
797,1867719,28100,69277,356,28211,1224,0,2
798,186772,186767,186766,2732502,2732498,2732407,2732396,10239
799,186786,186783,2560063,2732504,2732500,2732407,2732396,10239
800,1868589,1632780,2843305,356,28211,1224,0,2
801,1870985,2005386,1643826,1643822,84998,201174,0,2
802,187101,168808,1129771,203491,203490,32066,0,2
803,1871025,1930845,0,0,0,1239,0,2
804,1871034,2919589,31957,85009,1760,201174,0,2
805,1871153,2022641,2022639,464095,2732506,2732408,2732396,10239
806,187137,208447,188786,68933,188787,1297,0,2
807,187145,187144,1962854,1962852,1962850,1930617,0,2
808,1873524,1980514,2236,2235,183963,28890,0,2157
809,1873698,2733298,10240,2732527,2732525,2732007,2732005,10239
810,1874277,2613912,2798276,2798275,2798274,651137,0,2157
811,187493,187492,135620,135619,1236,1224,0,2
812,1878942,1927833,1903411,91347,1236,1224,0,2
813,1882682,186650,119045,356,28211,1224,0,2
814,1882918,1882917,49,3031712,0,2818505,0,2
815,1883371,2169624,0,0,2731619,2731618,2731360,10239
816,1883414,1897649,28256,135619,1236,1224,0,2
817,188350,545932,0,0,2731619,2731618,2731360,10239
818,1884450,2219049,0,464095,2732506,2732408,2732396,10239
819,1884453,1921703,1884452,11157,2497574,2497569,2732396,10239
820,1884460,1884455,2501985,11157,2497574,2497569,2732396,10239
821,1884461,1884456,2501987,11157,2497574,2497569,2732396,10239
822,1884634,2039639,2162846,2039638,1760,201174,0,2
823,1884914,622681,2162846,2039638,1760,201174,0,2
824,188913,180162,203492,203491,203490,32066,0,2
825,1891207,2014233,641,135623,1236,1224,0,2
826,1891644,2078948,85033,2495578,1760,201174,0,2
827,1891729,1891713,151341,2732532,2732421,2732415,2732092,10239
828,1891746,1891716,151341,2732532,2732421,2732415,2732092,10239
829,1891754,2842669,151341,2732532,2732421,2732415,2732092,10239
830,1891755,2948924,151341,2732532,2732421,2732415,2732092,10239
831,1891756,2843160,151341,2732532,2732421,2732415,2732092,10239
832,1891770,1891714,151341,2732532,2732421,2732415,2732092,10239
833,1891926,1936111,126,112,203683,203682,0,2
834,189381,2837508,186817,1385,91061,1239,0,2
835,1894999,212791,0,356,28211,1224,0,2
836,1896196,1111,335929,204457,28211,1224,0,2
837,1898042,258255,2821832,356,28211,1224,0,2
838,1898749,1993653,338190,31932,1643678,651137,0,2157
839,19,2812025,2812024,69541,3031651,200940,0,2
840,190064,10552,10508,2732559,2732529,2732008,2732005,10239
841,1903276,1078904,0,0,0,651137,0,2157
842,1903694,225143,84642,135624,1236,1224,0,2
843,1903704,432330,186823,1385,91061,1239,0,2
844,1906741,885864,1499392,206351,28216,1224,0,2
845,1906744,1960084,712,135625,1236,1224,0,2
846,1907662,1926677,1643826,1643822,84998,201174,0,2
847,1908198,51366,641,135623,1236,1224,0,2
848,1910935,1910931,2560065,0,2731619,2731618,2731360,10239
849,1911006,1910993,0,0,2731619,2731618,2731360,10239
850,1911010,1910992,0,0,2731619,2731618,2731360,10239
851,1911586,191769,186828,186826,91061,1239,0,2
852,1912795,2767318,2049,2037,1760,201174,0,2
853,1913578,1434046,41297,204457,28211,1224,0,2
854,1913656,1913650,2946170,0,2731619,2731618,2731360,10239
855,1913658,1913653,2946170,0,2731619,2731618,2731360,10239
856,1913995,1913654,2946170,0,2731619,2731618,2731360,10239
857,1914019,1198137,2946170,0,2731619,2731618,2731360,10239
858,1914020,2948831,2946170,0,2731619,2731618,2731360,10239
859,1914161,1913652,2946170,0,2731619,2731618,2731360,10239
860,1914471,1938335,2008790,32003,28216,1224,0,2
861,1914568,1914567,12058,464095,2732506,2732408,2732396,10239
862,1914574,1914566,12058,464095,2732506,2732408,2732396,10239
863,1914853,1914852,0,0,2731619,2731618,2731360,10239
864,1914897,1914850,0,0,2731619,2731618,2731360,10239
865,191495,191494,320583,588673,1497346,201174,0,2
866,1915078,285107,31989,204455,28211,1224,0,2
867,1915209,1915205,0,0,2731619,2731618,2731360,10239
868,1915309,2024975,2024974,2024973,1553900,3018035,0,2
869,191579,332102,1853230,200644,117743,976,0,2
870,1917421,2025617,224372,135619,1236,1224,0,2
871,1917485,60136,2854170,204455,28211,1224,0,2
872,1917980,1917979,0,0,0,0,0,10239
873,1918005,1917990,2560065,0,2731619,2731618,2731360,10239
874,1918011,1918010,2560065,0,2731619,2731618,2731360,10239
875,1918014,1918013,0,0,0,0,2732396,10239
876,1918194,1918017,0,0,2731619,2731618,2731360,10239
877,1918525,1918522,0,0,2731619,2731618,2731360,10239
878,1918720,1918718,0,0,2731619,2731618,2731360,10239
879,1918722,1918721,2560065,0,2731619,2731618,2731360,10239
880,1918727,1918725,0,0,2731619,2731618,2731360,10239
881,1918729,1918728,151340,2732533,2732421,2732415,2732092,10239
882,1918731,1918730,151340,2732533,2732421,2732415,2732092,10239
883,1920493,1920492,151340,2732533,2732421,2732415,2732092,10239
884,1920498,1920494,151340,2732533,2732421,2732415,2732092,10239
885,192073,22,267890,135622,1236,1224,0,2
886,1920749,2490204,0,0,0,1801631,0,2157
887,1920751,1920750,0,0,2731619,2731618,2731360,10239
888,1920754,1920753,2842329,0,2731619,2731618,2731360,10239
889,1920763,1920762,2842329,0,2731619,2731618,2731360,10239
890,1920772,1920771,675071,2732544,2732461,2732406,2732396,10239
891,1920777,1920774,2731643,0,2731619,2731618,2731360,10239
892,1920883,1759396,31989,204455,28211,1224,0,2
893,1920998,1920866,2731691,0,2731619,2731618,2731360,10239
894,1921008,187217,2731691,0,2731619,2731618,2731360,10239
895,1921018,1921016,2560065,0,2731619,2731618,2731360,10239
896,1921086,377315,580372,580371,580370,1224,0,2
897,1921118,1921117,0,0,2731619,2731618,2731360,10239
898,1921123,1921122,0,0,2731619,2731618,2731360,10239
899,1921130,1921125,0,0,2731619,2731618,2731360,10239
900,1921188,1921184,0,0,2731619,2731618,2731360,10239
901,1921411,1921407,0,0,2731619,2731618,2731360,10239
902,1921432,1921431,0,0,0,0,0,10239
903,1921436,1921434,0,0,2731619,2731618,2731360,10239
904,1921510,2685927,41297,204457,28211,1224,0,2
905,1921526,1921525,0,0,2731619,2731618,2731360,10239
906,1921545,1921544,0,0,2731619,2731618,2731360,10239
907,1921548,2733183,0,0,2731619,2731618,2731360,10239
908,1921554,1921553,0,0,2731619,2731618,2731360,10239
909,1921698,1921696,0,0,2731619,2731618,2731360,10239
910,1921705,1921704,2946170,0,2731619,2731618,2731360,10239
911,1921710,1921709,0,0,2731619,2731618,2731360,10239
912,1921773,1921772,151340,2732533,2732421,2732415,2732092,10239
913,1921778,1921776,151340,2732533,2732421,2732415,2732092,10239
914,1921824,1921823,151340,2732533,2732421,2732415,2732092,10239
915,1922208,1922207,151340,2732533,2732421,2732415,2732092,10239
916,1922212,1922210,0,0,2731619,2731618,2731360,10239
917,1922242,1922241,1922240,0,0,0,0,10239
918,1922247,1922243,0,0,2731619,2731618,2731360,10239
919,1922328,1922327,2560065,0,2731619,2731618,2731360,10239
920,1922331,1922329,0,0,2731619,2731618,2731360,10239
921,1923469,2169646,2169570,464095,2732506,2732408,2732396,10239
922,1925548,2045213,0,54526,28211,1224,0,2
923,1925781,1925779,0,0,2731619,2731618,2731360,10239
924,1925803,1925802,0,0,0,0,0,10239
925,1926511,2560168,12058,464095,2732506,2732408,2732396,10239
926,1926868,3051138,80864,80840,28216,1224,0,2
927,1927128,188143,641,135623,1236,1224,0,2
928,192843,28065,80864,80840,28216,1224,0,2
929,1930071,2093783,1843490,909929,909932,1239,0,2
930,1930273,1579505,2691357,2691354,203683,203682,0,2
931,1930274,1579506,2691357,2691354,203683,203682,0,2
932,1930276,2862451,2691359,2691354,203683,203682,0,2
933,1930277,2795779,2691357,2691354,203683,203682,0,2
934,1930593,2789201,0,0,0,67812,0,2
935,193121,12289,2169577,2732553,2732506,2732408,2732396,10239
936,1932910,1932909,151340,2732533,2732421,2732415,2732092,10239
937,1932912,1932911,151340,2732533,2732421,2732415,2732092,10239
938,1932923,993034,1914302,2732556,2732528,2732008,2732005,10239
939,1932927,1932924,1914302,2732556,2732528,2732008,2732005,10239
940,1933880,1742989,1268,85006,1760,201174,0,2
941,1935379,55968,85023,85006,1760,201174,0,2
942,1936003,2690159,2690158,2483366,666505,203682,0,2
943,1936021,2033601,188711,188710,67799,200940,0,2
944,1936081,1649495,49546,200644,117743,976,0,2
945,1938604,187,1499392,206351,28216,1224,0,2
946,1940612,152267,506,80840,28216,1224,0,2
947,1940790,2483368,2483367,2483366,666505,203682,0,2
948,194196,194195,481,206351,28216,1224,0,2
949,1943633,983507,2854170,204455,28211,1224,0,2
950,194441,153136,11632,2169561,2732514,2732409,2732397,10239
951,1944646,1981050,1643826,1643822,84998,201174,0,2
952,1945565,2732062,2731691,0,2731619,2731618,2731360,10239
953,1945589,1910951,10841,2732414,2732413,2732412,2732091,10239
954,194699,542959,0,0,2731619,2731618,2731360,10239
955,194802,2843119,2842333,0,2731619,2731618,2731360,10239
956,194965,194960,12058,464095,2732506,2732408,2732396,10239
957,194966,542837,2731643,0,2731619,2731618,2731360,10239
958,195105,366614,31989,204455,28211,1224,0,2
959,195913,245186,2854170,204455,28211,1224,0,2
960,1961787,1513238,151340,2732533,2732421,2732415,2732092,10239
961,1962974,44675,574976,574975,533205,57723,0,2
962,1965384,1985293,0,0,2731619,2731618,2731360,10239
963,1966265,2948935,0,0,2731619,2731618,2731360,10239
964,1967665,2848171,267889,135622,1236,1224,0,2
965,1968839,1649506,563835,1853229,1853228,976,0,2
966,1969806,2603324,433,204441,28211,1224,0,2
967,1969821,1648508,82115,356,28211,1224,0,2
968,197,194,72294,213849,3031852,29547,0,2
969,1971236,1915204,0,0,0,0,0,10239
970,197162,53572,191394,191393,68337,200930,0,2
971,1972068,2034504,1096778,135613,1236,1224,0,2
972,1972134,204619,0,0,1236,1224,0,2
973,1972577,11271,11270,11157,2497574,2497569,2732396,10239
974,1972580,1513300,11270,11157,2497574,2497569,2732396,10239
975,1972584,1299306,11270,11157,2497574,2497569,2732396,10239
976,1972593,32613,11270,11157,2497574,2497569,2732396,10239
977,1972626,1972611,11270,11157,2497574,2497569,2732396,10239
978,1972686,1972682,11270,11157,2497574,2497569,2732396,10239
979,197482,2321114,2808963,213849,3031852,29547,0,2
980,1977105,1884458,1513294,11157,2497574,2497569,2732396,10239
981,1977140,1977139,10860,2732094,2732411,2732410,2732090,10239
982,1977297,1977141,10860,2732094,2732411,2732410,2732090,10239
983,1977306,1977143,10860,2732094,2732411,2732410,2732090,10239
984,1977402,10861,10860,2732094,2732411,2732410,2732090,10239
985,1977408,1977144,2732098,2732094,2732411,2732410,2732090,10239
986,1977411,2732873,10860,2732094,2732411,2732410,2732090,10239
987,1977412,2732870,2842326,2732094,2732411,2732410,2732090,10239
988,197771,325458,151340,2732533,2732421,2732415,2732092,10239
989,197772,334213,151340,2732533,2732421,2732415,2732092,10239
990,1978413,2560252,675068,675063,2732461,2732406,2732396,10239
991,1978546,1978532,11270,11157,2497574,2497569,2732396,10239
992,1980426,675845,1980412,1980410,2497576,2497569,2732396,10239
993,1980456,1980442,1980413,1980410,2497576,2497569,2732396,10239
994,1980541,2501996,1980417,1980410,2497576,2497569,2732396,10239
995,1980918,186778,11270,11157,2497574,2497569,2732396,10239
996,1980923,1980921,0,0,2731619,2731618,2731360,10239
997,1980926,1980922,0,0,2731619,2731618,2731360,10239
998,1980931,1980928,2560065,0,2731619,2731618,2731360,10239
999,1980941,1980938,0,0,2731619,2731618,2731360,10239
1000,1980946,1980937,0,0,2731619,2731618,2731360,10239
1001,1981041,1920860,2731691,0,2731619,2731618,2731360,10239
1002,1981164,1981157,0,0,2731619,2731618,2731360,10239
1003,1981166,1981158,0,0,2731619,2731618,2731360,10239
1004,1981167,1981159,0,0,2731619,2731618,2731360,10239
1005,1981510,2039302,216572,186802,186801,1239,0,2
1006,1982090,1982088,0,0,2731619,2731618,2731360,10239
1007,1982093,1982091,0,0,2731619,2731618,2731360,10239
1008,1982096,1982095,2946162,0,2731619,2731618,2731360,10239
1009,1982100,1982099,0,0,2731619,2731618,2731360,10239
1010,1982102,1982101,0,0,2731619,2731618,2731360,10239
1011,1982105,1982104,0,0,2731619,2731618,2731360,10239
1012,1982107,1982106,0,0,2731619,2731618,2731360,10239
1013,1982112,1982111,0,0,2731619,2731618,2731360,10239
1014,1982148,1982113,0,0,2731619,2731618,2731360,10239
1015,1982151,1982150,0,0,2731619,2731618,2731360,10239
1016,1982153,1982152,0,0,2731619,2731618,2731360,10239
1017,1982219,1982218,0,0,2731619,2731618,2731360,10239
1018,1982221,1982220,0,0,2731619,2731618,2731360,10239
1019,1982225,1982222,0,0,2731619,2731618,2731360,10239
1020,1982229,1982227,0,0,2731619,2731618,2731360,10239
1021,1982237,1982236,0,0,2731619,2731618,2731360,10239
1022,1982240,1982239,0,0,2731619,2731618,2731360,10239
1023,1982245,2976977,0,0,2731619,2731618,2731360,10239
1024,1982247,1982244,0,0,2731619,2731618,2731360,10239
1025,1982269,1982251,0,0,2731619,2731618,2731360,10239
1026,1982357,1982355,0,0,2731619,2731618,2731360,10239
1027,1982360,1982359,0,0,2731619,2731618,2731360,10239
1028,1982363,1623276,0,0,2731619,2731618,2731360,10239
1029,1982364,2843403,0,0,2731619,2731618,2731360,10239
1030,1982365,2843439,0,0,2731619,2731618,2731360,10239
1031,1982368,1982367,0,0,2731619,2731618,2731360,10239
1032,1982371,1982370,0,0,2731619,2731618,2731360,10239
1033,1982373,1982372,0,0,2731619,2731618,2731360,10239
1034,1982377,1623302,0,0,2731619,2731618,2731360,10239
1035,198252,198251,1655514,54526,28211,1224,0,2
1036,1982555,1982554,0,0,2731619,2731618,2731360,10239
1037,1982560,2733200,0,0,2731619,2731618,2731360,10239
1038,1982561,1982557,0,0,2731619,2731618,2731360,10239
1039,1982563,1982562,0,0,2731619,2731618,2731360,10239
1040,1982567,1982566,0,0,2731619,2731618,2731360,10239
1041,1982570,1982569,0,0,2731619,2731618,2731360,10239
1042,1982575,1982573,0,0,2731619,2731618,2731360,10239
1043,1982577,1982576,2842329,0,2731619,2731618,2731360,10239
1044,1982580,542960,0,0,2731619,2731618,2731360,10239
1045,1982584,1982583,2842328,0,2731619,2731618,2731360,10239
1046,1982588,1982587,0,0,2731619,2731618,2731360,10239
1047,1982591,1982590,0,0,2731619,2731618,2731360,10239
1048,1982596,1982594,2842329,0,2731619,2731618,2731360,10239
1049,1982626,2678885,128827,526525,526524,1239,0,2
1050,1982660,2169648,39729,2732550,2732507,2732408,2732396,10239
1051,1982747,1982745,0,0,2731619,2731618,2731360,10239
1052,1982750,2733196,0,0,2731619,2731618,2731360,10239
1053,1982751,1982748,0,0,2731619,2731618,2731360,10239
1054,1982882,1982879,0,0,2731619,2731618,2731360,10239
1055,1982890,1982880,0,0,2731619,2731618,2731360,10239
1056,1982894,1982881,0,0,2731619,2731618,2731360,10239
1057,1982895,2948757,0,0,2731619,2731618,2731360,10239
1058,1982903,1982897,0,0,2731619,2731618,2731360,10239
1059,1982918,1982899,0,0,2731619,2731618,2731360,10239
1060,1983117,1982898,0,0,2731619,2731618,2731360,10239
1061,1983550,2843109,157897,1511857,2841637,2840024,2840023,10239
1062,1983736,1623277,0,0,2731619,2731618,2731360,10239
1063,1983739,1983734,0,0,2731619,2731618,2731360,10239
1064,1983742,1983735,0,0,2731619,2731618,2731360,10239
1065,1983750,1983744,2946173,0,2731619,2731618,2731360,10239
1066,1984775,1984773,0,0,2731619,2731618,2731360,10239
1067,1984778,1984776,0,0,2731619,2731618,2731360,10239
1068,1984783,2843401,0,0,2731619,2731618,2731360,10239
1069,1984787,1984786,0,0,2731619,2731618,2731360,10239
1070,1984790,1984788,0,0,2731619,2731618,2731360,10239
1071,1984796,1980929,0,0,2731619,2731618,2731360,10239
1072,1984800,1984798,0,0,2731619,2731618,2731360,10239
1073,1985175,1911929,2560065,0,2731619,2731618,2731360,10239
1074,1985182,1985181,2560065,0,2731619,2731618,2731360,10239
1075,1985290,1985292,0,0,2731619,2731618,2731360,10239
1076,1985305,1985303,0,0,2731619,2731618,2731360,10239
1077,1985310,1198140,0,0,2731619,2731618,2731360,10239
1078,1985326,1985325,2946170,0,2731619,2731618,2731360,10239
1079,1985337,1985328,2946170,0,2731619,2731618,2731360,10239
1080,1985342,1985329,2946170,0,2731619,2731618,2731360,10239
1081,1985354,1913651,2946170,0,2731619,2731618,2731360,10239
1082,1985689,1985687,11270,11157,2497574,2497569,2732396,10239
1083,1985695,1985692,11270,11157,2497574,2497569,2732396,10239
1084,1985698,140295,11270,11157,2497574,2497569,2732396,10239
1085,1985704,11305,11270,11157,2497574,2497569,2732396,10239
1086,1985714,1985711,2731643,0,2731619,2731618,2731360,10239
1087,1985726,1985720,2731643,0,2731619,2731618,2731360,10239
1088,1985729,2731954,2731643,0,2731619,2731618,2731360,10239
1089,1985730,2731988,2731643,0,2731619,2731618,2731360,10239
1090,1985731,2732924,2731643,0,2731619,2731618,2731360,10239
1091,1985732,477967,2731643,0,2731619,2731618,2731360,10239
1092,1985736,1985733,2731643,0,2731619,2731618,2731360,10239
1093,1985737,2732926,2731643,0,2731619,2731618,2731360,10239
1094,1985740,2732683,2731643,0,2731619,2731618,2731360,10239
1095,1985983,1511771,12058,464095,2732506,2732408,2732396,10239
1096,1986027,10856,10841,2732414,2732413,2732412,2732091,10239
1097,1986034,1910952,10841,2732414,2732413,2732412,2732091,10239
1098,1986112,2508241,2508209,76804,2732506,2732408,2732396,10239
1099,1986113,2508211,2508209,76804,2732506,2732408,2732396,10239
1100,1986118,2508244,2508209,76804,2732506,2732408,2732396,10239
1101,1986204,2019482,292628,292629,292625,200795,0,2
1102,1986538,1623295,0,0,2731619,2731618,2731360,10239
1103,1986960,1986961,12058,464095,2732506,2732408,2732396,10239
1104,1987921,1177214,543,91347,1236,1224,0,2
1105,1987993,2169536,2169529,0,2731619,2731618,2731360,10239
1106,1987994,2169532,2169529,0,2731619,2731618,2731360,10239
1107,1993650,1993641,1993640,0,0,0,0,10239
1108,1993859,1993858,2946173,0,2731619,2731618,2731360,10239
1109,1993872,1623306,0,0,2731619,2731618,2731360,10239
1110,199441,2893056,186817,1385,91061,1239,0,2
1111,199596,120652,45404,356,28211,1224,0,2
1112,2001,2000,2004,85012,1760,201174,0,2
1113,2003188,2082587,1643824,84999,84998,201174,0,2
1114,2003329,40274,10841,2732414,2732413,2732412,2732091,10239
1115,2003391,2003390,12058,464095,2732506,2732408,2732396,10239
1116,2003649,586418,12058,464095,2732506,2732408,2732396,10239
1117,2003678,2003395,564644,2732544,2732461,2732406,2732396,10239
1118,200415,200414,255472,871006,183924,28889,0,2157
1119,2004457,1914165,2946170,0,2731619,2731618,2731360,10239
1120,2005060,2005059,0,0,2731619,2731618,2731360,10239
1121,2005460,268175,1890464,1118,3028117,1117,0,2
1122,2005701,1910991,0,0,2731619,2731618,2731360,10239
1123,2006,147067,2004,85012,1760,201174,0,2
1124,2006110,83614,32033,135614,1236,1224,0,2
1125,2006134,680114,0,0,2731619,2731618,2731360,10239
1126,2006145,1982900,0,0,2731619,2731618,2731360,10239
1127,2006175,1198980,0,0,2731619,2731618,2731360,10239
1128,2010829,2707020,1775411,135614,1236,1224,0,2
1129,2011073,2732884,10860,2732094,2732411,2732410,2732090,10239
1130,2011074,2732099,2732098,2732094,2732411,2732410,2732090,10239
1131,2011075,2732877,10860,2732094,2732411,2732410,2732090,10239
1132,2011076,2732883,10860,2732094,2732411,2732410,2732090,10239
1133,2011077,2732871,10860,2732094,2732411,2732410,2732090,10239
1134,2011078,2732878,10860,2732094,2732411,2732410,2732090,10239
1135,2011079,2732880,10860,2732094,2732411,2732410,2732090,10239
1136,2011080,2732879,10860,2732094,2732411,2732410,2732090,10239
1137,2011081,2732875,10860,2732094,2732411,2732410,2732090,10239
1138,2011082,2732881,10860,2732094,2732411,2732410,2732090,10239
1139,2011083,2732874,10860,2732094,2732411,2732410,2732090,10239
1140,2011088,2732876,10860,2732094,2732411,2732410,2732090,10239
1141,2016596,2891294,2008794,206389,28216,1224,0,2
1142,2017482,436357,2854170,204455,28211,1224,0,2
1143,2020,2019,2012,85012,1760,201174,0,2
1144,2021234,2233801,1775411,135614,1236,1224,0,2
1145,2024580,673534,28056,85008,1760,201174,0,2
1146,2024608,1977639,549779,2732554,2732523,2732007,2732005,10239
1147,2025079,2025078,12058,464095,2732506,2732408,2732396,10239
1148,2026,2023,186824,1385,91061,1239,0,2
1149,2026624,1234545,41297,204457,28211,1224,0,2
1150,2026885,2250122,0,0,0,67810,0,2
1151,2027857,527198,49546,200644,117743,976,0,2
1152,2028345,305976,506,80840,28216,1224,0,2
1153,2029849,1649466,2800061,2800059,28211,1224,0,2
1154,2030964,674976,866787,2732553,2732506,2732408,2732396,10239
1155,2034170,5543,5129,5125,147550,4890,4751,2759
1156,2034996,2034997,2501949,2499411,2497577,2497569,2732396,10239
1157,2034999,2034998,0,0,2731619,2731618,2731360,10239
1158,2035,2034,85023,85006,1760,201174,0,2
1159,2036206,2689587,186827,186826,91061,1239,0,2
1160,2038343,1434010,2805416,2805415,1760,201174,0,2
1161,2039,2038,2805591,85006,1760,201174,0,2
1162,204090,680287,2842327,0,2731619,2731618,2731360,10239
1163,2041855,2560147,0,0,2731619,2731618,2731360,10239
1164,2041859,2560158,0,0,2731619,2731618,2731360,10239
1165,2043170,2813804,2066491,2066490,28211,1224,0,2
1166,2045,2044,85015,85009,1760,201174,0,2
1167,2045011,498374,1968910,1968909,1643678,651137,0,2157
1168,204525,2870717,433,204441,28211,1224,0,2
1169,2047,32207,1268,85006,1760,201174,0,2
1170,2047767,1522431,188711,188710,67799,200940,0,2
1171,2047966,2802288,84642,135624,1236,1224,0,2
1172,2049305,2049301,49546,200644,117743,976,0,2
1173,2049886,2049885,0,0,2731619,2731618,2731360,10239
1174,2051,2050,2049,2037,1760,201174,0,2
1175,2051959,388463,204434,204433,204432,57723,0,2
1176,2052899,186667,186665,2169561,2732514,2732409,2732397,10239
1177,2054,2053,85026,85007,1760,201174,0,2
1178,2055893,2678343,1963271,1644055,183963,28890,0,2157
1179,2056194,2560089,2560062,0,0,0,0,10239
1180,2057,2056,85002,85001,189775,3027942,0,2
1181,2058135,336276,49546,200644,117743,976,0,2
1182,2058175,2058174,49546,200644,117743,976,0,2
1183,2058657,370735,1268,85006,1760,201174,0,2
1184,205868,1623281,0,0,2731619,2731618,2731360,10239
1185,205869,1623284,0,0,2731619,2731618,2731360,10239
1186,205870,2942894,0,0,2731619,2731618,2731360,10239
1187,205872,1623282,0,0,2731619,2731618,2731360,10239
1188,205875,1623285,0,0,2731619,2731618,2731360,10239
1189,205876,2843352,0,0,2731619,2731618,2731360,10239
1190,205879,1623292,0,0,2731619,2731618,2731360,10239
1191,205910,10981,2946187,2732541,2732459,2732405,2732396,10239
1192,2060092,2560112,2731690,0,2731619,2731618,2731360,10239
1193,2060093,2948922,2731690,0,2731619,2731618,2731360,10239
1194,2060142,2843099,10811,2732539,2732424,2732416,2732092,10239
1195,2060973,1052105,474942,5125,147550,4890,4751,2759
1196,2061,2060,85028,85007,1760,201174,0,2
1197,206403,265570,2771472,213849,3031852,29547,0,2
1198,206506,257820,506,80840,28216,1224,0,2
1199,2066,2063,2062,85011,1760,201174,0,2
1200,2066483,2953757,2953756,2497644,2497643,0,0,2
1201,2067065,2593687,481,206351,28216,1224,0,2
1202,2067960,2891323,2008794,206389,28216,1224,0,2
1203,2068655,2888809,186803,186802,186801,1239,0,2
1204,2069432,393005,49546,200644,117743,976,0,2
1205,2070537,1079922,433,204441,28211,1224,0,2
1206,2072590,1522432,75682,80840,28216,1224,0,2
1207,207343,2169664,11632,2169561,2732514,2732409,2732397,10239
1208,207949,599651,135620,135619,1236,1224,0,2
1209,2079521,11306,11270,11157,2497574,2497569,2732396,10239
1210,2079791,235888,85023,85006,1760,201174,0,2
1211,2079792,76634,85023,85006,1760,201174,0,2
1212,208199,2893058,186817,1385,91061,1239,0,2
1213,208216,208215,255474,255473,28211,1224,0,2
1214,208226,114627,31979,186802,186801,1239,0,2
1215,2083181,186666,186665,2169561,2732514,2732409,2732397,10239
1216,208479,2719313,186803,186802,186801,1239,0,2
1217,2086584,2717089,0,186802,186801,1239,0,2
1218,2086585,3047433,3047432,186802,186801,1239,0,2
1219,2093824,2093823,2093822,2093819,2093818,95818,0,2
1220,2093856,574697,1853231,171549,200643,976,0,2
1221,2093857,2591381,216572,186802,186801,1239,0,2
1222,2094025,2831916,49546,200644,117743,976,0,2
1223,2095,2093,2092,2085,31969,544448,0,2
1224,2097,2995234,2895623,2790996,0,544448,0,2
1225,2099786,2685905,186817,1385,91061,1239,0,2
1226,2108365,2778400,1643949,1643947,188708,200918,0,2
1227,2108523,2172004,216572,186802,186801,1239,0,2
1228,2109913,1649468,80864,80840,28216,1224,0,2
1229,2109914,219181,80864,80840,28216,1224,0,2
1230,2109915,352450,80864,80840,28216,1224,0,2
1231,211114,1137960,2070,85010,1760,201174,0,2
1232,2115,2767358,2092,2085,31969,544448,0,2
1233,2115978,2115980,775,766,28211,1224,0,2
1234,2116657,2678886,80864,80840,28216,1224,0,2
1235,2118,2923352,2092,2085,31969,544448,0,2
1236,2126321,1964366,1903411,91347,1236,1224,0,2
1237,2126346,2995704,2062,85011,1760,201174,0,2
1238,2126984,2094720,549779,2732554,2732523,2732007,2732005,10239
1239,213034,675066,675064,675063,2732461,2732406,2732396,10239
1240,2133944,2884814,171552,171549,200643,976,0,2
1241,2136037,2136036,178830,11157,2497574,2497569,2732396,10239
1242,213633,1283209,1283208,2732548,2732463,2732406,2732396,10239
1243,214851,292632,216572,186802,186801,1239,0,2
1244,214888,2919614,0,186328,31969,544448,0,2
1245,2151,46239,33925,186328,31969,544448,0,2
1246,215591,2951106,2951104,136,203692,203691,0,2
1247,215813,309512,2854170,204455,28211,1224,0,2
1248,2161677,288021,1331809,362534,28211,1224,0,2
1249,2161747,231683,255527,135619,1236,1224,0,2
1250,2161875,2842611,1458186,0,0,0,0,10239
1251,2161876,2842806,1458186,0,0,0,0,10239
1252,2161880,2842617,1458186,0,0,0,0,10239
1253,2163011,1921582,506,80840,28216,1224,0,2
1254,2163644,2603321,2603433,766,28211,1224,0,2
1255,216465,52972,80864,80840,28216,1224,0,2
1256,216778,40323,32033,135614,1236,1224,0,2
1257,216816,1678,31953,85004,1760,201174,0,2
1258,216933,2132,2131,186328,31969,544448,0,2
1259,2169400,204456,31989,204455,28211,1224,0,2
1260,2169571,2169647,2169572,0,0,0,0,10239
1261,2169685,2169637,12058,464095,2732506,2732408,2732396,10239
1262,2169686,2841279,2169529,0,2731619,2731618,2731360,10239
1263,2169687,2731621,2169529,0,2731619,2731618,2731360,10239
1264,2169689,2841278,2169529,0,2731619,2731618,2731360,10239
1265,2169692,2169650,151340,2732533,2732421,2732415,2732092,10239
1266,2169700,2169669,10656,2732558,2732529,2732008,2732005,10239
1267,2169704,2169651,0,0,2731619,2731618,2731360,10239
1268,2169707,2169652,0,0,2731619,2731618,2731360,10239
1269,2169721,2169626,1458186,0,0,0,0,10239
1270,2169724,2842885,1458186,0,0,0,0,10239
1271,2169725,674962,324901,464095,2732506,2732408,2732396,10239
1272,2169730,3044672,0,0,2731619,2731618,2731360,10239
1273,2169731,2169635,0,0,2731619,2731618,2731360,10239
1274,2169775,2169638,12058,464095,2732506,2732408,2732396,10239
1275,2169798,1623280,0,0,2731619,2731618,2731360,10239
1276,2169814,2169644,2169570,464095,2732506,2732408,2732396,10239
1277,2169834,2169627,1458186,0,0,0,0,10239
1278,2169853,1506581,12058,464095,2732506,2732408,2732396,10239
1279,2169860,10878,10877,2732542,2732460,2732405,2732396,10239
1280,2169864,2169569,2169568,675063,2732461,2732406,2732396,10239
1281,2169868,2169641,2842329,0,2731619,2731618,2731360,10239
1282,2169870,2169653,0,0,2731619,2731618,2731360,10239
1283,2169883,2169623,0,0,2731619,2731618,2731360,10239
1284,2169893,2169628,1458186,0,0,0,0,10239
1285,2169894,2169666,11632,2169561,2732514,2732409,2732397,10239
1286,2169905,2842656,1458186,0,0,0,0,10239
1287,2169910,2169612,0,0,2731619,2731618,2731360,10239
1288,2169918,2733290,10404,2732515,2732514,2732409,2732397,10239
1289,2169919,2733289,10404,2732515,2732514,2732409,2732397,10239
1290,2169921,2842814,0,0,2731619,2731618,2731360,10239
1291,2169922,2843141,0,0,2731619,2731618,2731360,10239
1292,2169925,2843015,0,0,2731619,2731618,2731360,10239
1293,2169926,2843126,0,0,2731619,2731618,2731360,10239
1294,2169927,2842619,0,0,2731619,2731618,2731360,10239
1295,2169937,2169645,2169570,464095,2732506,2732408,2732396,10239
1296,2169963,2169642,2842329,0,2731619,2731618,2731360,10239
1297,2169965,1755589,12058,464095,2732506,2732408,2732396,10239
1298,2169978,2169621,0,0,2731619,2731618,2731360,10239
1299,2170027,2169629,1458186,0,0,0,0,10239
1300,2170030,696855,11974,464095,2732506,2732408,2732396,10239
1301,2170047,88129,568247,2499881,2497573,2497569,2732396,10239
1302,2170052,2169639,12058,464095,2732506,2732408,2732396,10239
1303,2170091,2169655,0,0,2731619,2731618,2731360,10239
1304,2170098,10875,2732098,2732094,2732411,2732410,2732090,10239
1305,2170116,2169663,2169574,2732537,2732423,2732416,2732092,10239
1306,2170139,2169667,11632,2169561,2732514,2732409,2732397,10239
1307,2170191,2169640,12058,464095,2732506,2732408,2732396,10239
1308,2170203,2169668,11632,2169561,2732514,2732409,2732397,10239
1309,2170215,2842973,2842329,0,2731619,2731618,2731360,10239
1310,2170216,2169643,2842329,0,2731619,2731618,2731360,10239
1311,2170221,2169625,0,0,2731619,2731618,2731360,10239
1312,2170233,11007,11006,2732540,2732458,2732405,2732396,10239
1313,2170234,2169656,0,0,2731619,2731618,2731360,10239
1314,2170235,2169614,151340,2732533,2732421,2732415,2732092,10239
1315,2170236,2169615,151340,2732533,2732421,2732415,2732092,10239
1316,2170237,2169616,151340,2732533,2732421,2732415,2732092,10239
1317,2170239,2169657,0,0,2731619,2731618,2731360,10239
1318,2170248,2169622,0,0,2731619,2731618,2731360,10239
1319,2170254,2169658,0,0,2731619,2731618,2731360,10239
1320,2170745,1160973,1268,85006,1760,201174,0,2
1321,2171623,947525,125316,85006,1760,201174,0,2
1322,2171755,2778525,31989,204455,28211,1224,0,2
1323,2172099,2894574,72275,135622,1236,1224,0,2
1324,2172103,2172100,1903416,91347,1236,1224,0,2
1325,2173,2172,2159,2158,183925,28890,0,2157
1326,2173034,2603323,2603322,186802,186801,1239,0,2
1327,2176,2175,2206,94695,224756,28890,0,2157
1328,217686,1513308,69973,2732544,2732461,2732406,2732396,10239
1329,2180,2179,2178,2158,183925,28890,0,2157
1330,218208,218207,3031627,213118,3024418,200940,0,2
1331,2182400,2733202,0,0,2731619,2731618,2731360,10239
1332,2183582,2661818,72275,135622,1236,1224,0,2
1333,2183911,180541,742031,742030,1236,1224,0,2
1334,2184083,2891324,2008794,206389,28216,1224,0,2
1335,2187,2184,2183,2182,183939,28890,0,2157
1336,2189,196119,196117,2182,183939,28890,0,2157
1337,219174,564640,185752,0,0,0,0,10239
1338,219314,2040,85015,85009,1760,201174,0,2
1339,2198,45989,2194,2191,224756,28890,0,2157
1340,2199,2195,2194,2191,224756,28890,0,2157
1341,2201,81416,2194,2191,224756,28890,0,2157
1342,2202149,141948,32033,135614,1236,1224,0,2
1343,2202721,561555,49546,200644,117743,976,0,2
1344,2203,2202,196137,2191,224756,28890,0,2157
1345,220697,168934,2844866,204441,28211,1224,0,2
1346,2209,2207,2206,94695,224756,28890,0,2157
1347,2211106,2039723,135616,72273,1236,1224,0,2
1348,2211108,3050898,2008793,32003,28216,1224,0,2
1349,2211140,2608728,204434,204433,204432,57723,0,2
1350,2213194,200903,186817,1385,91061,1239,0,2
1351,2213226,2758906,135621,72274,1236,1224,0,2
1352,221402,2899790,712,135625,1236,1224,0,2
1353,2218628,29487,1903414,91347,1236,1224,0,2
1354,2219043,2494209,2494208,2494207,1042312,67819,0,2
1355,221915,1857843,2560065,0,2731619,2731618,2731360,10239
1356,2219224,83681,2004,85012,1760,201174,0,2
1357,2220095,69578,85023,85006,1760,201174,0,2
1358,2220096,2478349,2829815,204441,28211,1224,0,2
1359,2224,2222,143067,2905377,224756,28890,0,2157
1360,222819,2023214,0,1150,3028117,1117,0,2
1361,2231055,73029,2008795,206389,28216,1224,0,2
1362,2231603,150366,474943,5125,147550,4890,4751,2759
1363,2233999,204447,2829815,204441,28211,1224,0,2
1364,2238,2237,1963268,2235,183963,28890,0,2157
1365,223967,2282523,119045,356,28211,1224,0,2
1366,2246,2251,1644056,1644055,183963,28890,0,2157
1367,2247,56688,1963271,1644055,183963,28890,0,2157
1368,225148,292833,689704,1963360,204429,204428,0,2
1369,225194,2883512,213422,3031668,3031651,200940,0,2
1370,225588,308912,0,0,2731619,2731618,2731360,10239
1371,2257,63743,1963268,2235,183963,28890,0,2157
1372,2259620,2650549,72275,135622,1236,1224,0,2
1373,2259673,1007082,338190,31932,1643678,651137,0,2157
1374,225992,283,80864,80840,28216,1224,0,2
1375,2268024,2680021,119060,80840,28216,1224,0,2
1376,2268449,39845,2070,85010,1760,201174,0,2
1377,2269,2268,114378,2856582,183924,28889,0,2157
1378,227086,227085,0,0,29197,136419,0,2759
1379,227318,390988,28056,85008,1760,201174,0,2
1380,227470,2948665,2946170,0,2731619,2731618,2731360,10239
1381,2275,2273,2272,114380,183924,28889,0,2157
1382,2280,2279,2272,114380,183924,28889,0,2157
1383,2282148,662756,2885735,2885734,2885733,1801631,0,2157
1384,2282206,692605,548682,548681,2731363,2731361,2731360,10239
1385,2283160,1221880,186817,1385,91061,1239,0,2
1386,2283195,125287,2805590,85006,1760,201174,0,2
1387,2283318,2824158,468,2887326,1236,1224,0,2
1388,2287,2100760,118883,2281,183924,28889,0,2157
1389,228745,171868,558314,1485951,187857,200783,0,2
1390,2290923,1654931,481,206351,28216,1224,0,2
1391,2291597,745410,0,0,1236,1224,0,2
1392,2292766,2766927,1779135,1779134,28221,0,0,2
1393,2293,2289,213119,213118,3024418,200940,0,2
1394,2293317,2293313,68298,186802,186801,1239,0,2
1395,2296,2904687,213119,213118,3024418,200940,0,2
1396,229731,203193,1644061,1644060,183963,28890,0,2157
1397,2303331,413435,568386,1775403,1236,1224,0,2
1398,2303538,288793,72275,135622,1236,1224,0,2
1399,2304600,1406135,2831104,356,28211,1224,0,2
1400,2305987,1649463,69277,356,28211,1224,0,2
1401,2306623,2733284,39729,2732550,2732507,2732408,2732396,10239
1402,230871,2733143,2842327,0,2731619,2731618,2731360,10239
1403,231049,2767882,33958,186826,91061,1239,0,2
1404,2315,2314,2194,2191,224756,28890,0,2157
1405,2315862,2698688,563835,1853229,1853228,976,0,2
1406,2316383,2770094,2770092,2770089,186801,1239,0,2
1407,2317,2316,2159,2158,183925,28890,0,2157
1408,2320,2319,183713,68985,183988,28890,0,2157
1409,2320858,651660,186818,1385,91061,1239,0,2
1410,2321403,1433993,2762286,768507,768503,976,0,2
1411,2322,2321,2206,94695,224756,28890,0,2157
1412,232237,1623309,0,0,2731619,2731618,2731360,10239
1413,232259,232244,563798,768507,768503,976,0,2
1414,2331,2330,972,53433,186801,1239,0,2
1415,233100,233099,72276,135613,1236,1224,0,2
1416,233181,33055,0,0,28216,1224,0,2
1417,233894,2560244,2946170,0,2731619,2731618,2731360,10239
1418,2341112,2661800,82115,356,28211,1224,0,2
1419,2341117,1769012,563835,1853229,1853228,976,0,2
1420,234827,411566,1328881,766,28211,1224,0,2
1421,2350,2349,1937961,1936988,1937959,976,0,2
1422,2352,2351,2945022,191393,68337,200930,0,2
1423,235201,1623300,0,0,2731619,2731618,2731360,10239
1424,235266,2948650,2946183,1511857,2841637,2840024,2840023,10239
1425,2358,2357,3031658,3031657,3031650,200940,0,2
1426,2364647,2662752,1903409,91347,1236,1224,0,2
1427,236753,236752,216572,186802,186801,1239,0,2
1428,2371,2370,32033,135614,1236,1224,0,2
1429,237258,501783,2762318,200644,117743,976,0,2
1430,2377,2375,1843490,909929,909932,1239,0,2
1431,238,308865,2762318,200644,117743,976,0,2
1432,2382161,46466,972,53433,186801,1239,0,2
1433,239935,239934,1647988,48461,203494,74201,0,2
1434,240426,2733300,10240,2732527,2732525,2732007,2732005,10239
1435,240427,2767892,33958,186826,91061,1239,0,2
1436,240495,1847,2070,85010,1760,201174,0,2
1437,241244,648802,186818,1385,91061,1239,0,2
1438,241425,241421,1892255,1150,3028117,1117,0,2
1439,2419771,1195526,85023,85006,1760,201174,0,2
1440,2419772,2767877,33958,186826,91061,1239,0,2
1441,2419774,2680004,85023,85006,1760,201174,0,2
1442,2421,2420,1643950,2419,188708,200918,0,2
1443,2424,2422,1643950,2419,188708,200918,0,2
1444,242527,1720323,0,0,2731619,2731618,2731360,10239
1445,242600,1755829,1755828,200644,117743,976,0,2
1446,242606,242605,1775411,135614,1236,1224,0,2
1447,242703,105850,871007,871006,183924,28889,0,2157
1448,244589,10475,10474,0,0,0,0,10239
1449,244596,274591,69277,356,28211,1224,0,2
1450,244787,191291,224467,235899,3031852,29547,0,2
1451,245188,2211641,31989,204455,28211,1224,0,2
1452,245685,1920865,2731691,0,2731619,2731618,2731360,10239
1453,248039,248038,2945020,191393,68337,200930,0,2
1454,2483033,2738399,31989,204455,28211,1224,0,2
1455,2483799,154116,145358,85006,1760,201174,0,2
1456,2487072,2782229,2762318,200644,117743,976,0,2
1457,2487118,2679910,128827,526525,526524,1239,0,2
1458,2490858,2689589,186824,1385,91061,1239,0,2
1459,2493639,2698753,2024974,2024973,1553900,3018035,0,2
1460,249402,273135,1501348,768507,768503,976,0,2
1461,2494234,40544,995019,80840,28216,1224,0,2
1462,2494373,59739,200667,768507,768503,976,0,2
1463,2494374,1443919,31989,204455,28211,1224,0,2
1464,2494552,2733285,39729,2732550,2732507,2732408,2732396,10239
1465,2495645,76833,2049,2037,1760,201174,0,2
1466,2496265,1470540,186828,186826,91061,1239,0,2
1467,2496266,32014,1499392,206351,28216,1224,0,2
1468,2498113,2810357,1903416,91347,1236,1224,0,2
1469,2498135,104204,83676,85012,1760,201174,0,2
1470,2498451,67575,1046,135613,1236,1224,0,2
1471,2499157,529881,85023,85006,1760,201174,0,2
1472,2499618,2499609,76803,76804,2732506,2732408,2732396,10239
1473,2499620,2499610,76803,76804,2732506,2732408,2732396,10239
1474,2499621,2499611,76803,76804,2732506,2732408,2732396,10239
1475,2499622,2499612,76803,76804,2732506,2732408,2732396,10239
1476,2499677,2499676,76803,76804,2732506,2732408,2732396,10239
1477,2499678,2499675,76803,76804,2732506,2732408,2732396,10239
1478,2499685,2499674,76803,76804,2732506,2732408,2732396,10239
1479,2499932,2499617,76803,76804,2732506,2732408,2732396,10239
1480,2500533,238783,31989,204455,28211,1224,0,2
1481,2500547,1778601,2762318,200644,117743,976,0,2
1482,2501933,2948716,2501985,11157,2497574,2497569,2732396,10239
1483,2501934,2946788,2501985,11157,2497574,2497569,2732396,10239
1484,2501935,2948685,2501985,11157,2497574,2497569,2732396,10239
1485,2501936,2948683,2501985,11157,2497574,2497569,2732396,10239
1486,2501937,2948759,2501985,11157,2497574,2497569,2732396,10239
1487,2501942,2948893,2501987,11157,2497574,2497569,2732396,10239
1488,2501943,2948799,2501987,11157,2497574,2497569,2732396,10239
1489,2501944,2948673,2501987,11157,2497574,2497569,2732396,10239
1490,2501945,2948721,2501987,11157,2497574,2497569,2732396,10239
1491,2501946,2948837,2501987,11157,2497574,2497569,2732396,10239
1492,2501947,2499615,76803,76804,2732506,2732408,2732396,10239
1493,2501958,1985709,2501986,11157,2497574,2497569,2732396,10239
1494,2501965,2499613,76803,76804,2732506,2732408,2732396,10239
1495,2501969,2499614,76803,76804,2732506,2732408,2732396,10239
1496,2502000,2499616,76803,76804,2732506,2732408,2732396,10239
1497,2502779,2812019,563835,1853229,1853228,976,0,2
1498,2505977,1070314,2236,2235,183963,28890,0,2157
1499,2506420,2930384,33958,186826,91061,1239,0,2
1500,2507160,2060094,543314,186802,186801,1239,0,2
1501,2507161,2992720,2992717,1737405,1737404,1239,0,2
1502,2507162,1738645,216572,186802,186801,1239,0,2
1503,2507290,2507289,2501983,76804,2732506,2732408,2732396,10239
1504,2507503,2507497,2501968,2499405,2497572,2497569,2732396,10239
1505,2507538,762641,49546,200644,117743,976,0,2
1506,2508226,2508224,2501967,76804,2732506,2732408,2732396,10239
1507,2508233,2508230,2501982,76804,2732506,2732408,2732396,10239
1508,2508237,2508231,2501982,76804,2732506,2732408,2732396,10239
1509,2508251,2508243,2508209,76804,2732506,2732408,2732396,10239
1510,2508252,2508245,2508209,76804,2732506,2732408,2732396,10239
1511,2508255,2508253,2501959,2499408,2497575,2497569,2732396,10239
1512,2508259,2508258,2501940,1980410,2497576,2497569,2732396,10239
1513,2509286,2509285,2501941,1980410,2497576,2497569,2732396,10239
1514,2509380,2501972,1513294,11157,2497574,2497569,2732396,10239
1515,2509382,2501973,1513294,11157,2497574,2497569,2732396,10239
1516,2509383,2501974,1513294,11157,2497574,2497569,2732396,10239
1517,2509395,2508220,2501983,76804,2732506,2732408,2732396,10239
1518,2509675,2692417,2692416,388448,388447,200795,0,2
1519,2511995,2709666,32033,135614,1236,1224,0,2
1520,2516557,2676247,89373,768507,768503,976,0,2
1521,251749,181086,10501,2732524,2732523,2732007,2732005,10239
1522,2518645,2035349,137,136,203692,203691,0,2
1523,2518971,2518495,2005473,171549,200643,976,0,2
1524,2518989,2847769,1706372,1706369,1236,1224,0,2
1525,2518994,3040948,1706372,1706369,1236,1224,0,2
1526,252130,299568,481,206351,28216,1224,0,2
1527,252307,252306,49546,200644,117743,976,0,2
1528,252514,48073,1706373,1706369,1236,1224,0,2
1529,2527968,2795605,2691357,2691354,203683,203682,0,2
1530,2527972,2795781,2691359,2691354,203683,203682,0,2
1531,2527973,1649453,126,112,203683,203682,0,2
1532,2527974,2680020,1763524,2691356,203683,203682,0,2
1533,2527979,2795973,2691357,2691354,203683,203682,0,2
1534,2527982,2913022,666507,666506,666505,203682,0,2
1535,2527983,2795778,126,112,203683,203682,0,2
1536,2527984,2714594,2691357,2691354,203683,203682,0,2
1537,2527989,2714737,126,112,203683,203682,0,2
1538,2527994,2795865,126,112,203683,203682,0,2
1539,2527995,2795780,126,112,203683,203682,0,2
1540,2527996,2714592,126,112,203683,203682,0,2
1541,2528007,2795774,126,112,203683,203682,0,2
1542,2528009,2795783,2691359,2691354,203683,203682,0,2
1543,2528010,2795775,2691357,2691354,203683,203682,0,2
1544,2528020,2803301,666507,666506,666505,203682,0,2
1545,2528021,2807414,2691357,2691354,203683,203682,0,2
1546,2528022,2795782,2691359,2691354,203683,203682,0,2
1547,2528023,2807415,1914233,2691355,203683,203682,0,2
1548,2528024,2691417,2691359,2691354,203683,203682,0,2
1549,2528026,2795777,126,112,203683,203682,0,2
1550,2528027,2795776,126,112,203683,203682,0,2
1551,2528037,538,481,206351,28216,1224,0,2
1552,2528593,2748674,2748673,3039167,186801,1239,0,2
1553,2528642,2723776,2723775,356,28211,1224,0,2
1554,2528964,279,335928,356,28211,1224,0,2
1555,2529032,2045416,49546,200644,117743,976,0,2
1556,252966,252965,543372,68295,186801,1239,0,2
1557,252967,2792240,137,136,203692,203691,0,2
1558,253239,253238,216572,186802,186801,1239,0,2
1559,253245,267986,1333713,200644,117743,976,0,2
1560,254247,254245,118968,118969,1236,1224,0,2
1561,2546356,28070,1890450,1118,3028117,1117,0,2
1562,2546360,263510,1890450,1118,3028117,1117,0,2
1563,2546366,2546365,1890450,1118,3028117,1117,0,2
1564,254758,2837510,186817,1385,91061,1239,0,2
1565,2558174,2654634,44746,1921002,28211,1224,0,2
1566,2558360,2791118,433,204441,28211,1224,0,2
1567,2558361,2952773,433,204441,28211,1224,0,2
1568,2558931,2893090,563843,1853224,1853222,1853220,0,2
1569,2560057,196080,2813951,204441,28211,1224,0,2
1570,2560261,2560109,0,0,2731619,2731618,2731360,10239
1571,2560265,2560250,0,0,2731619,2731618,2731360,10239
1572,2560266,2560170,0,0,2731619,2731618,2731360,10239
1573,2560269,2560175,0,0,2731619,2731618,2731360,10239
1574,2560283,2560208,0,0,2731619,2731618,2731360,10239
1575,2560286,2560207,0,0,2731619,2731618,2731360,10239
1576,2560287,2560085,12058,464095,2732506,2732408,2732396,10239
1577,2560293,2560090,12058,464095,2732506,2732408,2732396,10239
1578,2560297,2560093,2731643,0,2731619,2731618,2731360,10239
1579,2560300,1980936,0,0,2731619,2731618,2731360,10239
1580,2560303,2560134,0,0,2731619,2731618,2731360,10239
1581,2560304,2560153,0,0,2731619,2731618,2731360,10239
1582,2560308,2560164,324901,464095,2732506,2732408,2732396,10239
1583,2560332,2842856,2560065,0,2731619,2731618,2731360,10239
1584,2560333,2560171,0,0,2731619,2731618,2731360,10239
1585,2560334,2842880,2560065,0,2731619,2731618,2731360,10239
1586,2560335,2843047,2560065,0,2731619,2731618,2731360,10239
1587,2560336,2560237,0,0,2731619,2731618,2731360,10239
1588,2560337,2560228,2560065,0,2731619,2731618,2731360,10239
1589,2560343,2560097,11974,464095,2732506,2732408,2732396,10239
1590,2560351,2560105,2560063,2732504,2732500,2732407,2732396,10239
1591,2560358,2948786,2560065,0,2731619,2731618,2731360,10239
1592,2560359,2560084,2943001,0,2731619,2731618,2731360,10239
1593,2560360,2560186,2943001,0,2731619,2731618,2731360,10239
1594,2560387,2560116,0,0,2731619,2731618,2731360,10239
1595,2560388,2560117,0,0,2731619,2731618,2731360,10239
1596,2560392,2560223,0,0,2731619,2731618,2731360,10239
1597,2560393,2560111,2946175,0,2731619,2731618,2731360,10239
1598,2560395,2560115,2946175,0,2731619,2731618,2731360,10239
1599,2560396,2560209,0,0,2731619,2731618,2731360,10239
1600,2560398,2560149,0,0,2731619,2731618,2731360,10239
1601,2560400,2560176,0,0,2731619,2731618,2731360,10239
1602,2560405,2560120,10486,2732555,2732523,2732007,2732005,10239
1603,2560406,2560152,0,0,2731619,2731618,2731360,10239
1604,2560407,2560183,0,0,2731619,2731618,2731360,10239
1605,2560409,2560141,0,0,2731619,2731618,2731360,10239
1606,2560414,2560123,2731691,0,2731619,2731618,2731360,10239
1607,2560419,2560160,2560065,0,2731619,2731618,2731360,10239
1608,2560421,2560124,0,0,2731619,2731618,2731360,10239
1609,2560422,2732968,2560065,0,2731619,2731618,2731360,10239
1610,2560434,2560148,0,0,2731619,2731618,2731360,10239
1611,2560435,2560216,0,0,2731619,2731618,2731360,10239
1612,2560436,2560094,0,0,2731619,2731618,2731360,10239
1613,2560440,2560095,0,0,2731619,2731618,2731360,10239
1614,2560453,2560227,2731691,0,2731619,2731618,2731360,10239
1615,2560472,2560245,2946157,0,2731619,2731618,2731360,10239
1616,2560473,2560131,0,0,2731619,2731618,2731360,10239
1617,2560476,2560132,0,0,2731619,2731618,2731360,10239
1618,2560479,2560100,249310,2732540,2732458,2732405,2732396,10239
1619,2560482,2560136,10656,2732558,2732529,2732008,2732005,10239
1620,2560484,2560096,0,0,2731619,2731618,2731360,10239
1621,2560485,2560101,0,0,2731619,2731618,2731360,10239
1622,2560486,2560255,0,0,2731619,2731618,2731360,10239
1623,2560487,2560106,0,0,2731619,2731618,2731360,10239
1624,2560489,2560107,0,0,2731619,2731618,2731360,10239
1625,2560492,2560129,0,0,2731619,2731618,2731360,10239
1626,2560493,2560135,0,0,2731619,2731618,2731360,10239
1627,2560494,2560137,0,0,2731619,2731618,2731360,10239
1628,2560495,2560099,0,0,2731619,2731618,2731360,10239
1629,2560497,2560127,0,0,2731619,2731618,2731360,10239
1630,2560498,2560139,0,0,2731619,2731618,2731360,10239
1631,2560499,2560140,0,0,2731619,2731618,2731360,10239
1632,2560500,2560138,0,0,2731619,2731618,2731360,10239
1633,2560501,2560144,0,0,2731619,2731618,2731360,10239
1634,2560502,2560146,0,0,2731619,2731618,2731360,10239
1635,2560503,2560143,0,0,2731619,2731618,2731360,10239
1636,2560506,2560192,0,0,2731619,2731618,2731360,10239
1637,2560507,2169636,0,0,2731619,2731618,2731360,10239
1638,2560508,2560193,0,0,2731619,2731618,2731360,10239
1639,2560509,2560231,0,0,2731619,2731618,2731360,10239
1640,2560512,2560251,0,0,2731619,2731618,2731360,10239
1641,2560514,2560257,0,0,2731619,2731618,2731360,10239
1642,2560530,2560151,0,0,2731619,2731618,2731360,10239
1643,2560534,2560230,324901,464095,2732506,2732408,2732396,10239
1644,2560535,2560169,324901,464095,2732506,2732408,2732396,10239
1645,2560539,2560233,2731690,0,2731619,2731618,2731360,10239
1646,2560540,2560154,0,0,2731619,2731618,2731360,10239
1647,2560545,2560086,0,0,2731619,2731618,2731360,10239
1648,2560548,2560187,2842327,0,2731619,2731618,2731360,10239
1649,2560552,2560229,2560064,1980410,2497576,2497569,2732396,10239
1650,2560578,2560173,12058,464095,2732506,2732408,2732396,10239
1651,2560588,2560122,0,0,2731619,2731618,2731360,10239
1652,2560589,2560126,0,0,2731619,2731618,2731360,10239
1653,2560590,2560161,0,0,2731619,2731618,2731360,10239
1654,2560591,2560150,0,0,2731619,2731618,2731360,10239
1655,2560592,2560130,0,0,2731619,2731618,2731360,10239
1656,2560595,2560178,0,0,2731619,2731618,2731360,10239
1657,2560596,2560203,0,0,2731619,2731618,2731360,10239
1658,2560597,2560177,11974,464095,2732506,2732408,2732396,10239
1659,2560598,1511778,12058,464095,2732506,2732408,2732396,10239
1660,2560608,2560240,0,0,2731619,2731618,2731360,10239
1661,2560611,2560181,0,0,2731619,2731618,2731360,10239
1662,2560612,2560182,11974,464095,2732506,2732408,2732396,10239
1663,2560615,2560219,11974,464095,2732506,2732408,2732396,10239
1664,2560618,2560167,0,0,2731619,2731618,2731360,10239
1665,2560619,2843388,0,0,2731619,2731618,2731360,10239
1666,2560620,2560218,324901,464095,2732506,2732408,2732396,10239
1667,2560623,2560249,0,0,2731619,2731618,2731360,10239
1668,2560625,2560247,0,0,2731619,2731618,2731360,10239
1669,2560629,2560201,0,0,2731619,2731618,2731360,10239
1670,2560631,2560180,2731690,0,2731619,2731618,2731360,10239
1671,2560633,2560202,2731643,0,2731619,2731618,2731360,10239
1672,2560644,2560205,12058,464095,2732506,2732408,2732396,10239
1673,2560651,2560189,2731690,0,2731619,2731618,2731360,10239
1674,2560652,2560210,2731690,0,2731619,2731618,2731360,10239
1675,2560656,2560098,0,0,2731619,2731618,2731360,10239
1676,2560657,2560102,2731643,0,2731619,2731618,2731360,10239
1677,2560658,2560104,0,0,2731619,2731618,2731360,10239
1678,2560666,2560133,0,0,2731619,2731618,2731360,10239
1679,2560671,2560190,0,0,2731619,2731618,2731360,10239
1680,2560676,2560204,0,0,2731619,2731618,2731360,10239
1681,2560679,2560206,2731643,0,2731619,2731618,2731360,10239
1682,2560680,2560197,0,0,2731619,2731618,2731360,10239
1683,2560683,2560221,0,0,2731619,2731618,2731360,10239
1684,2560684,2560248,0,0,2731619,2731618,2731360,10239
1685,2560686,2560184,2731643,0,2731619,2731618,2731360,10239
1686,2560688,2560188,0,0,2731619,2731618,2731360,10239
1687,2560689,2560113,0,0,2731619,2731618,2731360,10239
1688,2560691,2560235,0,0,2731619,2731618,2731360,10239
1689,2560692,2560162,0,0,2731619,2731618,2731360,10239
1690,2560695,2025077,12058,464095,2732506,2732408,2732396,10239
1691,2560699,2560211,12058,464095,2732506,2732408,2732396,10239
1692,2560700,2560215,0,0,2731619,2731618,2731360,10239
1693,2560702,873551,11974,464095,2732506,2732408,2732396,10239
1694,2560703,2560213,0,0,2731619,2731618,2731360,10239
1695,2560704,2560172,2560063,2732504,2732500,2732407,2732396,10239
1696,2560705,2560242,0,0,2731619,2731618,2731360,10239
1697,2560706,2560253,0,0,2731619,2731618,2731360,10239
1698,2560720,2560163,0,0,2731619,2731618,2731360,10239
1699,2560726,2733082,2946167,0,2731619,2731618,2731360,10239
1700,2560728,1914851,0,0,2731619,2731618,2731360,10239
1701,2560731,2560108,0,0,2731619,2731618,2731360,10239
1702,2560736,2560110,11270,11157,2497574,2497569,2732396,10239
1703,2560745,2560226,2560063,2732504,2732500,2732407,2732396,10239
1704,2560751,2560128,0,0,2731619,2731618,2731360,10239
1705,2560752,2560256,2946170,0,2731619,2731618,2731360,10239
1706,2560753,2560119,178830,11157,2497574,2497569,2732396,10239
1707,2560762,2560145,2731691,0,2731619,2731618,2731360,10239
1708,2560778,2560165,0,0,2731619,2731618,2731360,10239
1709,2560782,2560121,0,0,2731619,2731618,2731360,10239
1710,2560784,2560214,0,0,2731619,2731618,2731360,10239
1711,2560785,2560103,0,0,2731619,2731618,2731360,10239
1712,2560786,2560220,0,0,2731619,2731618,2731360,10239
1713,2560792,2560225,0,0,2731619,2731618,2731360,10239
1714,2560802,2560239,0,0,2731619,2731618,2731360,10239
1715,2560804,2732882,2842326,2732094,2732411,2732410,2732090,10239
1716,2560818,2560191,687329,0,0,0,0,10239
1717,2560822,2560241,12058,464095,2732506,2732408,2732396,10239
1718,2560831,2560092,0,0,2731619,2731618,2731360,10239
1719,2560834,2560238,0,0,2731619,2731618,2731360,10239
1720,2560835,2732016,2731690,0,2731619,2731618,2731360,10239
1721,2560836,2560156,2731690,0,2731619,2731618,2731360,10239
1722,2560838,2843134,1458186,0,0,0,0,10239
1723,2560842,2560125,0,0,2731619,2731618,2731360,10239
1724,2560843,2732886,10860,2732094,2732411,2732410,2732090,10239
1725,2560846,2560088,11270,11157,2497574,2497569,2732396,10239
1726,2560847,2943016,2943001,0,2731619,2731618,2731360,10239
1727,2560848,2560222,2943001,0,2731619,2731618,2731360,10239
1728,2562285,2907134,49546,200644,117743,976,0,2
1729,2565781,2856051,2856054,2856053,2856052,1462430,0,2157
1730,256618,256616,2813035,356,28211,1224,0,2
1731,2567881,169133,1268,85006,1760,201174,0,2
1732,2567896,55,49,3031712,0,2818505,0,2
1733,2567941,2675233,186817,1385,91061,1239,0,2
1734,256821,256818,85023,85006,1760,201174,0,2
1735,2569541,2886823,2886822,3024411,3031451,200940,0,2
1736,2570561,49277,49546,200644,117743,976,0,2
1737,2570586,2716172,1328881,766,28211,1224,0,2
1738,2576307,44258,31979,186802,186801,1239,0,2
1739,2576756,2576755,216572,186802,186801,1239,0,2
1740,2576891,2576890,134623,415000,414999,74201,0,2
1741,257708,125216,433,204441,28211,1224,0,2
1742,2579935,2815296,543,91347,1236,1224,0,2
1743,2579971,2683599,31989,204455,28211,1224,0,2
1744,2582419,39948,31977,1843489,909932,1239,0,2
1745,2582913,2813803,2066491,2066490,28211,1224,0,2
1746,2583377,456492,186822,1385,91061,1239,0,2
1747,2583452,2749267,128827,526525,526524,1239,0,2
1748,2583587,2913017,49546,200644,117743,976,0,2
1749,2583823,2950010,194924,213115,3031449,200940,0,2
1750,2584122,2706948,49546,200644,117743,976,0,2
1751,2586965,2974824,2974823,2974822,2974821,192989,0,2157
1752,2587163,252301,2854170,204455,28211,1224,0,2
1753,2587410,2609811,35718,5139,147550,4890,4751,2759
1754,2587808,157920,85017,85006,1760,201174,0,2
1755,2587842,387095,2854170,204455,28211,1224,0,2
1756,2588299,93682,2854170,204455,28211,1224,0,2
1757,2588534,16,32011,32003,28216,1224,0,2
1758,2588711,2795377,31989,204455,28211,1224,0,2
1759,2590900,2760873,2760872,171549,200643,976,0,2
1760,2591109,2706000,2705999,0,28216,1224,0,2
1761,2592345,376469,84566,200666,117747,976,0,2
1762,2592382,2944627,186817,1385,91061,1239,0,2
1763,2593652,2920444,186817,1385,91061,1239,0,2
1764,2593653,2838250,2813035,356,28211,1224,0,2
1765,2594003,1231242,41295,204441,28211,1224,0,2
1766,2594042,2732160,3049164,3049163,3049162,1655434,0,2157
1767,2594795,240411,119060,80840,28216,1224,0,2
1768,2594883,2785518,186817,1385,91061,1239,0,2
1769,2596890,2897349,2897348,2897347,2897345,203682,0,2
1770,2596912,1649454,85023,85006,1760,201174,0,2
1771,2596916,96492,85023,85006,1760,201174,0,2
1772,2597660,741759,0,85007,1760,201174,0,2
1773,2598579,2731450,1914233,2691355,203683,203682,0,2
1774,2598861,2893057,186817,1385,91061,1239,0,2
1775,259901,1623274,0,0,2731619,2731618,2731360,10239
1776,2599293,427753,85023,85006,1760,201174,0,2
1777,2599296,2816884,31989,204455,28211,1224,0,2
1778,2599308,1848399,31979,186802,186801,1239,0,2
1779,2600177,2946507,2946505,1779134,28221,0,0,2
1780,260149,2842766,2946170,0,2731619,2731618,2731360,10239
1781,2601575,2601574,44746,1921002,28211,1224,0,2
1782,2601646,2601645,775,766,28211,1224,0,2
1783,2601668,2601651,44746,1921002,28211,1224,0,2
1784,2601677,2682228,2682227,2682226,2682225,200795,0,2
1785,2601894,1217416,1706372,1706369,1236,1224,0,2
1786,2601898,1344552,75682,80840,28216,1224,0,2
1787,2602016,2705399,41295,204441,28211,1224,0,2
1788,2603206,626119,1331736,85006,1760,201174,0,2
1789,260373,2733115,0,0,2731619,2731618,2731360,10239
1790,2605946,2831925,31989,204455,28211,1224,0,2
1791,2606626,2815786,2005473,171549,200643,976,0,2
1792,2607662,2607661,0,2182,183939,28890,0,2157
1793,2610895,1918454,0,186802,186801,1239,0,2
1794,2613965,2613960,31989,204455,28211,1224,0,2
1795,2614693,267849,135620,135619,1236,1224,0,2
1796,261726,1198976,0,0,2731619,2731618,2731360,10239
1797,261964,261963,1920240,2887327,1236,1224,0,2
1798,264636,2147,2146,186329,31969,544448,0,2
1799,264729,1198139,0,0,2731619,2731618,2731360,10239
1800,2651284,2651279,186817,1385,91061,1239,0,2
1801,2652177,106146,506,80840,28216,1224,0,2
1802,2652803,2817383,0,0,1236,1224,0,2
1803,265294,10492,10486,2732555,2732523,2732007,2732005,10239
1804,2653507,2842730,2731691,0,2731619,2731618,2731360,10239
1805,2654547,1926259,85016,85006,1760,201174,0,2
1806,265606,265488,2691357,2691354,203683,203682,0,2
1807,265877,2948819,69973,2732544,2732461,2732406,2732396,10239
1808,265883,28884,135616,72273,1236,1224,0,2
1809,266,265,31989,204455,28211,1224,0,2
1810,266009,81682,32011,32003,28216,1224,0,2
1811,2661630,2893036,135620,135619,1236,1224,0,2
1812,2662261,1911549,31957,85009,1760,201174,0,2
1813,2662283,2943013,2943001,0,2731619,2731618,2731360,10239
1814,2663022,74385,186817,1385,91061,1239,0,2
1815,2665156,2831665,0,0,0,95818,0,2
1816,2665642,2893576,2070,85010,1760,201174,0,2
1817,2666138,2834348,216572,186802,186801,1239,0,2
1818,266809,266808,2854170,204455,28211,1224,0,2
1819,266951,1855416,335929,204457,28211,1224,0,2
1820,2674991,329857,186822,1385,91061,1239,0,2
1821,2674997,2674996,89373,768507,768503,976,0,2
1822,2675053,2781120,135616,72273,1236,1224,0,2
1823,2675054,2781121,135616,72273,1236,1224,0,2
1824,2675298,1778653,2772226,32003,28216,1224,0,2
1825,2675331,283785,49546,200644,117743,976,0,2
1826,2675754,2828348,1331736,85006,1760,201174,0,2
1827,2676868,2836216,563835,1853229,1853228,976,0,2
1828,2681470,2822114,809,51291,204429,204428,0,2
1829,2681766,2678352,1471398,1970189,200643,976,0,2
1830,2682456,29465,31977,1843489,909932,1239,0,2
1831,2682776,2981344,1643826,1643822,84998,201174,0,2
1832,2682810,2899804,972,53433,186801,1239,0,2
1833,2683272,2768738,2898533,135619,1236,1224,0,2
1834,2683284,3050722,31989,204455,28211,1224,0,2
1835,2683590,1433997,85023,85006,1760,201174,0,2
1836,2684113,3049269,0,415001,414999,74201,0,2
1837,2686077,286104,49546,200644,117743,976,0,2
1838,2686094,2768684,76892,204458,28211,1224,0,2
1839,2686365,261827,49546,200644,117743,976,0,2
1840,268748,2731983,2731643,0,2731619,2731618,2731360,10239
1841,2690837,84111,1643826,1643822,84998,201174,0,2
1842,269145,1511859,1511858,2732557,2732529,2732008,2732005,10239
1843,2692125,2888879,2049,2037,1760,201174,0,2
1844,2692330,1434002,31989,204455,28211,1224,0,2
1845,2692425,289201,186817,1385,91061,1239,0,2
1846,269261,269260,2771472,213849,3031852,29547,0,2
1847,2696063,1843210,186803,186802,186801,1239,0,2
1848,2696356,2843348,0,0,2731619,2731618,2731360,10239
1849,269673,2077,186821,1385,91061,1239,0,2
1850,2697032,54066,0,80840,28216,1224,0,2
1851,2697033,3027666,433,204441,28211,1224,0,2
1852,2697043,2907187,2907186,2907185,2907184,134625,0,2
1853,2697363,50709,433,204441,28211,1224,0,2
1854,2698458,1649474,1853232,768507,768503,976,0,2
1855,2698684,1861863,568386,1775403,1236,1224,0,2
1856,2699430,2828366,1046,135613,1236,1224,0,2
1857,2704465,455076,89373,768507,768503,976,0,2
1858,2704468,228398,2062,85011,1760,201174,0,2
1859,2706014,2795692,2795691,235899,3031852,29547,0,2
1860,2706523,2842928,10811,2732539,2732424,2732416,2732092,10239
1861,270673,2948768,0,0,2731619,2731618,2731360,10239
1862,2706887,1471399,1471398,1970189,200643,976,0,2
1863,2707525,2911469,203557,48461,203494,74201,0,2
1864,2708082,1546255,85015,85009,1760,201174,0,2
1865,2708110,444051,49546,200644,117743,976,0,2
1866,2708301,2678529,1706372,1706369,1236,1224,0,2
1867,270918,143222,49546,200644,117743,976,0,2
1868,2709410,3031933,186803,186802,186801,1239,0,2
1869,271065,2822410,403,135618,1236,1224,0,2
1870,2710758,2922426,2922432,2364208,2364196,200795,0,2
1871,2711215,2676233,41297,204457,28211,1224,0,2
1872,2711231,1348508,203557,48461,203494,74201,0,2
1873,2712222,169055,0,356,28211,1224,0,2
1874,2712698,2712688,69277,356,28211,1224,0,2
1875,2714353,2892396,216572,186802,186801,1239,0,2
1876,2714358,2892397,216572,186802,186801,1239,0,2
1877,2714927,156973,2005520,171549,200643,976,0,2
1878,2714937,1085622,31957,85009,1760,201174,0,2
1879,2714941,367298,85021,85006,1760,201174,0,2
1880,2714952,683756,80864,80840,28216,1224,0,2
1881,2715131,2858886,2858885,768507,768503,976,0,2
1882,2715678,2772198,2772226,32003,28216,1224,0,2
1883,2715679,2811506,2811505,2811503,2811502,40117,0,2
1884,2715735,2715734,2715733,0,0,0,0,2
1885,2716227,2885697,85018,85006,1760,201174,0,2
1886,2716812,2994361,74712,85013,1760,201174,0,2
1887,2718,2717,868,135615,1236,1224,0,2
1888,2719989,2834378,137,136,203692,203691,0,2
1889,272131,1177,1162,1161,3028117,1117,0,2
1890,2721545,1792291,1706371,1706369,1236,1224,0,2
1891,2722751,28263,2049,2037,1760,201174,0,2
1892,2724,2723,69657,2800060,28211,1224,0,2
1893,2725558,2709685,41297,204457,28211,1224,0,2
1894,2726954,1266,31979,186802,186801,1239,0,2
1895,2728021,75654,75682,80840,28216,1224,0,2
1896,2728827,53365,28056,85008,1760,201174,0,2
1897,2728835,518753,203557,48461,203494,74201,0,2
1898,27289,278028,4893,4892,4891,4890,4751,2759
1899,2729421,482460,186817,1385,91061,1239,0,2
1900,2731208,2731207,0,0,2731619,2731618,2731360,10239
1901,2731377,2838170,1491775,186802,186801,1239,0,2
1902,2731755,2425,1706371,1706369,1236,1224,0,2
1903,2732067,2803845,2803844,32003,28216,1224,0,2
1904,2732163,131079,119060,80840,28216,1224,0,2
1905,2732591,2732589,2842327,0,2731619,2731618,2731360,10239
1906,2732655,2732653,2732652,2732547,2732423,2732416,2732092,10239
1907,2732707,2732693,2731643,0,2731619,2731618,2731360,10239
1908,2732762,2732675,2731643,0,2731619,2731618,2731360,10239
1909,2732775,2732676,2731643,0,2731619,2731618,2731360,10239
1910,2732786,2732677,2731643,0,2731619,2731618,2731360,10239
1911,2733315,2731672,2731643,0,2731619,2731618,2731360,10239
1912,2733321,2731671,2731643,0,2731619,2731618,2731360,10239
1913,2733322,2731673,2731643,0,2731619,2731618,2731360,10239
1914,2733323,2731674,2731643,0,2731619,2731618,2731360,10239
1915,2733327,2731675,2731643,0,2731619,2731618,2731360,10239
1916,2733328,2731676,2731643,0,2731619,2731618,2731360,10239
1917,2733333,2731677,2731643,0,2731619,2731618,2731360,10239
1918,2733334,2732920,2731643,0,2731619,2731618,2731360,10239
1919,2733335,2732921,2731643,0,2731619,2731618,2731360,10239
1920,2733346,2732922,2731643,0,2731619,2731618,2731360,10239
1921,2733347,2732923,2731643,0,2731619,2731618,2731360,10239
1922,2733363,2732909,2731643,0,2731619,2731618,2731360,10239
1923,2733365,2732910,2731643,0,2731619,2731618,2731360,10239
1924,2733367,2732911,2731643,0,2731619,2731618,2731360,10239
1925,2733369,2732912,2731643,0,2731619,2731618,2731360,10239
1926,2733371,2732913,2731643,0,2731619,2731618,2731360,10239
1927,2733372,2732914,2731643,0,2731619,2731618,2731360,10239
1928,2733373,2732915,2731643,0,2731619,2731618,2731360,10239
1929,2733375,2732916,2731643,0,2731619,2731618,2731360,10239
1930,2733377,2732917,2731643,0,2731619,2731618,2731360,10239
1931,2733575,2732918,2731643,0,2731619,2731618,2731360,10239
1932,2733578,2732925,2731643,0,2731619,2731618,2731360,10239
1933,2733580,2732927,2731643,0,2731619,2731618,2731360,10239
1934,2733589,2732929,2731643,0,2731619,2731618,2731360,10239
1935,2733591,2732930,2731643,0,2731619,2731618,2731360,10239
1936,2733593,2732931,2731643,0,2731619,2731618,2731360,10239
1937,2733595,2732932,2731643,0,2731619,2731618,2731360,10239
1938,2733596,2732933,2731643,0,2731619,2731618,2731360,10239
1939,2733597,2732937,2731643,0,2731619,2731618,2731360,10239
1940,2733608,2732938,2731643,0,2731619,2731618,2731360,10239
1941,2733609,2732939,2731643,0,2731619,2731618,2731360,10239
1942,2733611,2732678,2731643,0,2731619,2731618,2731360,10239
1943,2733614,2732679,2731643,0,2731619,2731618,2731360,10239
1944,2733615,2732680,2731643,0,2731619,2731618,2731360,10239
1945,2733616,2732681,2731643,0,2731619,2731618,2731360,10239
1946,2733617,2732682,2731643,0,2731619,2731618,2731360,10239
1947,2733625,2732684,2731643,0,2731619,2731618,2731360,10239
1948,2733629,2732685,2731643,0,2731619,2731618,2731360,10239
1949,2733640,2732686,2731643,0,2731619,2731618,2731360,10239
1950,2733648,2732687,2731643,0,2731619,2731618,2731360,10239
1951,2733651,2732688,2731643,0,2731619,2731618,2731360,10239
1952,2733653,2732689,2731643,0,2731619,2731618,2731360,10239
1953,2733655,2732690,2731643,0,2731619,2731618,2731360,10239
1954,2733657,2732691,2731643,0,2731619,2731618,2731360,10239
1955,2733662,2732692,2731643,0,2731619,2731618,2731360,10239
1956,273376,3062336,2791015,136,203692,203691,0,2
1957,273384,1696,85019,85006,1760,201174,0,2
1958,2733884,110456,2731643,0,2731619,2731618,2731360,10239
1959,2733886,2732694,2731643,0,2731619,2731618,2731360,10239
1960,2733887,2732695,2731643,0,2731619,2731618,2731360,10239
1961,2733888,2731926,2731643,0,2731619,2731618,2731360,10239
1962,2733890,2731928,2731643,0,2731619,2731618,2731360,10239
1963,2733892,2731929,2731643,0,2731619,2731618,2731360,10239
1964,2733894,2731931,2731643,0,2731619,2731618,2731360,10239
1965,2733895,2731932,2731643,0,2731619,2731618,2731360,10239
1966,2733897,2731933,2731643,0,2731619,2731618,2731360,10239
1967,2733899,2731935,2731643,0,2731619,2731618,2731360,10239
1968,2733902,2731936,2731643,0,2731619,2731618,2731360,10239
1969,2733904,2731937,2731643,0,2731619,2731618,2731360,10239
1970,2733905,2731938,2731643,0,2731619,2731618,2731360,10239
1971,2733916,2731941,2731643,0,2731619,2731618,2731360,10239
1972,2733918,2731942,2731643,0,2731619,2731618,2731360,10239
1973,2733920,2731943,2731643,0,2731619,2731618,2731360,10239
1974,2733922,2731945,2731643,0,2731619,2731618,2731360,10239
1975,2733923,2731946,2731643,0,2731619,2731618,2731360,10239
1976,2733924,2731947,2731643,0,2731619,2731618,2731360,10239
1977,2733925,2731948,2731643,0,2731619,2731618,2731360,10239
1978,2733926,2731949,2731643,0,2731619,2731618,2731360,10239
1979,2733927,2731950,2731643,0,2731619,2731618,2731360,10239
1980,2733928,2731951,2731643,0,2731619,2731618,2731360,10239
1981,2733930,2731955,2731643,0,2731619,2731618,2731360,10239
1982,2733931,2731956,2731643,0,2731619,2731618,2731360,10239
1983,2733932,2731957,2731643,0,2731619,2731618,2731360,10239
1984,2733936,2731958,2731643,0,2731619,2731618,2731360,10239
1985,2733939,2731961,2731643,0,2731619,2731618,2731360,10239
1986,2733941,2731963,2731643,0,2731619,2731618,2731360,10239
1987,2733944,2731966,2731643,0,2731619,2731618,2731360,10239
1988,2733946,2731967,2731643,0,2731619,2731618,2731360,10239
1989,2733947,2731968,2731643,0,2731619,2731618,2731360,10239
1990,2733949,2731970,2731643,0,2731619,2731618,2731360,10239
1991,2733953,2731972,2731643,0,2731619,2731618,2731360,10239
1992,2733954,2731973,2731643,0,2731619,2731618,2731360,10239
1993,2733955,2731974,2731643,0,2731619,2731618,2731360,10239
1994,2733956,2731975,2731643,0,2731619,2731618,2731360,10239
1995,2733958,2731977,2731643,0,2731619,2731618,2731360,10239
1996,2733960,2731979,2731643,0,2731619,2731618,2731360,10239
1997,2733963,2731981,2731643,0,2731619,2731618,2731360,10239
1998,2733965,2731982,2731643,0,2731619,2731618,2731360,10239
1999,2733967,2731985,2731643,0,2731619,2731618,2731360,10239
2000,2733970,2731989,2731643,0,2731619,2731618,2731360,10239
2001,2733971,2732960,2731689,0,2731619,2731618,2731360,10239
2002,2733973,2732961,2731689,0,2731619,2731618,2731360,10239
2003,2733974,2732962,2731689,0,2731619,2731618,2731360,10239
2004,2733975,2732963,2731689,0,2731619,2731618,2731360,10239
2005,2733976,2732964,2731689,0,2731619,2731618,2731360,10239
2006,2733978,2732965,2731689,0,2731619,2731618,2731360,10239
2007,2733994,2732966,2731690,0,2731619,2731618,2731360,10239
2008,2733996,2732037,2731690,0,2731619,2731618,2731360,10239
2009,2733998,2732038,2731690,0,2731619,2731618,2731360,10239
2010,2734,2733,543349,186802,186801,1239,0,2
2011,2734000,2732061,2731691,0,2731619,2731618,2731360,10239
2012,2734002,2732063,2731691,0,2731619,2731618,2731360,10239
2013,2734004,2732064,2731691,0,2731619,2731618,2731360,10239
2014,2734005,2732065,2731691,0,2731619,2731618,2731360,10239
2015,2734007,2732066,2731691,0,2731619,2731618,2731360,10239
2016,2734018,2732068,2731691,0,2731619,2731618,2731360,10239
2017,2734020,2732086,2731691,0,2731619,2731618,2731360,10239
2018,2734029,2732049,2731691,0,2731619,2731618,2731360,10239
2019,2734030,2732050,2731691,0,2731619,2731618,2731360,10239
2020,2734031,2732051,2731691,0,2731619,2731618,2731360,10239
2021,2734046,2732969,2560065,0,2731619,2731618,2731360,10239
2022,2734048,2732970,2560065,0,2731619,2731618,2731360,10239
2023,2734053,2732971,2560065,0,2731619,2731618,2731360,10239
2024,2734056,2732975,2946167,0,2731619,2731618,2731360,10239
2025,2734057,2732976,2946167,0,2731619,2731618,2731360,10239
2026,2734061,2732979,2946167,0,2731619,2731618,2731360,10239
2027,2734062,2948695,2946167,0,2731619,2731618,2731360,10239
2028,2734063,2732980,2946167,0,2731619,2731618,2731360,10239
2029,2734065,2732982,2946167,0,2731619,2731618,2731360,10239
2030,2734067,2732983,2946167,0,2731619,2731618,2731360,10239
2031,2734068,2732985,2946167,0,2731619,2731618,2731360,10239
2032,2734069,2732986,2946167,0,2731619,2731618,2731360,10239
2033,2734070,2732987,2946167,0,2731619,2731618,2731360,10239
2034,2734071,2732988,2946167,0,2731619,2731618,2731360,10239
2035,2734072,2732989,2946167,0,2731619,2731618,2731360,10239
2036,2734073,2732990,2946167,0,2731619,2731618,2731360,10239
2037,2734074,2733081,2946167,0,2731619,2731618,2731360,10239
2038,2734076,2733084,2946167,0,2731619,2731618,2731360,10239
2039,2734077,2733085,2946167,0,2731619,2731618,2731360,10239
2040,2734078,2733086,2946160,0,2731619,2731618,2731360,10239
2041,2734079,2733087,2946160,0,2731619,2731618,2731360,10239
2042,2734081,2733088,0,0,2731619,2731618,2731360,10239
2043,2734082,2733089,0,0,2731619,2731618,2731360,10239
2044,2734083,2733090,2946160,0,2731619,2731618,2731360,10239
2045,2734084,2733091,0,0,2731619,2731618,2731360,10239
2046,2734085,2733092,2946160,0,2731619,2731618,2731360,10239
2047,2734088,2733093,0,0,2731619,2731618,2731360,10239
2048,2734089,2733094,0,0,2731619,2731618,2731360,10239
2049,2734093,2733095,0,0,2731619,2731618,2731360,10239
2050,2734095,2733096,2946160,0,2731619,2731618,2731360,10239
2051,2734096,2733097,0,0,2731619,2731618,2731360,10239
2052,2734097,2733098,2946160,0,2731619,2731618,2731360,10239
2053,2734101,2733099,0,0,2731619,2731618,2731360,10239
2054,2734102,2733100,2946160,0,2731619,2731618,2731360,10239
2055,2734103,2733101,2946160,0,2731619,2731618,2731360,10239
2056,2734105,2733103,0,0,2731619,2731618,2731360,10239
2057,2734108,2733104,0,0,2731619,2731618,2731360,10239
2058,2734109,2733105,0,0,2731619,2731618,2731360,10239
2059,2734110,2733106,0,0,2731619,2731618,2731360,10239
2060,2734111,2733107,2946160,0,2731619,2731618,2731360,10239
2061,2734112,2733108,0,0,2731619,2731618,2731360,10239
2062,2734114,2733109,2946160,0,2731619,2731618,2731360,10239
2063,2734115,2733110,2946160,0,2731619,2731618,2731360,10239
2064,2734116,2733111,0,0,2731619,2731618,2731360,10239
2065,2734117,2733112,0,0,2731619,2731618,2731360,10239
2066,2734118,2733113,2946160,0,2731619,2731618,2731360,10239
2067,2734119,2733114,0,0,2731619,2731618,2731360,10239
2068,2734120,2733116,2946160,0,2731619,2731618,2731360,10239
2069,2734121,2733117,2946160,0,2731619,2731618,2731360,10239
2070,2734124,2733118,2946160,0,2731619,2731618,2731360,10239
2071,2734125,2733119,2946160,0,2731619,2731618,2731360,10239
2072,2734126,2733120,2946160,0,2731619,2731618,2731360,10239
2073,2734127,2733121,2946160,0,2731619,2731618,2731360,10239
2074,2734129,2733123,0,0,2731619,2731618,2731360,10239
2075,2734131,2733124,0,0,2731619,2731618,2731360,10239
2076,2734134,2733125,2946160,0,2731619,2731618,2731360,10239
2077,2734135,2733126,0,0,2731619,2731618,2731360,10239
2078,2734136,2733127,0,0,2731619,2731618,2731360,10239
2079,2734140,2733129,2946160,0,2731619,2731618,2731360,10239
2080,2734142,2733130,0,0,2731619,2731618,2731360,10239
2081,2734143,2733131,0,0,2731619,2731618,2731360,10239
2082,2734144,2733132,0,0,2731619,2731618,2731360,10239
2083,2734145,2733133,0,0,2731619,2731618,2731360,10239
2084,2734146,2733134,0,0,2731619,2731618,2731360,10239
2085,2734147,2733135,2946160,0,2731619,2731618,2731360,10239
2086,2734148,2733136,2946160,0,2731619,2731618,2731360,10239
2087,2734149,2733137,2946160,0,2731619,2731618,2731360,10239
2088,2734150,2733138,0,0,2731619,2731618,2731360,10239
2089,2734151,2733139,2946160,0,2731619,2731618,2731360,10239
2090,2734153,2733140,0,0,2731619,2731618,2731360,10239
2091,2734154,2733141,0,0,2731619,2731618,2731360,10239
2092,2734158,2733142,0,0,2731619,2731618,2731360,10239
2093,2734159,2948761,0,0,2731619,2731618,2731360,10239
2094,2734160,2733145,0,0,2731619,2731618,2731360,10239
2095,2734186,2733146,2842329,0,2731619,2731618,2731360,10239
2096,2734187,2733148,2842329,0,2731619,2731618,2731360,10239
2097,2734188,2733149,0,0,2731619,2731618,2731360,10239
2098,2734190,2733150,0,0,2731619,2731618,2731360,10239
2099,2734191,2733151,0,0,2731619,2731618,2731360,10239
2100,2734192,2733152,0,0,2731619,2731618,2731360,10239
2101,2734194,2733153,0,0,2731619,2731618,2731360,10239
2102,2734199,2733156,0,0,2731619,2731618,2731360,10239
2103,2734202,2733157,0,0,2731619,2731618,2731360,10239
2104,2734203,2733158,0,0,2731619,2731618,2731360,10239
2105,2734204,2733159,0,0,2731619,2731618,2731360,10239
2106,2734207,2733160,0,0,2731619,2731618,2731360,10239
2107,2734208,2733161,0,0,2731619,2731618,2731360,10239
2108,2734211,2733162,0,0,2731619,2731618,2731360,10239
2109,2734213,2733163,0,0,2731619,2731618,2731360,10239
2110,2734214,2733164,0,0,2731619,2731618,2731360,10239
2111,2734215,2733165,0,0,2731619,2731618,2731360,10239
2112,2734216,2733166,0,0,2731619,2731618,2731360,10239
2113,2734217,2733167,0,0,2731619,2731618,2731360,10239
2114,2734218,2733168,0,0,2731619,2731618,2731360,10239
2115,2734220,2733169,0,0,2731619,2731618,2731360,10239
2116,2734222,2733170,0,0,2731619,2731618,2731360,10239
2117,2734227,2733171,0,0,2731619,2731618,2731360,10239
2118,2734229,2733172,0,0,2731619,2731618,2731360,10239
2119,2734230,2733173,0,0,2731619,2731618,2731360,10239
2120,2734231,2733174,0,0,2731619,2731618,2731360,10239
2121,2734233,2733175,0,0,2731619,2731618,2731360,10239
2122,2734235,2733176,0,0,2731619,2731618,2731360,10239
2123,2734236,2733177,0,0,2731619,2731618,2731360,10239
2124,2734237,2733178,0,0,2731619,2731618,2731360,10239
2125,2734238,2733179,0,0,2731619,2731618,2731360,10239
2126,2734239,2733180,0,0,2731619,2731618,2731360,10239
2127,2734240,2733181,0,0,2731619,2731618,2731360,10239
2128,2734241,2733182,0,0,2731619,2731618,2731360,10239
2129,2734242,2733184,0,0,2731619,2731618,2731360,10239
2130,2734243,2733185,0,0,2731619,2731618,2731360,10239
2131,2734244,2733186,0,0,2731619,2731618,2731360,10239
2132,2734245,2733187,0,0,2731619,2731618,2731360,10239
2133,2734246,2733188,0,0,2731619,2731618,2731360,10239
2134,2734247,2733189,0,0,2731619,2731618,2731360,10239
2135,2734248,2733190,0,0,2731619,2731618,2731360,10239
2136,2734249,2733191,0,0,2731619,2731618,2731360,10239
2137,2734250,2733192,0,0,2731619,2731618,2731360,10239
2138,2734251,2733193,0,0,2731619,2731618,2731360,10239
2139,2734252,2733194,0,0,2731619,2731618,2731360,10239
2140,2734254,2733195,0,0,2731619,2731618,2731360,10239
2141,2734259,2733197,0,0,2731619,2731618,2731360,10239
2142,2734261,2733198,0,0,2731619,2731618,2731360,10239
2143,2734262,2733199,0,0,2731619,2731618,2731360,10239
2144,2734265,186914,2946185,2942677,2731619,2731618,2731360,10239
2145,2734267,2733203,0,0,2731619,2731618,2731360,10239
2146,2734268,2733204,0,0,2731619,2731618,2731360,10239
2147,2734269,2733205,0,0,2731619,2731618,2731360,10239
2148,2734271,2733206,0,0,2731619,2731618,2731360,10239
2149,2734272,2733207,0,0,2731619,2731618,2731360,10239
2150,2734273,2733208,0,0,2731619,2731618,2731360,10239
2151,2734274,2733209,0,0,2731619,2731618,2731360,10239
2152,2734275,2733210,0,0,2731619,2731618,2731360,10239
2153,2734276,2733211,0,0,2731619,2731618,2731360,10239
2154,2734277,2733212,0,0,2731619,2731618,2731360,10239
2155,2734278,2733213,0,0,2731619,2731618,2731360,10239
2156,2734279,2733214,0,0,2731619,2731618,2731360,10239
2157,2734280,2733215,0,0,2731619,2731618,2731360,10239
2158,2734283,2733216,0,0,2731619,2731618,2731360,10239
2159,2734284,2733218,0,0,2731619,2731618,2731360,10239
2160,2734286,2733219,0,0,2731619,2731618,2731360,10239
2161,2734287,2733220,2946162,0,2731619,2731618,2731360,10239
2162,2734291,2733221,0,0,2731619,2731618,2731360,10239
2163,2734292,2733222,0,0,2731619,2731618,2731360,10239
2164,2734351,2733237,2732890,2732544,2732461,2732406,2732396,10239
2165,2734373,2733246,11270,11157,2497574,2497569,2732396,10239
2166,2734374,2733247,11270,11157,2497574,2497569,2732396,10239
2167,2734396,2733252,11270,11157,2497574,2497569,2732396,10239
2168,2734398,2733253,11270,11157,2497574,2497569,2732396,10239
2169,2734407,2733254,11270,11157,2497574,2497569,2732396,10239
2170,2734410,2733255,11270,11157,2497574,2497569,2732396,10239
2171,2734484,2733260,1980418,1980410,2497576,2497569,2732396,10239
2172,2734500,2733262,2732894,76804,2732506,2732408,2732396,10239
2173,2734501,2733263,2732895,76804,2732506,2732408,2732396,10239
2174,2734502,2733264,2732896,76804,2732506,2732408,2732396,10239
2175,2734512,2733265,2732898,76804,2732506,2732408,2732396,10239
2176,2734513,2733266,2732899,76804,2732506,2732408,2732396,10239
2177,2734535,2733273,12058,464095,2732506,2732408,2732396,10239
2178,2734536,2733274,12058,464095,2732506,2732408,2732396,10239
2179,2734555,2733283,12058,464095,2732506,2732408,2732396,10239
2180,2734566,2733294,2732900,0,0,0,0,10239
2181,2734572,2733295,10240,2732527,2732525,2732007,2732005,10239
2182,2734573,2733296,10240,2732527,2732525,2732007,2732005,10239
2183,2734576,2733299,10240,2732527,2732525,2732007,2732005,10239
2184,2734584,341939,10477,1511857,2841637,2840024,2840023,10239
2185,2734587,2169631,1458186,0,0,0,0,10239
2186,2734588,2169632,1458186,0,0,0,0,10239
2187,2734591,2733303,2732901,0,0,0,0,10239
2188,2734593,2733304,2732903,0,0,0,0,10239
2189,27350,5296,5262,5258,162484,5204,4751,2759
2190,2735133,881616,85023,85006,1760,201174,0,2
2191,2735436,2903100,2146,186329,31969,544448,0,2
2192,2735562,2900570,2900569,2900568,0,221235,0,2
2193,2735563,1030,135617,72273,1236,1224,0,2
2194,2736,2735,203557,48461,203494,74201,0,2
2195,273810,699181,2946186,2732541,2732459,2732405,2732396,10239
2196,2738883,2738850,0,0,1236,1224,0,2
2197,2739061,400947,1499392,206351,28216,1224,0,2
2198,2739434,230666,1499392,206351,28216,1224,0,2
2199,274,270,188786,68933,188787,1297,0,2
2200,2740163,51194,2886822,3024411,3031451,200940,0,2
2201,2740515,223785,292630,213849,3031852,29547,0,2
2202,2740807,406099,72276,135613,1236,1224,0,2
2203,2741717,2169613,0,0,2731619,2731618,2731360,10239
2204,2742145,1594166,69277,356,28211,1224,0,2
2205,2742204,1485594,45401,356,28211,1224,0,2
2206,2742683,2807497,2807496,485256,186801,1239,0,2
2207,2743,2742,2887365,72274,1236,1224,0,2
2208,2743090,43927,1963271,1644055,183963,28890,0,2157
2209,2743772,1502725,186823,1385,91061,1239,0,2
2210,2744027,2987594,49546,200644,117743,976,0,2
2211,2744479,2834759,267888,135622,1236,1224,0,2
2212,2745133,2733226,10780,2732534,2732422,2732415,2732092,10239
2213,2745197,299566,1853232,768507,768503,976,0,2
2214,2746,2745,28256,135619,1236,1224,0,2
2215,2746072,2946834,2946162,0,2731619,2731618,2731360,10239
2216,2746925,2733239,2501986,11157,2497574,2497569,2732396,10239
2217,2747210,10911,2946187,2732541,2732459,2732405,2732396,10239
2218,2747319,1911604,1911603,2732451,2732449,2732448,2732093,10239
2219,2747323,1911605,1911603,2732451,2732449,2732448,2732093,10239
2220,2747343,1911606,1911603,2732451,2732449,2732448,2732093,10239
2221,2747493,2733251,11270,11157,2497574,2497569,2732396,10239
2222,2748098,2831955,31989,204455,28211,1224,0,2
2223,2748760,2733154,0,0,2731619,2731618,2731360,10239
2224,2748764,186794,0,0,2731619,2731618,2731360,10239
2225,2748958,2733256,1980418,1980410,2497576,2497569,2732396,10239
2226,2748968,2733249,11270,11157,2497574,2497569,2732396,10239
2227,2749086,2004661,2800061,2800059,28211,1224,0,2
2228,2749931,352476,2732902,0,0,0,0,10239
2229,2751313,2786989,2786988,2786987,186801,1239,0,2
2230,2755338,3051499,186814,68295,186801,1239,0,2
2231,2756,2755,186820,1385,91061,1239,0,2
2232,2758038,2944826,31989,204455,28211,1224,0,2
2233,2758041,414371,255475,356,28211,1224,0,2
2234,2758440,2912996,2049,2037,1760,201174,0,2
2235,2758442,458839,85016,85006,1760,201174,0,2
2236,2759707,2883109,2820280,204457,28211,1224,0,2
2237,2760713,649461,563835,1853229,1853228,976,0,2
2238,2761539,2842776,2731691,0,2731619,2731618,2731360,10239
2239,2761580,2828338,1333713,200644,117743,976,0,2
2240,2762277,2811380,433,204441,28211,1224,0,2
2241,2762729,2709686,41297,204457,28211,1224,0,2
2242,2763056,459786,216572,186802,186801,1239,0,2
2243,2763107,2951993,204434,204433,204432,57723,0,2
2244,2763667,2944198,186803,186802,186801,1239,0,2
2245,2763669,2944195,186803,186802,186801,1239,0,2
2246,2763670,2944152,186803,186802,186801,1239,0,2
2247,2763672,2944193,186803,186802,186801,1239,0,2
2248,2764705,2943286,90627,32003,28216,1224,0,2
2249,2767188,2715289,49546,200644,117743,976,0,2
2250,277,65551,188786,68933,188787,1297,0,2
2251,2770551,908935,145357,85006,1760,201174,0,2
2252,2771361,35812,433,204441,28211,1224,0,2
2253,2771430,335405,2820280,204457,28211,1224,0,2
2254,2772557,2894767,213121,3024411,3031451,200940,0,2
2255,2773266,110934,85023,85006,1760,201174,0,2
2256,2773299,2773294,194924,213115,3031449,200940,0,2
2257,2774151,2774146,1914233,2691355,203683,203682,0,2
2258,2775080,1647175,597359,204441,28211,1224,0,2
2259,2778876,2872156,32011,32003,28216,1224,0,2
2260,2779360,387658,49546,200644,117743,976,0,2
2261,2779519,2847307,1643824,84999,84998,201174,0,2
2262,2779527,496496,186818,1385,91061,1239,0,2
2263,2780922,2842531,216572,186802,186801,1239,0,2
2264,2781390,1330545,543,91347,1236,1224,0,2
2265,2782006,1511649,563798,768507,768503,976,0,2
2266,2782163,2975521,2975520,2975519,1912503,544448,0,2
2267,2784880,2917705,2976354,2235,183963,28890,0,2157
2268,2785025,3024823,186803,186802,186801,1239,0,2
2269,2789216,204476,335928,356,28211,1224,0,2
2270,2789776,2789775,633392,84993,84992,201174,0,2
2271,2789856,1844015,31989,204455,28211,1224,0,2
2272,2792603,1765964,72276,135613,1236,1224,0,2
2273,279280,2733147,0,0,2731619,2731618,2731360,10239
2274,2792978,2701,31953,85004,1760,201174,0,2
2275,279383,2948782,2946162,0,2731619,2731618,2731360,10239
2276,2794344,630749,1706375,1706369,1236,1224,0,2
2277,2795293,3003266,213121,3024411,3031451,200940,0,2
2278,279538,186768,2732892,2732503,2732499,2732407,2732396,10239
2279,2795690,166953,2831111,356,28211,1224,0,2
2280,2796139,1541670,0,0,0,74201,0,2
2281,2796927,189326,186814,68295,186801,1239,0,2
2282,2798577,2845254,2951104,136,203692,203691,0,2
2283,280036,63265,5268,5267,5257,5204,4751,2759
2284,280236,2013,83676,85012,1760,201174,0,2
2285,28038,2767885,33958,186826,91061,1239,0,2
2286,280473,280472,563798,768507,768503,976,0,2
2287,28049,28048,85032,1643683,1760,201174,0,2
2288,2806210,2893022,568386,1775403,1236,1224,0,2
2289,2806552,118747,128827,526525,526524,1239,0,2
2290,2806609,2900571,44746,1921002,28211,1224,0,2
2291,28068,28067,2975441,80840,28216,1224,0,2
2292,280701,1720324,0,0,2731619,2731618,2731360,10239
2293,2807096,2946607,31989,204455,28211,1224,0,2
2294,2807512,2807511,1771355,1771349,666505,203682,0,2
2295,280754,243023,34397,5125,147550,4890,4751,2759
2296,2807626,1229970,75682,80840,28216,1224,0,2
2297,28077,1543705,2829815,204441,28211,1224,0,2
2298,2809020,2898489,481,206351,28216,1224,0,2
2299,2809707,561367,49546,200644,117743,976,0,2
2300,2810512,396811,2762286,768507,768503,976,0,2
2301,2810562,497721,3031622,213118,3024418,200940,0,2
2302,2811108,2838311,85034,85014,1760,201174,0,2
2303,2811111,2920401,28056,85008,1760,201174,0,2
2304,28112,195950,2005525,171549,200643,976,0,2
2305,281120,281119,1501348,768507,768503,976,0,2
2306,2811415,1769726,75787,206389,28216,1224,0,2
2307,28118,283168,1853231,171549,200643,976,0,2
2308,28132,838,171552,171549,200643,976,0,2
2309,2813371,1505652,186804,186802,186801,1239,0,2
2310,2813578,224458,31,29,32015,2818505,0,2
2311,2815577,274470,186806,186802,186801,1239,0,2
2312,2816908,190972,0,0,1737404,1239,0,2
2313,2818388,2915177,533207,533206,533205,57723,0,2
2314,28187,28186,53434,53433,186801,1239,0,2
2315,2819238,2888818,0,85006,1760,201174,0,2
2316,28197,2321111,2808963,213849,3031852,29547,0,2
2317,28199,28196,2808963,213849,3031852,29547,0,2
2318,2820278,45402,335928,356,28211,1224,0,2
2319,2820661,2953860,49546,200644,117743,976,0,2
2320,2820710,907197,267888,135622,1236,1224,0,2
2321,2820884,2913367,83676,85012,1760,201174,0,2
2322,28223,28222,213119,213118,3024418,200940,0,2
2323,28227,2791001,2790998,2790996,0,544448,0,2
2324,28229,28228,267889,135622,1236,1224,0,2
2325,28251,28250,2762318,200644,117743,976,0,2
2326,28262,28261,2811504,2811503,2811502,40117,0,2
2327,2828656,3024226,3024225,1643687,203692,203691,0,2
2328,28295,693996,11118,76804,2732506,2732408,2732396,10239
2329,2829569,2066071,135620,135619,1236,1224,0,2
2330,2829795,2975260,2975259,200644,117743,976,0,2
2331,2829812,294702,2005520,171549,200643,976,0,2
2332,2830842,2901189,135621,72274,1236,1224,0,2
2333,2831148,2905123,72275,135622,1236,1224,0,2
2334,28321,10286,10240,2732527,2732525,2732007,2732005,10239
2335,2834459,174708,128827,526525,526524,1239,0,2
2336,2834768,354349,118882,356,28211,1224,0,2
2337,28355,119492,675071,2732544,2732461,2732406,2732396,10239
2338,2835787,1508451,2820280,204457,28211,1224,0,2
2339,283811,283810,85034,85014,1760,201174,0,2
2340,2838156,1004301,563835,1853229,1853228,976,0,2
2341,2839024,429,403,135618,1236,1224,0,2
2342,284016,20,76892,204458,28211,1224,0,2
2343,2840183,1486720,1486721,135618,1236,1224,0,2
2344,2841257,1542963,1963268,2235,183963,28890,0,2157
2345,2841264,2905967,0,0,0,95818,0,2
2346,2841282,2841276,2169529,0,2731619,2731618,2731360,10239
2347,2841283,2841277,2169529,0,2731619,2731618,2731360,10239
2348,2841302,2841280,2169529,0,2731619,2731618,2731360,10239
2349,2841303,2841281,2169529,0,2731619,2731618,2731360,10239
2350,2843215,2843200,2843199,2843198,1497346,201174,0,2
2351,2843330,457933,2690195,204441,28211,1224,0,2
2352,2843613,2842358,2842332,2842249,2842243,2732407,2732396,10239
2353,2843619,2842359,2842332,2842249,2842243,2732407,2732396,10239
2354,2843621,2842976,2842329,0,2731619,2731618,2731360,10239
2355,2843625,2843423,0,0,2731619,2731618,2731360,10239
2356,2843626,2842653,2842329,0,2731619,2731618,2731360,10239
2357,2843628,2842716,2946170,0,2731619,2731618,2731360,10239
2358,2843629,2842819,2946170,0,2731619,2731618,2731360,10239
2359,2843630,2842539,2946170,0,2731619,2731618,2731360,10239
2360,2843639,2842977,2842329,0,2731619,2731618,2731360,10239
2361,2843640,2843159,2946170,0,2731619,2731618,2731360,10239
2362,2843641,2842820,2946170,0,2731619,2731618,2731360,10239
2363,2843643,2842360,2842319,2842247,2842243,2732407,2732396,10239
2364,2843644,2842361,2842332,2842249,2842243,2732407,2732396,10239
2365,2843645,2843398,0,0,2731619,2731618,2731360,10239
2366,2843646,2843436,0,0,2731619,2731618,2731360,10239
2367,2843653,2842588,2946170,0,2731619,2731618,2731360,10239
2368,2843654,2843411,0,0,2731619,2731618,2731360,10239
2369,2843657,2842362,2842319,2842247,2842243,2732407,2732396,10239
2370,2843658,2842363,2842315,2842249,2842243,2732407,2732396,10239
2371,2843668,2842364,2842332,2842249,2842243,2732407,2732396,10239
2372,2843672,2842366,2842331,2842247,2842243,2732407,2732396,10239
2373,2843674,2842368,2597805,2842248,2842244,2732008,2732005,10239
2374,2843676,2842370,292638,0,0,0,0,10239
2375,2843679,2022739,2022738,2841641,2841637,2840024,2840023,10239
2376,2843681,2843427,0,0,2731619,2731618,2731360,10239
2377,2843682,2842543,0,0,2731619,2731618,2731360,10239
2378,2843683,2842372,2842319,2842247,2842243,2732407,2732396,10239
2379,2843684,2843404,0,0,2731619,2731618,2731360,10239
2380,2843687,2842374,2842319,2842247,2842243,2732407,2732396,10239
2381,2843690,2842375,2842319,2842247,2842243,2732407,2732396,10239
2382,2843691,2842376,2842314,2842247,2842243,2732407,2732396,10239
2383,2843692,2842377,2842331,2842247,2842243,2732407,2732396,10239
2384,2843693,2842378,2842319,2842247,2842243,2732407,2732396,10239
2385,2843695,2843464,0,0,2731619,2731618,2731360,10239
2386,2843696,2842379,2842318,2842247,2842243,2732407,2732396,10239
2387,2843700,2842380,2842332,2842249,2842243,2732407,2732396,10239
2388,2843701,2842381,2842314,2842247,2842243,2732407,2732396,10239
2389,2843704,2842848,10811,2732539,2732424,2732416,2732092,10239
2390,2843705,2842382,2842319,2842247,2842243,2732407,2732396,10239
2391,2843707,2842384,2842332,2842249,2842243,2732407,2732396,10239
2392,2843716,2842385,2842332,2842249,2842243,2732407,2732396,10239
2393,2843718,2842386,2842314,2842247,2842243,2732407,2732396,10239
2394,2843719,2842387,2842332,2842249,2842243,2732407,2732396,10239
2395,2843722,2843353,0,0,2731619,2731618,2731360,10239
2396,2843723,2843346,0,0,2731619,2731618,2731360,10239
2397,2843726,2843405,0,0,2731619,2731618,2731360,10239
2398,2843729,2843424,0,0,2731619,2731618,2731360,10239
2399,2843731,1982086,0,0,2731619,2731618,2731360,10239
2400,2843732,2843468,0,0,2731619,2731618,2731360,10239
2401,2843733,2843471,0,0,2731619,2731618,2731360,10239
2402,2843737,2842388,2842332,2842249,2842243,2732407,2732396,10239
2403,2843739,2842389,2842319,2842247,2842243,2732407,2732396,10239
2404,2843743,2842390,1883067,11157,2497574,2497569,2732396,10239
2405,2843747,2842391,157897,1511857,2841637,2840024,2840023,10239
2406,2843749,2843378,0,0,2731619,2731618,2731360,10239
2407,2843750,2842609,2842328,0,2731619,2731618,2731360,10239
2408,2843751,2842991,0,0,2731619,2731618,2731360,10239
2409,2843752,2843395,0,0,2731619,2731618,2731360,10239
2410,2843753,2843358,0,0,2731619,2731618,2731360,10239
2411,2843754,2842546,0,0,2731619,2731618,2731360,10239
2412,2843756,2842775,2560065,0,2731619,2731618,2731360,10239
2413,2843757,2843357,0,0,2731619,2731618,2731360,10239
2414,2843759,2843363,0,0,2731619,2731618,2731360,10239
2415,2843760,2842583,0,0,2731619,2731618,2731360,10239
2416,2843762,2842725,2842328,0,2731619,2731618,2731360,10239
2417,2843765,2843373,0,0,2731619,2731618,2731360,10239
2418,2843766,2842662,2560065,0,2731619,2731618,2731360,10239
2419,2843771,2842721,2842328,0,2731619,2731618,2731360,10239
2420,2843773,2842785,2842328,0,2731619,2731618,2731360,10239
2421,2843775,2842805,2842328,0,2731619,2731618,2731360,10239
2422,2843777,2842944,0,0,2731619,2731618,2731360,10239
2423,2843778,2843434,0,0,2731619,2731618,2731360,10239
2424,2843780,2843392,0,0,2731619,2731618,2731360,10239
2425,2843781,2842573,2842328,0,2731619,2731618,2731360,10239
2426,2843786,2842869,2842328,0,2731619,2731618,2731360,10239
2427,2843787,2843472,0,0,2731619,2731618,2731360,10239
2428,2843790,2843460,0,0,2731619,2731618,2731360,10239
2429,2843791,2843446,0,0,2731619,2731618,2731360,10239
2430,2843793,2842707,2560065,0,2731619,2731618,2731360,10239
2431,2843794,2842713,2560065,0,2731619,2731618,2731360,10239
2432,2843795,2842393,2842314,2842247,2842243,2732407,2732396,10239
2433,2843803,2842394,2842332,2842249,2842243,2732407,2732396,10239
2434,2843829,2842395,2842319,2842247,2842243,2732407,2732396,10239
2435,2843832,2842396,2842319,2842247,2842243,2732407,2732396,10239
2436,2843834,2842398,2842319,2842247,2842243,2732407,2732396,10239
2437,2843835,2842399,2842319,2842247,2842243,2732407,2732396,10239
2438,2843836,2842400,2842332,2842249,2842243,2732407,2732396,10239
2439,2843837,2842401,2842332,2842249,2842243,2732407,2732396,10239
2440,2843838,2842402,2842319,2842247,2842243,2732407,2732396,10239
2441,2843839,2842403,2842318,2842247,2842243,2732407,2732396,10239
2442,2843840,2842404,2597805,2842248,2842244,2732008,2732005,10239
2443,2843841,2842549,2022738,2841641,2841637,2840024,2840023,10239
2444,2843842,2842550,2842332,2842249,2842243,2732407,2732396,10239
2445,2843845,2842551,2842332,2842249,2842243,2732407,2732396,10239
2446,2843846,2843354,0,0,2731619,2731618,2731360,10239
2447,2843848,2842552,2842319,2842247,2842243,2732407,2732396,10239
2448,2843849,2842553,2842314,2842247,2842243,2732407,2732396,10239
2449,2843850,2842554,2842319,2842247,2842243,2732407,2732396,10239
2450,2843851,2842555,2842319,2842247,2842243,2732407,2732396,10239
2451,2843855,2842556,2842314,2842247,2842243,2732407,2732396,10239
2452,2843857,2842557,2842319,2842247,2842243,2732407,2732396,10239
2453,2843858,2842558,2842319,2842247,2842243,2732407,2732396,10239
2454,2843859,2842542,11270,11157,2497574,2497569,2732396,10239
2455,2843860,2842559,2842319,2842247,2842243,2732407,2732396,10239
2456,2843864,2842560,2842315,2842249,2842243,2732407,2732396,10239
2457,2843865,2842561,2169574,2732537,2732423,2732416,2732092,10239
2458,2843866,2842562,2842319,2842247,2842243,2732407,2732396,10239
2459,2843867,2842563,2501952,2499407,2497574,2497569,2732396,10239
2460,2843869,2842565,2169574,2732537,2732423,2732416,2732092,10239
2461,2843872,2842566,1883067,11157,2497574,2497569,2732396,10239
2462,2843875,2842567,573053,0,0,0,0,10239
2463,2843878,2169575,2169574,2732537,2732423,2732416,2732092,10239
2464,2843881,2842568,2842319,2842247,2842243,2732407,2732396,10239
2465,2843882,2843342,0,0,2731619,2731618,2731360,10239
2466,2843883,2842569,2842332,2842249,2842243,2732407,2732396,10239
2467,2843890,2842571,2842319,2842247,2842243,2732407,2732396,10239
2468,2843895,2842572,2842319,2842247,2842243,2732407,2732396,10239
2469,2843896,2843450,0,0,2731619,2731618,2731360,10239
2470,2843899,2842576,2842319,2842247,2842243,2732407,2732396,10239
2471,2843900,2842577,2842332,2842249,2842243,2732407,2732396,10239
2472,2843902,2842578,2842319,2842247,2842243,2732407,2732396,10239
2473,2843903,2842579,2842332,2842249,2842243,2732407,2732396,10239
2474,2843904,2842580,2842314,2842247,2842243,2732407,2732396,10239
2475,2843905,2842581,2842319,2842247,2842243,2732407,2732396,10239
2476,2843918,2842584,2842332,2842249,2842243,2732407,2732396,10239
2477,2843919,2842585,2842319,2842247,2842243,2732407,2732396,10239
2478,2843923,2842587,2842332,2842249,2842243,2732407,2732396,10239
2479,2843924,2842589,2842319,2842247,2842243,2732407,2732396,10239
2480,2843925,2842590,2842315,2842249,2842243,2732407,2732396,10239
2481,2843927,2842591,2842319,2842247,2842243,2732407,2732396,10239
2482,2843929,2842592,2842319,2842247,2842243,2732407,2732396,10239
2483,2843935,2842594,2842325,2499407,2497574,2497569,2732396,10239
2484,2843937,2842595,2842319,2842247,2842243,2732407,2732396,10239
2485,2843939,2842596,0,0,2842243,2732407,2732396,10239
2486,2843940,2842597,2842314,2842247,2842243,2732407,2732396,10239
2487,2843942,2842599,2842332,2842249,2842243,2732407,2732396,10239
2488,2843943,2842600,2842319,2842247,2842243,2732407,2732396,10239
2489,2843944,2842601,2842319,2842247,2842243,2732407,2732396,10239
2490,2843945,2842602,2842332,2842249,2842243,2732407,2732396,10239
2491,2843946,2842603,2842314,2842247,2842243,2732407,2732396,10239
2492,2843947,2842604,2501952,2499407,2497574,2497569,2732396,10239
2493,2843949,2842605,2842314,2842247,2842243,2732407,2732396,10239
2494,2843951,2842606,2842319,2842247,2842243,2732407,2732396,10239
2495,2843953,2842608,2842333,0,2731619,2731618,2731360,10239
2496,2843965,2842610,2842332,2842249,2842243,2732407,2732396,10239
2497,2843969,2843477,0,0,2731619,2731618,2731360,10239
2498,2843972,2843367,0,0,2731619,2731618,2731360,10239
2499,2843973,2843416,0,0,2731619,2731618,2731360,10239
2500,2843984,2843455,0,0,2731619,2731618,2731360,10239
2501,2843988,2842582,2842320,0,2731619,2731618,2731360,10239
2502,2843989,2842711,2842320,0,2731619,2731618,2731360,10239
2503,2843990,2842570,2842320,0,2731619,2731618,2731360,10239
2504,2843993,2843064,2842320,0,2731619,2731618,2731360,10239
2505,2843995,2842613,2842332,2842249,2842243,2732407,2732396,10239
2506,2844009,2842614,2842319,2842247,2842243,2732407,2732396,10239
2507,2844013,2842615,2842332,2842249,2842243,2732407,2732396,10239
2508,2844020,2169659,2169574,2732537,2732423,2732416,2732092,10239
2509,2844030,2842618,2842319,2842247,2842243,2732407,2732396,10239
2510,2844032,2843440,0,0,2731619,2731618,2731360,10239
2511,2844037,2842620,2501952,2499407,2497574,2497569,2732396,10239
2512,2844042,2842621,2842332,2842249,2842243,2732407,2732396,10239
2513,2844049,2842622,2842319,2842247,2842243,2732407,2732396,10239
2514,2844050,2842929,2842317,2732549,2732505,2732408,2732396,10239
2515,2844051,2842623,2842321,0,0,0,0,10239
2516,2844053,2842625,2842315,2842249,2842243,2732407,2732396,10239
2517,2844054,2842626,2842319,2842247,2842243,2732407,2732396,10239
2518,2844059,2842632,2842319,2842247,2842243,2732407,2732396,10239
2519,2844063,2842633,2842319,2842247,2842243,2732407,2732396,10239
2520,2844068,2842635,2842319,2842247,2842243,2732407,2732396,10239
2521,2844069,2842636,2842315,2842249,2842243,2732407,2732396,10239
2522,2844070,2842637,2842315,2842249,2842243,2732407,2732396,10239
2523,2844071,2842641,2842329,0,2731619,2731618,2731360,10239
2524,2844081,2842642,2842319,2842247,2842243,2732407,2732396,10239
2525,2844082,2842643,2842319,2842247,2842243,2732407,2732396,10239
2526,2844083,2842644,2842331,2842247,2842243,2732407,2732396,10239
2527,2844084,2842646,2842319,2842247,2842243,2732407,2732396,10239
2528,2844086,2842647,2842331,2842247,2842243,2732407,2732396,10239
2529,2844087,2843019,2842329,0,2731619,2731618,2731360,10239
2530,2844090,2842648,2842314,2842247,2842243,2732407,2732396,10239
2531,2844091,2842649,2842321,0,0,0,0,10239
2532,2844092,2842650,2842319,2842247,2842243,2732407,2732396,10239
2533,2844093,2842651,2842332,2842249,2842243,2732407,2732396,10239
2534,2844094,2842652,2501952,2499407,2497574,2497569,2732396,10239
2535,2844096,2842655,2842319,2842247,2842243,2732407,2732396,10239
2536,2844097,2169660,2169574,2732537,2732423,2732416,2732092,10239
2537,2844098,2169661,2169574,2732537,2732423,2732416,2732092,10239
2538,2844107,2842659,2842314,2842247,2842243,2732407,2732396,10239
2539,2844108,2842660,2842319,2842247,2842243,2732407,2732396,10239
2540,2844109,2843399,2946170,0,2731619,2731618,2731360,10239
2541,2844116,2842665,2842319,2842247,2842243,2732407,2732396,10239
2542,2844118,2842666,2842332,2842249,2842243,2732407,2732396,10239
2543,2844120,2842661,2842329,0,2731619,2731618,2731360,10239
2544,2844122,2842911,2946167,0,2731619,2731618,2731360,10239
2545,2844125,2843420,0,0,2731619,2731618,2731360,10239
2546,2844127,2843147,0,0,2731619,2731618,2731360,10239
2547,2844136,2843343,0,0,2731619,2731618,2731360,10239
2548,2844138,2842908,0,0,2731619,2731618,2731360,10239
2549,2844144,2842616,2842327,0,2731619,2731618,2731360,10239
2550,2844149,2842870,2842327,0,2731619,2731618,2731360,10239
2551,2844152,2842667,10841,2732414,2732413,2732412,2732091,10239
2552,2844153,2946822,2560063,2732504,2732500,2732407,2732396,10239
2553,2844154,2842668,2842331,2842247,2842243,2732407,2732396,10239
2554,2844160,2842671,2842332,2842249,2842243,2732407,2732396,10239
2555,2844161,2842672,2842332,2842249,2842243,2732407,2732396,10239
2556,2844164,2843122,2842329,0,2731619,2731618,2731360,10239
2557,2844165,2842727,0,0,2731619,2731618,2731360,10239
2558,2844166,2843155,2842329,0,2731619,2731618,2731360,10239
2559,2844167,2843115,2731691,0,2731619,2731618,2731360,10239
2560,2844169,2843432,0,0,2731619,2731618,2731360,10239
2561,2844170,2843396,0,0,2731619,2731618,2731360,10239
2562,2844171,2843345,0,0,2731619,2731618,2731360,10239
2563,2844172,2843429,0,0,2731619,2731618,2731360,10239
2564,2844174,2843360,0,0,2731619,2731618,2731360,10239
2565,2844175,2843014,2731689,0,2731619,2731618,2731360,10239
2566,2844204,2842728,2731691,0,2731619,2731618,2731360,10239
2567,2844233,2842593,2731691,0,2731619,2731618,2731360,10239
2568,2844234,2843451,0,0,2731619,2731618,2731360,10239
2569,2844247,2843442,0,0,2731619,2731618,2731360,10239
2570,2844270,2842674,2842331,2842247,2842243,2732407,2732396,10239
2571,2844273,2842686,1513294,11157,2497574,2497569,2732396,10239
2572,2844275,2842675,2842332,2842249,2842243,2732407,2732396,10239
2573,2844276,2842676,2842319,2842247,2842243,2732407,2732396,10239
2574,2844278,2842677,2842331,2842247,2842243,2732407,2732396,10239
2575,2844279,2842678,2842319,2842247,2842243,2732407,2732396,10239
2576,2844280,2842679,2842332,2842249,2842243,2732407,2732396,10239
2577,2844281,2842680,2169574,2732537,2732423,2732416,2732092,10239
2578,2844282,2842681,2842332,2842249,2842243,2732407,2732396,10239
2579,2844284,2842682,2842314,2842247,2842243,2732407,2732396,10239
2580,2844285,2842683,2842319,2842247,2842243,2732407,2732396,10239
2581,2844286,2843426,0,0,2731619,2731618,2731360,10239
2582,2844287,2843390,0,0,2731619,2731618,2731360,10239
2583,2844288,2843418,0,0,2731619,2731618,2731360,10239
2584,2844289,2843408,2946157,0,2731619,2731618,2731360,10239
2585,2844291,2843435,2946174,0,2731619,2731618,2731360,10239
2586,2844300,2843465,0,0,2731619,2731618,2731360,10239
2587,2844302,2842685,2842332,2842249,2842243,2732407,2732396,10239
2588,2844303,2842687,2842332,2842249,2842243,2732407,2732396,10239
2589,2844304,2842547,11270,11157,2497574,2497569,2732396,10239
2590,2844306,2842688,2842332,2842249,2842243,2732407,2732396,10239
2591,2844309,2843415,0,0,2731619,2731618,2731360,10239
2592,2844310,2842689,2842319,2842247,2842243,2732407,2732396,10239
2593,2844311,2842690,2842319,2842247,2842243,2732407,2732396,10239
2594,2844312,2842691,2842332,2842249,2842243,2732407,2732396,10239
2595,2844405,2842694,2842332,2842249,2842243,2732407,2732396,10239
2596,2844406,2842695,2842319,2842247,2842243,2732407,2732396,10239
2597,2844407,2842697,2842319,2842247,2842243,2732407,2732396,10239
2598,2844408,2842698,2842332,2842249,2842243,2732407,2732396,10239
2599,2844522,1542744,1910928,2732539,2732424,2732416,2732092,10239
2600,2844539,1985365,1910928,2732539,2732424,2732416,2732092,10239
2601,2844554,1985366,1910928,2732539,2732424,2732416,2732092,10239
2602,2844568,1941236,1910928,2732539,2732424,2732416,2732092,10239
2603,28446,2039240,186803,186802,186801,1239,0,2
2604,2844612,1941238,1910928,2732539,2732424,2732416,2732092,10239
2605,2844626,1985367,1910928,2732539,2732424,2732416,2732092,10239
2606,2844641,1985368,1910928,2732539,2732424,2732416,2732092,10239
2607,2844644,1985369,1910928,2732539,2732424,2732416,2732092,10239
2608,2844645,2842699,1910928,2732539,2732424,2732416,2732092,10239
2609,2844646,1985370,1910928,2732539,2732424,2732416,2732092,10239
2610,2844649,2842700,2842332,2842249,2842243,2732407,2732396,10239
2611,2844650,2842701,2842315,2842249,2842243,2732407,2732396,10239
2612,2844652,2842702,2842332,2842249,2842243,2732407,2732396,10239
2613,2844653,2842704,2842319,2842247,2842243,2732407,2732396,10239
2614,2844654,2842705,2842319,2842247,2842243,2732407,2732396,10239
2615,2844656,2842706,2842319,2842247,2842243,2732407,2732396,10239
2616,2844657,2842708,2842314,2842247,2842243,2732407,2732396,10239
2617,2844666,2843412,0,0,2731619,2731618,2731360,10239
2618,2844673,2842796,0,0,2731619,2731618,2731360,10239
2619,2844675,2843027,0,0,2731619,2731618,2731360,10239
2620,2844677,2843069,0,0,2731619,2731618,2731360,10239
2621,2844680,2842709,2842319,2842247,2842243,2732407,2732396,10239
2622,28447,1573,85023,85006,1760,201174,0,2
2623,2844760,2842710,2842332,2842249,2842243,2732407,2732396,10239
2624,2844785,2842712,2842319,2842247,2842243,2732407,2732396,10239
2625,2844793,2842714,2842332,2842249,2842243,2732407,2732396,10239
2626,2844798,2842715,2842319,2842247,2842243,2732407,2732396,10239
2627,2844808,2842717,2842319,2842247,2842243,2732407,2732396,10239
2628,2844809,2842718,2842319,2842247,2842243,2732407,2732396,10239
2629,2844810,2842719,2842332,2842249,2842243,2732407,2732396,10239
2630,2844811,2842720,2842319,2842247,2842243,2732407,2732396,10239
2631,2844816,2843389,2946190,2942680,2731619,2731618,2731360,10239
2632,2844819,2842722,2842315,2842249,2842243,2732407,2732396,10239
2633,2844820,2842723,2842314,2842247,2842243,2732407,2732396,10239
2634,2844822,2842724,2842314,2842247,2842243,2732407,2732396,10239
2635,2844825,2842726,2842332,2842249,2842243,2732407,2732396,10239
2636,2844831,2842731,2842319,2842247,2842243,2732407,2732396,10239
2637,2844832,2842732,2842331,2842247,2842243,2732407,2732396,10239
2638,2844835,2842733,2842314,2842247,2842243,2732407,2732396,10239
2639,2844838,2842735,2842332,2842249,2842243,2732407,2732396,10239
2640,2844847,2842736,2842332,2842249,2842243,2732407,2732396,10239
2641,2844856,2842738,157897,1511857,2841637,2840024,2840023,10239
2642,2844862,2842541,11270,11157,2497574,2497569,2732396,10239
2643,2844963,2733241,1883067,11157,2497574,2497569,2732396,10239
2644,2844975,2842740,2842332,2842249,2842243,2732407,2732396,10239
2645,2844979,2842741,2842314,2842247,2842243,2732407,2732396,10239
2646,2844980,2842742,2842319,2842247,2842243,2732407,2732396,10239
2647,2844981,2842743,2842322,2732011,2732010,2732009,2732006,10239
2648,2844983,2842744,2842314,2842247,2842243,2732407,2732396,10239
2649,2844985,2842745,2842332,2842249,2842243,2732407,2732396,10239
2650,2844986,2842746,2842332,2842249,2842243,2732407,2732396,10239
2651,2844988,2842747,2842332,2842249,2842243,2732407,2732396,10239
2652,2844989,2842748,2842332,2842249,2842243,2732407,2732396,10239
2653,2844994,2842750,2842314,2842247,2842243,2732407,2732396,10239
2654,2845000,2842752,157897,1511857,2841637,2840024,2840023,10239
2655,2845003,2842753,2842314,2842247,2842243,2732407,2732396,10239
2656,2845004,2842754,2842319,2842247,2842243,2732407,2732396,10239
2657,2845005,2842755,2842319,2842247,2842243,2732407,2732396,10239
2658,2845006,2842756,2842319,2842247,2842243,2732407,2732396,10239
2659,2845008,2842759,2842319,2842247,2842243,2732407,2732396,10239
2660,2845010,2842760,2169574,2732537,2732423,2732416,2732092,10239
2661,2845012,2842761,2842331,2842247,2842243,2732407,2732396,10239
2662,2845016,2842762,2842331,2842247,2842243,2732407,2732396,10239
2663,2845018,2842763,2842314,2842247,2842243,2732407,2732396,10239
2664,2845019,2842765,2842319,2842247,2842243,2732407,2732396,10239
2665,2845020,2842767,2842319,2842247,2842243,2732407,2732396,10239
2666,2845021,2842768,2842314,2842247,2842243,2732407,2732396,10239
2667,2845023,2842769,157897,1511857,2841637,2840024,2840023,10239
2668,2845024,2842770,2842315,2842249,2842243,2732407,2732396,10239
2669,2845025,2842771,2842332,2842249,2842243,2732407,2732396,10239
2670,2845027,2842772,157897,1511857,2841637,2840024,2840023,10239
2671,2845028,2842773,2842331,2842247,2842243,2732407,2732396,10239
2672,2845030,2842777,2842319,2842247,2842243,2732407,2732396,10239
2673,2845031,2842778,2842332,2842249,2842243,2732407,2732396,10239
2674,2845032,2842779,2842319,2842247,2842243,2732407,2732396,10239
2675,2845035,2842780,2842319,2842247,2842243,2732407,2732396,10239
2676,2845036,2842781,2842319,2842247,2842243,2732407,2732396,10239
2677,2845037,2842782,2842315,2842249,2842243,2732407,2732396,10239
2678,2845038,2842783,2842315,2842249,2842243,2732407,2732396,10239
2679,2845039,2842784,2842318,2842247,2842243,2732407,2732396,10239
2680,2845040,2842787,2842332,2842249,2842243,2732407,2732396,10239
2681,2845043,2842788,2842332,2842249,2842243,2732407,2732396,10239
2682,2845044,2842789,2842319,2842247,2842243,2732407,2732396,10239
2683,2845046,2842790,2842319,2842247,2842243,2732407,2732396,10239
2684,2845055,2842791,2842332,2842249,2842243,2732407,2732396,10239
2685,2845056,2842792,2842319,2842247,2842243,2732407,2732396,10239
2686,2845058,2842793,2842315,2842249,2842243,2732407,2732396,10239
2687,2845059,2842794,2842314,2842247,2842243,2732407,2732396,10239
2688,2845060,2842795,2842319,2842247,2842243,2732407,2732396,10239
2689,2845062,2842797,2842315,2842249,2842243,2732407,2732396,10239
2690,2845064,2842798,2842314,2842247,2842243,2732407,2732396,10239
2691,2845065,2842799,2842319,2842247,2842243,2732407,2732396,10239
2692,2845066,2842800,2842332,2842249,2842243,2732407,2732396,10239
2693,2845069,2842801,2842314,2842247,2842243,2732407,2732396,10239
2694,2845070,2842802,2842332,2842249,2842243,2732407,2732396,10239
2695,2845071,2842803,2842319,2842247,2842243,2732407,2732396,10239
2696,2845073,2842804,2842319,2842247,2842243,2732407,2732396,10239
2697,2845079,2843419,0,0,2731619,2731618,2731360,10239
2698,2845083,2842888,0,0,2731619,2731618,2731360,10239
2699,2845088,2842786,2842329,0,2731619,2731618,2731360,10239
2700,2845093,2843478,2943001,0,2731619,2731618,2731360,10239
2701,2845095,2842993,2842329,0,2731619,2731618,2731360,10239
2702,2845097,2843116,2946167,0,2731619,2731618,2731360,10239
2703,2845099,2843003,2946167,0,2731619,2731618,2731360,10239
2704,2845109,2843414,0,0,2731619,2731618,2731360,10239
2705,2845112,2842807,2842318,2842247,2842243,2732407,2732396,10239
2706,2845113,2842808,2842319,2842247,2842243,2732407,2732396,10239
2707,2845114,2842809,2842315,2842249,2842243,2732407,2732396,10239
2708,2845117,2842810,2842319,2842247,2842243,2732407,2732396,10239
2709,2845118,2842811,2842314,2842247,2842243,2732407,2732396,10239
2710,2845119,2842812,2842314,2842247,2842243,2732407,2732396,10239
2711,2845120,2842813,2842319,2842247,2842243,2732407,2732396,10239
2712,2845123,2842815,2842332,2842249,2842243,2732407,2732396,10239
2713,2845126,2843129,2560065,0,2731619,2731618,2731360,10239
2714,2845127,2843105,2560065,0,2731619,2731618,2731360,10239
2715,2845128,2843349,0,0,2731619,2731618,2731360,10239
2716,2845129,2843359,0,0,2731619,2731618,2731360,10239
2717,2845131,2843368,0,0,2731619,2731618,2731360,10239
2718,2845132,2843397,0,0,2731619,2731618,2731360,10239
2719,2845133,2843410,0,0,2731619,2731618,2731360,10239
2720,2845135,2843409,0,0,2731619,2731618,2731360,10239
2721,2845136,2842737,2560065,0,2731619,2731618,2731360,10239
2722,2845137,2842663,2560065,0,2731619,2731618,2731360,10239
2723,2845138,2843413,0,0,2731619,2731618,2731360,10239
2724,2845140,2843437,0,0,2731619,2731618,2731360,10239
2725,2845143,2843462,0,0,2731619,2731618,2731360,10239
2726,2845144,2843393,0,0,2731619,2731618,2731360,10239
2727,2845146,2843438,0,0,2731619,2731618,2731360,10239
2728,2845147,2843379,0,0,2731619,2731618,2731360,10239
2729,2845151,2843474,0,0,2731619,2731618,2731360,10239
2730,2845155,2843383,0,0,2731619,2731618,2731360,10239
2731,2845184,2843351,0,0,2731619,2731618,2731360,10239
2732,2845191,2843449,0,0,2731619,2731618,2731360,10239
2733,2845386,2843470,0,0,2731619,2731618,2731360,10239
2734,2845410,2843364,0,0,2731619,2731618,2731360,10239
2735,2845427,2843466,0,0,2731619,2731618,2731360,10239
2736,2845428,2843430,0,0,2731619,2731618,2731360,10239
2737,2845441,2843469,0,0,2731619,2731618,2731360,10239
2738,2845460,2843441,0,0,2731619,2731618,2731360,10239
2739,2845482,2842817,2842314,2842247,2842243,2732407,2732396,10239
2740,2845483,2842818,2842332,2842249,2842243,2732407,2732396,10239
2741,2845484,2842821,2842332,2842249,2842243,2732407,2732396,10239
2742,2845488,2842822,2842332,2842249,2842243,2732407,2732396,10239
2743,2845491,2842823,2842314,2842247,2842243,2732407,2732396,10239
2744,2845498,2843112,2842333,0,2731619,2731618,2731360,10239
2745,2845499,2842824,1883067,11157,2497574,2497569,2732396,10239
2746,2845501,2843448,0,0,2731619,2731618,2731360,10239
2747,2845502,2843431,0,0,2731619,2731618,2731360,10239
2748,2845508,2843453,0,0,2731619,2731618,2731360,10239
2749,2845510,2842825,2842332,2842249,2842243,2732407,2732396,10239
2750,2845512,2842826,2842332,2842249,2842243,2732407,2732396,10239
2751,2845517,2508256,2501939,1980410,2497576,2497569,2732396,10239
2752,2845519,2842827,2842315,2842249,2842243,2732407,2732396,10239
2753,2845520,2842774,0,0,2731619,2731618,2731360,10239
2754,2845521,2843051,0,0,2731619,2731618,2731360,10239
2755,2845526,2842830,2842314,2842247,2842243,2732407,2732396,10239
2756,2845531,2842831,2842319,2842247,2842243,2732407,2732396,10239
2757,2845532,2842832,2842332,2842249,2842243,2732407,2732396,10239
2758,2845533,2733250,11270,11157,2497574,2497569,2732396,10239
2759,2845534,2842833,2842315,2842249,2842243,2732407,2732396,10239
2760,2845536,2842834,2842332,2842249,2842243,2732407,2732396,10239
2761,2845538,2842835,2842319,2842247,2842243,2732407,2732396,10239
2762,2845545,2842836,2842332,2842249,2842243,2732407,2732396,10239
2763,2845548,2842837,2842319,2842247,2842243,2732407,2732396,10239
2764,2845550,2842838,2842319,2842247,2842243,2732407,2732396,10239
2765,2845552,2842839,2842332,2842249,2842243,2732407,2732396,10239
2766,2845553,2842840,2842332,2842249,2842243,2732407,2732396,10239
2767,2845556,2842841,2842314,2842247,2842243,2732407,2732396,10239
2768,2845558,2842842,2842332,2842249,2842243,2732407,2732396,10239
2769,2845559,2842843,2842332,2842249,2842243,2732407,2732396,10239
2770,2845561,2842844,2842319,2842247,2842243,2732407,2732396,10239
2771,2845564,2842846,2842319,2842247,2842243,2732407,2732396,10239
2772,2845565,2842847,2842331,2842247,2842243,2732407,2732396,10239
2773,2845569,2842849,2842319,2842247,2842243,2732407,2732396,10239
2774,2845570,2842850,2842319,2842247,2842243,2732407,2732396,10239
2775,2845573,2842853,2842315,2842249,2842243,2732407,2732396,10239
2776,2845574,2842854,12058,464095,2732506,2732408,2732396,10239
2777,2845575,2842855,2842319,2842247,2842243,2732407,2732396,10239
2778,2845577,2842858,2842319,2842247,2842243,2732407,2732396,10239
2779,2845578,2842859,2842319,2842247,2842243,2732407,2732396,10239
2780,2845579,2842860,0,0,2842243,2732407,2732396,10239
2781,2845580,2842861,2842319,2842247,2842243,2732407,2732396,10239
2782,2845584,2842864,2842319,2842247,2842243,2732407,2732396,10239
2783,2845585,2842865,2842332,2842249,2842243,2732407,2732396,10239
2784,2845587,2842540,0,0,2731619,2731618,2731360,10239
2785,2845588,2843096,0,0,2731619,2731618,2731360,10239
2786,2845591,2843362,0,0,2731619,2731618,2731360,10239
2787,2845604,2842867,2842319,2842247,2842243,2732407,2732396,10239
2788,2845607,2842868,2842332,2842249,2842243,2732407,2732396,10239
2789,2845608,2169630,1458186,0,0,0,0,10239
2790,2845610,2842871,2842331,2842247,2842243,2732407,2732396,10239
2791,2845613,2842872,2842319,2842247,2842243,2732407,2732396,10239
2792,2845615,2842873,2842332,2842249,2842243,2732407,2732396,10239
2793,2845617,2842874,2842314,2842247,2842243,2732407,2732396,10239
2794,2845625,2507291,2501952,2499407,2497574,2497569,2732396,10239
2795,2845627,2842875,2842332,2842249,2842243,2732407,2732396,10239
2796,2845631,2842876,2842314,2842247,2842243,2732407,2732396,10239
2797,2845635,2842877,2842332,2842249,2842243,2732407,2732396,10239
2798,2845636,2842878,2842319,2842247,2842243,2732407,2732396,10239
2799,2845638,2842879,2842314,2842247,2842243,2732407,2732396,10239
2800,2845639,2842882,2501952,2499407,2497574,2497569,2732396,10239
2801,2845643,2842883,2842319,2842247,2842243,2732407,2732396,10239
2802,2845647,2842887,2842319,2842247,2842243,2732407,2732396,10239
2803,2845648,2843369,0,0,2731619,2731618,2731360,10239
2804,2845649,2843371,0,0,2731619,2731618,2731360,10239
2805,2845650,2843391,0,0,2731619,2731618,2731360,10239
2806,2845652,2843382,0,0,2731619,2731618,2731360,10239
2807,2845653,2843394,0,0,2731619,2731618,2731360,10239
2808,2845655,2843459,0,0,2731619,2731618,2731360,10239
2809,2845656,2843461,0,0,2731619,2731618,2731360,10239
2810,2845657,2843467,0,0,2731619,2731618,2731360,10239
2811,2845660,2842890,2842324,2499407,2497574,2497569,2732396,10239
2812,2845661,2842891,2842319,2842247,2842243,2732407,2732396,10239
2813,2845663,2842893,2842319,2842247,2842243,2732407,2732396,10239
2814,2845664,2842894,2842319,2842247,2842243,2732407,2732396,10239
2815,2845665,2842895,2842319,2842247,2842243,2732407,2732396,10239
2816,2845669,169682,2946172,0,2731619,2731618,2731360,10239
2817,2845670,2842371,11270,11157,2497574,2497569,2732396,10239
2818,2845671,2842896,2842315,2842249,2842243,2732407,2732396,10239
2819,2845672,2842897,2842315,2842249,2842243,2732407,2732396,10239
2820,2845673,2842898,2842314,2842247,2842243,2732407,2732396,10239
2821,2845674,2842899,2842332,2842249,2842243,2732407,2732396,10239
2822,2845676,2842900,2842314,2842247,2842243,2732407,2732396,10239
2823,2845678,2842901,2842319,2842247,2842243,2732407,2732396,10239
2824,2845679,2842902,0,0,2842243,2732407,2732396,10239
2825,2845680,2842903,2501952,2499407,2497574,2497569,2732396,10239
2826,2845681,2842904,2842314,2842247,2842243,2732407,2732396,10239
2827,2845682,2842905,2842332,2842249,2842243,2732407,2732396,10239
2828,2845684,2842906,2842319,2842247,2842243,2732407,2732396,10239
2829,2845685,2842907,2842319,2842247,2842243,2732407,2732396,10239
2830,2845688,2843444,0,0,2731619,2731618,2731360,10239
2831,2845692,2842909,2842319,2842247,2842243,2732407,2732396,10239
2832,2845693,2842912,2842319,2842247,2842243,2732407,2732396,10239
2833,2845694,2842913,2842315,2842249,2842243,2732407,2732396,10239
2834,2845695,2842914,2842313,2499407,2497574,2497569,2732396,10239
2835,2845696,2842915,2842319,2842247,2842243,2732407,2732396,10239
2836,2845697,2842917,2842332,2842249,2842243,2732407,2732396,10239
2837,2845698,2842918,2842331,2842247,2842243,2732407,2732396,10239
2838,2845700,2842919,2501952,2499407,2497574,2497569,2732396,10239
2839,2845702,2842920,2842331,2842247,2842243,2732407,2732396,10239
2840,2845703,2843458,0,0,2731619,2731618,2731360,10239
2841,2845713,2842921,2842313,2499407,2497574,2497569,2732396,10239
2842,2845714,2842922,2842319,2842247,2842243,2732407,2732396,10239
2843,2845715,2842925,2842319,2842247,2842243,2732407,2732396,10239
2844,2845716,2842926,2842319,2842247,2842243,2732407,2732396,10239
2845,2845717,2842927,2842319,2842247,2842243,2732407,2732396,10239
2846,2845718,2842930,2842319,2842247,2842243,2732407,2732396,10239
2847,2845720,2842931,2842319,2842247,2842243,2732407,2732396,10239
2848,2845724,2842932,2842319,2842247,2842243,2732407,2732396,10239
2849,2845728,2842933,2842315,2842249,2842243,2732407,2732396,10239
2850,2845734,2842657,0,0,2731619,2731618,2731360,10239
2851,2845743,2843380,0,0,2731619,2731618,2731360,10239
2852,2845749,2843127,0,0,2731619,2731618,2731360,10239
2853,2845751,2842935,2842314,2842247,2842243,2732407,2732396,10239
2854,2845752,2842936,2842315,2842249,2842243,2732407,2732396,10239
2855,2845753,2842937,2842332,2842249,2842243,2732407,2732396,10239
2856,2845755,2842938,2842319,2842247,2842243,2732407,2732396,10239
2857,2845756,2843407,0,0,2731619,2731618,2731360,10239
2858,2845758,2843417,0,0,2731619,2731618,2731360,10239
2859,2845768,2842940,2842332,2842249,2842243,2732407,2732396,10239
2860,2845769,2842941,2184034,0,2732529,2732008,2732005,10239
2861,2845771,2842829,2184034,0,2732529,2732008,2732005,10239
2862,2845773,2842943,2842319,2842247,2842243,2732407,2732396,10239
2863,2845776,2842586,2842329,0,2731619,2731618,2731360,10239
2864,2845780,2842945,2501952,2499407,2497574,2497569,2732396,10239
2865,2845781,2842947,2842319,2842247,2842243,2732407,2732396,10239
2866,2845783,2842948,2842319,2842247,2842243,2732407,2732396,10239
2867,2845793,2842949,1883067,11157,2497574,2497569,2732396,10239
2868,2845798,2842951,2842319,2842247,2842243,2732407,2732396,10239
2869,2845801,2842952,2842332,2842249,2842243,2732407,2732396,10239
2870,2845804,2842953,2842319,2842247,2842243,2732407,2732396,10239
2871,2845831,2842954,2842319,2842247,2842243,2732407,2732396,10239
2872,2845833,2842955,2842319,2842247,2842243,2732407,2732396,10239
2873,2845835,2842950,2560063,2732504,2732500,2732407,2732396,10239
2874,2845838,2842956,2842332,2842249,2842243,2732407,2732396,10239
2875,2845841,2842957,2842319,2842247,2842243,2732407,2732396,10239
2876,2845843,2842958,1883067,11157,2497574,2497569,2732396,10239
2877,2845844,2842959,2842314,2842247,2842243,2732407,2732396,10239
2878,2845848,2842960,2842319,2842247,2842243,2732407,2732396,10239
2879,2845851,2842961,2842319,2842247,2842243,2732407,2732396,10239
2880,2845854,2842962,2842332,2842249,2842243,2732407,2732396,10239
2881,2845858,2842963,2501952,2499407,2497574,2497569,2732396,10239
2882,2845860,2842965,1883067,11157,2497574,2497569,2732396,10239
2883,2845861,2842967,2842332,2842249,2842243,2732407,2732396,10239
2884,2845862,2842968,2842319,2842247,2842243,2732407,2732396,10239
2885,2845867,2842969,2842332,2842249,2842243,2732407,2732396,10239
2886,2845868,2842970,2842314,2842247,2842243,2732407,2732396,10239
2887,2845870,2842971,2842319,2842247,2842243,2732407,2732396,10239
2888,2845872,2842975,2842319,2842247,2842243,2732407,2732396,10239
2889,2845873,2843079,10508,2732559,2732529,2732008,2732005,10239
2890,2845939,2843447,2946160,0,2731619,2731618,2731360,10239
2891,2845941,2842889,2731689,0,2731619,2731618,2731360,10239
2892,2845947,2842978,2842319,2842247,2842243,2732407,2732396,10239
2893,2845949,2843454,0,0,2731619,2731618,2731360,10239
2894,2845951,2842862,2842333,0,2731619,2731618,2731360,10239
2895,2845952,2842857,2842329,0,2731619,2731618,2731360,10239
2896,2845954,2843128,2731643,0,2731619,2731618,2731360,10239
2897,2845959,2842828,2842329,0,2731619,2731618,2731360,10239
2898,2845961,2842942,2842333,0,2731619,2731618,2731360,10239
2899,2845962,2843402,0,0,2731619,2731618,2731360,10239
2900,2845967,2843161,2842329,0,2731619,2731618,2731360,10239
2901,2845969,2843162,2842329,0,2731619,2731618,2731360,10239
2902,2845970,2842758,2842329,0,2731619,2731618,2731360,10239
2903,2845972,2842980,2842332,2842249,2842243,2732407,2732396,10239
2904,2845974,2842981,2842319,2842247,2842243,2732407,2732396,10239
2905,2845978,2842983,2842314,2842247,2842243,2732407,2732396,10239
2906,2845985,2842984,2842332,2842249,2842243,2732407,2732396,10239
2907,2845986,2842985,2501952,2499407,2497574,2497569,2732396,10239
2908,2845988,2842986,2842319,2842247,2842243,2732407,2732396,10239
2909,2845989,2842987,2842332,2842249,2842243,2732407,2732396,10239
2910,2845990,2842988,2842331,2842247,2842243,2732407,2732396,10239
2911,2845992,2842989,2842331,2842247,2842243,2732407,2732396,10239
2912,2846003,2842990,2842332,2842249,2842243,2732407,2732396,10239
2913,2846015,2946826,2560063,2732504,2732500,2732407,2732396,10239
2914,2846017,2842994,2842314,2842247,2842243,2732407,2732396,10239
2915,2846027,2842997,2842319,2842247,2842243,2732407,2732396,10239
2916,2846035,2842998,2842314,2842247,2842243,2732407,2732396,10239
2917,2846037,2842999,12058,464095,2732506,2732408,2732396,10239
2918,2846038,2842373,2731643,0,2731619,2731618,2731360,10239
2919,2846039,2843355,0,0,2731619,2731618,2731360,10239
2920,2846040,2843366,0,0,2731619,2731618,2731360,10239
2921,2846044,2843385,0,0,2731619,2731618,2731360,10239
2922,2846049,2843381,0,0,2731619,2731618,2731360,10239
2923,2846050,2843443,0,0,2731619,2731618,2731360,10239
2924,2846054,2843001,2842319,2842247,2842243,2732407,2732396,10239
2925,2846055,2843002,2842319,2842247,2842243,2732407,2732396,10239
2926,2846059,2843004,1883067,11157,2497574,2497569,2732396,10239
2927,2846061,2843457,0,0,2731619,2731618,2731360,10239
2928,2846063,2842670,10656,2732558,2732529,2732008,2732005,10239
2929,2846064,2843473,0,0,2731619,2731618,2731360,10239
2930,2846065,2843006,2842315,2842249,2842243,2732407,2732396,10239
2931,2846066,2843009,2842332,2842249,2842243,2732407,2732396,10239
2932,2846068,2843010,2842332,2842249,2842243,2732407,2732396,10239
2933,2846069,2842544,2842329,0,2731619,2731618,2731360,10239
2934,2846071,11040,2560066,2732543,2732461,2732406,2732396,10239
2935,2846075,2842974,2842329,0,2731619,2731618,2731360,10239
2936,2846076,2843012,2842319,2842247,2842243,2732407,2732396,10239
2937,2846079,2843017,2842333,0,2731619,2731618,2731360,10239
2938,2846104,2842764,2946167,0,2731619,2731618,2731360,10239
2939,2846123,2843350,0,0,2731619,2731618,2731360,10239
2940,2846144,2843018,2842318,2842247,2842243,2732407,2732396,10239
2941,2846146,2842548,11270,11157,2497574,2497569,2732396,10239
2942,2846149,2843020,2501952,2499407,2497574,2497569,2732396,10239
2943,2846161,1883068,1883067,11157,2497574,2497569,2732396,10239
2944,2846166,2843021,2842314,2842247,2842243,2732407,2732396,10239
2945,2846168,2843022,2842319,2842247,2842243,2732407,2732396,10239
2946,2846169,2843023,0,0,2842243,2732407,2732396,10239
2947,2846170,2843024,2842332,2842249,2842243,2732407,2732396,10239
2948,2846171,2843025,2842314,2842247,2842243,2732407,2732396,10239
2949,2846172,2843026,2842314,2842247,2842243,2732407,2732396,10239
2950,2846174,2843028,2842319,2842247,2842243,2732407,2732396,10239
2951,2846176,2843029,2842319,2842247,2842243,2732407,2732396,10239
2952,2846177,2843030,2842315,2842249,2842243,2732407,2732396,10239
2953,2846179,2843422,0,0,2731619,2731618,2731360,10239
2954,2846180,2843428,0,0,2731619,2731618,2731360,10239
2955,2846184,2843425,0,0,2731619,2731618,2731360,10239
2956,2846185,2843433,0,0,2731619,2731618,2731360,10239
2957,2846187,2843031,2842332,2842249,2842243,2732407,2732396,10239
2958,2846190,2843032,2842331,2842247,2842243,2732407,2732396,10239
2959,2846191,2843033,2842319,2842247,2842243,2732407,2732396,10239
2960,2846193,2842369,11270,11157,2497574,2497569,2732396,10239
2961,2846194,2842406,11270,11157,2497574,2497569,2732396,10239
2962,2846196,2843035,2842319,2842247,2842243,2732407,2732396,10239
2963,2846208,2843036,2842315,2842249,2842243,2732407,2732396,10239
2964,2846209,2843037,2842319,2842247,2842243,2732407,2732396,10239
2965,2846210,2843038,2842315,2842249,2842243,2732407,2732396,10239
2966,2846213,2843039,2842319,2842247,2842243,2732407,2732396,10239
2967,2846215,2843040,2842319,2842247,2842243,2732407,2732396,10239
2968,2846216,2843041,2842314,2842247,2842243,2732407,2732396,10239
2969,2846217,2843042,2842319,2842247,2842243,2732407,2732396,10239
2970,2846226,2843043,2842332,2842249,2842243,2732407,2732396,10239
2971,2846231,2843046,2842319,2842247,2842243,2732407,2732396,10239
2972,2846232,2842739,2842329,0,2731619,2731618,2731360,10239
2973,2846233,2843049,2842319,2842247,2842243,2732407,2732396,10239
2974,2846234,2843050,0,0,2842243,2732407,2732396,10239
2975,2846235,2843052,2842319,2842247,2842243,2732407,2732396,10239
2976,2846236,2843053,2842332,2842249,2842243,2732407,2732396,10239
2977,2846237,2843054,2842319,2842247,2842243,2732407,2732396,10239
2978,2846239,2843055,1458186,0,0,0,0,10239
2979,2846241,2843056,2842332,2842249,2842243,2732407,2732396,10239
2980,2846243,2843057,2842319,2842247,2842243,2732407,2732396,10239
2981,2846269,2842946,0,0,2731619,2731618,2731360,10239
2982,2846291,2843370,0,0,2731619,2731618,2731360,10239
2983,2846383,2843058,2842319,2842247,2842243,2732407,2732396,10239
2984,2846386,2843059,2842332,2842249,2842243,2732407,2732396,10239
2985,2846388,2843421,0,0,2731619,2731618,2731360,10239
2986,2846391,2842972,2842329,0,2731619,2731618,2731360,10239
2987,2846392,2843347,0,0,2731619,2731618,2731360,10239
2988,2846393,2843361,0,0,2731619,2731618,2731360,10239
2989,2846395,2843386,0,0,2731619,2731618,2731360,10239
2990,2846396,2842684,0,0,2731619,2731618,2731360,10239
2991,2846399,2842757,0,0,2731619,2731618,2731360,10239
2992,2846404,2843400,0,0,2731619,2731618,2731360,10239
2993,2846405,2842852,0,0,2731619,2731618,2731360,10239
2994,2846406,2842639,10656,2732558,2732529,2732008,2732005,10239
2995,2846410,2843061,2842314,2842247,2842243,2732407,2732396,10239
2996,2846413,2843062,2842332,2842249,2842243,2732407,2732396,10239
2997,2846414,2842545,2842329,0,2731619,2731618,2731360,10239
2998,2846415,2843000,2842329,0,2731619,2731618,2731360,10239
2999,2846417,2843063,2842332,2842249,2842243,2732407,2732396,10239
3000,2846418,2843065,2842319,2842247,2842243,2732407,2732396,10239
3001,2846420,2843066,2501952,2499407,2497574,2497569,2732396,10239
3002,2846423,2843067,2842319,2842247,2842243,2732407,2732396,10239
3003,2846424,2843068,2842332,2842249,2842243,2732407,2732396,10239
3004,2846425,2843071,2842319,2842247,2842243,2732407,2732396,10239
3005,2846426,2843073,2842319,2842247,2842243,2732407,2732396,10239
3006,2846427,2843074,2842319,2842247,2842243,2732407,2732396,10239
3007,2846428,2843075,2842332,2842249,2842243,2732407,2732396,10239
3008,2846429,2843076,2842319,2842247,2842243,2732407,2732396,10239
3009,2846431,2843077,2842332,2842249,2842243,2732407,2732396,10239
3010,2846434,2843078,2842318,2842247,2842243,2732407,2732396,10239
3011,2846435,2843456,0,0,2731619,2731618,2731360,10239
3012,2846436,2843406,0,0,2731619,2731618,2731360,10239
3013,2846437,2843080,0,0,2842243,2732407,2732396,10239
3014,2846438,2843083,2842332,2842249,2842243,2732407,2732396,10239
3015,2846439,2843084,2842319,2842247,2842243,2732407,2732396,10239
3016,2846440,2843085,2842331,2842247,2842243,2732407,2732396,10239
3017,2846441,2843086,2842319,2842247,2842243,2732407,2732396,10239
3018,2846442,2843087,2842319,2842247,2842243,2732407,2732396,10239
3019,2846443,2843088,2842319,2842247,2842243,2732407,2732396,10239
3020,2846445,2843090,2842332,2842249,2842243,2732407,2732396,10239
3021,2846446,2843091,2842315,2842249,2842243,2732407,2732396,10239
3022,2846447,2843092,2842319,2842247,2842243,2732407,2732396,10239
3023,2846449,2843093,2842332,2842249,2842243,2732407,2732396,10239
3024,2846450,2843094,2842332,2842249,2842243,2732407,2732396,10239
3025,2846451,2843095,2842315,2842249,2842243,2732407,2732396,10239
3026,2846454,2843097,2842331,2842247,2842243,2732407,2732396,10239
3027,2846455,2843098,2842319,2842247,2842243,2732407,2732396,10239
3028,2846576,2842863,11270,11157,2497574,2497569,2732396,10239
3029,2846579,2843100,2842319,2842247,2842243,2732407,2732396,10239
3030,2846580,2843101,2842314,2842247,2842243,2732407,2732396,10239
3031,2846581,2843102,2842332,2842249,2842243,2732407,2732396,10239
3032,2846583,2843103,2842332,2842249,2842243,2732407,2732396,10239
3033,2846584,2843104,2842332,2842249,2842243,2732407,2732396,10239
3034,2846585,2843106,2842331,2842247,2842243,2732407,2732396,10239
3035,2846587,2843108,2842319,2842247,2842243,2732407,2732396,10239
3036,2846594,2843110,2842319,2842247,2842243,2732407,2732396,10239
3037,2846595,2843111,2842331,2842247,2842243,2732407,2732396,10239
3038,2846596,2843113,2842332,2842249,2842243,2732407,2732396,10239
3039,2846597,2843114,2842332,2842249,2842243,2732407,2732396,10239
3040,2846600,2842654,2842329,0,2731619,2731618,2731360,10239
3041,2846601,2842892,2842329,0,2731619,2731618,2731360,10239
3042,2846603,2842751,2842333,0,2731619,2731618,2731360,10239
3043,2846604,2842692,2842329,0,2731619,2731618,2731360,10239
3044,2846606,2843060,2842329,0,2731619,2731618,2731360,10239
3045,2846607,2842934,2842329,0,2731619,2731618,2731360,10239
3046,2846608,2843156,2946167,0,2731619,2731618,2731360,10239
3047,2846610,2843117,2842332,2842249,2842243,2732407,2732396,10239
3048,2846612,2843118,2842319,2842247,2842243,2732407,2732396,10239
3049,2846617,2843120,2842319,2842247,2842243,2732407,2732396,10239
3050,2846620,2843121,2842331,2842247,2842243,2732407,2732396,10239
3051,2846621,2843123,2842314,2842247,2842243,2732407,2732396,10239
3052,2846622,2843124,2842315,2842249,2842243,2732407,2732396,10239
3053,2846623,2843125,2842319,2842247,2842243,2732407,2732396,10239
3054,2846624,2843131,2842314,2842247,2842243,2732407,2732396,10239
3055,2846639,2843132,2842332,2842249,2842243,2732407,2732396,10239
3056,2846657,2842367,11270,11157,2497574,2497569,2732396,10239
3057,2846660,2843133,2842319,2842247,2842243,2732407,2732396,10239
3058,2846661,2843135,2842319,2842247,2842243,2732407,2732396,10239
3059,2846662,2843136,2842314,2842247,2842243,2732407,2732396,10239
3060,2846663,2843137,2842332,2842249,2842243,2732407,2732396,10239
3061,2846664,2843138,0,0,2842243,2732407,2732396,10239
3062,2846665,2843139,2842331,2842247,2842243,2732407,2732396,10239
3063,2846666,2843140,2842319,2842247,2842243,2732407,2732396,10239
3064,2846669,2843142,2842314,2842247,2842243,2732407,2732396,10239
3065,2846670,2843143,2842319,2842247,2842243,2732407,2732396,10239
3066,2846671,2843374,0,0,2731619,2731618,2731360,10239
3067,2846672,2843008,2842329,0,2731619,2731618,2731360,10239
3068,2846673,2843344,0,0,2731619,2731618,2731360,10239
3069,2846675,2843146,2842319,2842247,2842243,2732407,2732396,10239
3070,2846676,2843148,2842314,2842247,2842243,2732407,2732396,10239
3071,2846677,2843149,2842319,2842247,2842243,2732407,2732396,10239
3072,2846678,2843150,2842315,2842249,2842243,2732407,2732396,10239
3073,2846683,2843151,2842314,2842247,2842243,2732407,2732396,10239
3074,2846685,2843152,2842332,2842249,2842243,2732407,2732396,10239
3075,2846689,2843153,2842330,2732011,2732010,2732009,2732006,10239
3076,2846691,2843154,2842319,2842247,2842243,2732407,2732396,10239
3077,2846693,2843157,2842319,2842247,2842243,2732407,2732396,10239
3078,2846699,2843163,2842332,2842249,2842243,2732407,2732396,10239
3079,2846739,2843375,0,0,2731619,2731618,2731360,10239
3080,2846775,120212,85023,85006,1760,201174,0,2
3081,284688,1511808,11012,2732549,2732505,2732408,2732396,10239
3082,2847778,2847777,2847776,2847775,2847774,67818,0,2
3083,2847992,2651583,213422,3031668,3031651,200940,0,2
3084,2849779,1648491,633392,84993,84992,201174,0,2
3085,2850,2849,38749,38748,33849,2836,0,2759
3086,285091,3020832,224372,135619,1236,1224,0,2
3087,2853258,1742990,1268,85006,1760,201174,0,2
3088,2856823,2937410,31989,204455,28211,1224,0,2
3089,2857064,2943291,2066491,2066490,28211,1224,0,2
3090,2857077,2857076,1890422,307595,3028117,1117,0,2
3091,2862509,3024544,1853230,200644,117743,976,0,2
3092,2862869,2986286,134623,415000,414999,74201,0,2
3093,2864201,365032,89374,1936988,1937959,976,0,2
3094,2866311,2175957,3056374,415001,414999,74201,0,2
3095,2866588,255204,85023,85006,1760,201174,0,2
3096,2866627,1609627,539003,1385,91061,1239,0,2
3097,286802,286801,316606,85007,1760,201174,0,2
3098,287,286,135621,72274,1236,1224,0,2
3099,2871826,801,543,91347,1236,1224,0,2
3100,2874213,1492710,1892252,1150,3028117,1117,0,2
3101,2874846,2545692,2545690,2545689,2545688,28890,0,2157
3102,2875540,1004303,563835,1853229,1853228,976,0,2
3103,2875962,2923290,0,2923288,0,976,0,2
3104,2876193,1911573,1644056,1644055,183963,28890,0,2157
3105,2877939,57739,1499392,206351,28216,1224,0,2
3106,2880008,2967962,2845253,136,203692,203691,0,2
3107,288004,1021,135617,72273,1236,1224,0,2
3108,2881056,577469,1042322,85006,1760,201174,0,2
3109,2881234,3029205,31989,204455,28211,1224,0,2
3110,2881428,2881427,2881426,1890424,3028117,1117,0,2
3111,2884022,2976759,2976758,588673,1497346,201174,0,2
3112,2884876,367188,2236,2235,183963,28890,0,2157
3113,2885951,2303528,2303507,2881377,3028117,1117,0,2
3114,2886352,2886347,1892251,1150,3028117,1117,0,2
3115,28873,10242,10240,2732527,2732525,2732007,2732005,10239
3116,288965,35829,216572,186802,186801,1239,0,2
3117,28901,590,543,91347,1236,1224,0,2
3118,2891570,1504576,543,91347,1236,1224,0,2
3119,2893202,2893197,49546,200644,117743,976,0,2
3120,2894156,2995122,1643824,84999,84998,201174,0,2
3121,289435,752201,1892259,1161,3028117,1117,0,2
3122,2895352,3018276,135620,135619,1236,1224,0,2
3123,2896848,2805681,2062,85011,1760,201174,0,2
3124,2898,3030,2896,589350,3027,0,0,2759
3125,2898187,2766734,2762318,200644,117743,976,0,2
3126,28985,4910,4893,4892,4891,4890,4751,2759
3127,2899121,2943184,128827,526525,526524,1239,0,2
3128,290053,816,815,171549,200643,976,0,2
3129,2900738,1434045,49546,200644,117743,976,0,2
3130,2901142,1148163,506,80840,28216,1224,0,2
3131,290400,188905,2854170,204455,28211,1224,0,2
3132,2904523,2040262,145357,85006,1760,201174,0,2
3133,2905121,444459,49546,200644,117743,976,0,2
3134,2906072,182269,255475,356,28211,1224,0,2
3135,2906798,2664261,1890438,2881377,3028117,1117,0,2
3136,2908642,3024237,85015,85009,1760,201174,0,2
3137,2908648,13275,868,135615,1236,1224,0,2
3138,2916397,2680018,31989,204455,28211,1224,0,2
3139,2916754,1573059,49546,200644,117743,976,0,2
3140,2916755,312278,2896860,768507,768503,976,0,2
3141,29176,29175,5809,75739,1280412,5794,0,2759
3142,2917790,2944815,481,206351,28216,1224,0,2
3143,2917832,2917830,1890438,2881377,3028117,1117,0,2
3144,2919598,2975286,2975285,2975284,1236,1224,0,2
3145,291990,291988,2770093,2770089,186801,1239,0,2
3146,2923279,112008,3018589,135615,1236,1224,0,2
3147,2924031,1884449,186817,1385,91061,1239,0,2
3148,2924032,2675234,186817,1385,91061,1239,0,2
3149,29255,11011,11006,2732540,2732458,2732405,2732396,10239
3150,292566,13034,1890426,1890424,3028117,1117,0,2
3151,2925830,2978367,33958,186826,91061,1239,0,2
3152,2926907,2967089,49546,200644,117743,976,0,2
3153,292800,946234,216572,186802,186801,1239,0,2
3154,2928472,1904377,2685818,356,28211,1224,0,2
3155,29288,29287,1644061,1644060,183963,28890,0,2157
3156,29291,2225,2206,94695,224756,28890,0,2157
3157,29303,2995706,2062,85011,1760,201174,0,2
3158,293091,293431,1644056,1644055,183963,28890,0,2157
3159,2931922,2126548,1570339,1737405,1737404,1239,0,2
3160,2931930,1874526,1890438,2881377,3028117,1117,0,2
3161,2931977,1073987,1963268,2235,183963,28890,0,2157
3162,29329,28895,186814,68295,186801,1239,0,2
3163,2933293,2022711,2202724,2202723,171536,28890,0,2157
3164,2933872,2837502,186817,1385,91061,1239,0,2
3165,2934315,2997360,186803,186802,186801,1239,0,2
3166,2934340,2907493,2236,2235,183963,28890,0,2157
3167,2935863,1858563,72275,135622,1236,1224,0,2
3168,29360,698776,3018741,186802,186801,1239,0,2
3169,29394,29393,186828,186826,91061,1239,0,2
3170,2940302,559173,33958,186826,91061,1239,0,2
3171,29405,29404,31957,85009,1760,201174,0,2
3172,2943192,265487,2691357,2691354,203683,203682,0,2
3173,2944850,2944849,0,0,2731619,2731618,2731360,10239
3174,2944914,3059504,128827,526525,526524,1239,0,2
3175,29459,234,118882,356,28211,1224,0,2
3176,29471,122277,1903410,91347,1236,1224,0,2
3177,2949635,286729,558415,1970189,200643,976,0,2
3178,2949664,2758920,2758916,588673,1497346,201174,0,2
3179,2950108,510690,510685,510684,28211,1224,0,2
3180,29510,338321,170,1643688,203692,203691,0,2
3181,2951978,2733248,11270,11157,2497574,2497569,2732396,10239
3182,2953674,2733245,11270,11157,2497574,2497569,2732396,10239
3183,2953753,2039236,1644061,1644060,183963,28890,0,2157
3184,29539,192992,320796,588674,1497346,201174,0,2
3185,29543,18,213421,69541,3031651,200940,0,2
3186,29546,41707,194924,213115,3031449,200940,0,2
3187,29549,29548,563843,1853224,1853222,1853220,0,2
3188,2955190,2946793,2946194,2942681,0,2732408,2732396,10239
3189,29552,2903106,2146,186329,31969,544448,0,2
3190,2955235,2942978,2942965,1978007,2731619,2731618,2731360,10239
3191,2955236,2946787,0,0,2731619,2731618,2731360,10239
3192,2955237,2946789,2946160,0,2731619,2731618,2731360,10239
3193,2955246,2560087,249310,2732540,2732458,2732405,2732396,10239
3194,2955263,2946790,1661063,2732549,2732505,2732408,2732396,10239
3195,2955284,2946791,39748,2732549,2732505,2732408,2732396,10239
3196,2955291,197911,11308,2499411,2497577,2497569,2732396,10239
3197,2955294,2946792,11118,76804,2732506,2732408,2732396,10239
3198,2955318,1714268,1714267,2732011,2732010,2732009,2732006,10239
3199,2955324,2946794,0,0,2731619,2731618,2731360,10239
3200,2955329,2946795,0,0,2731619,2731618,2731360,10239
3201,2955330,2946796,11270,11157,2497574,2497569,2732396,10239
3202,2955355,2946798,2946178,2732536,2732423,2732416,2732092,10239
3203,2955357,2946799,2946189,2942679,2732423,2732416,2732092,10239
3204,2955358,2946800,2946170,0,2731619,2731618,2731360,10239
3205,2955361,2946802,2501987,11157,2497574,2497569,2732396,10239
3206,2955362,2946803,2501987,11157,2497574,2497569,2732396,10239
3207,2955363,2946804,0,0,2731619,2731618,2731360,10239
3208,2955364,2946805,0,0,2731619,2731618,2731360,10239
3209,2955374,2946806,2946167,0,2731619,2731618,2731360,10239
3210,2955377,2946808,0,0,2731619,2731618,2731360,10239
3211,2955379,2946809,2946178,2732536,2732423,2732416,2732092,10239
3212,2955380,2946810,2946167,0,2731619,2731618,2731360,10239
3213,2955391,2946813,0,0,2731619,2731618,2731360,10239
3214,2955393,2946814,2946166,0,2731619,2731618,2731360,10239
3215,29554,2895509,2895623,2790996,0,544448,0,2
3216,2955410,2946816,2946166,0,2731619,2731618,2731360,10239
3217,2955413,2946818,2976944,2942676,2731619,2731618,2731360,10239
3218,2955419,2946819,0,0,2731619,2731618,2731360,10239
3219,2955426,2946820,0,0,2731619,2731618,2731360,10239
3220,2955454,2946823,1661063,2732549,2732505,2732408,2732396,10239
3221,2955457,2946824,39748,2732549,2732505,2732408,2732396,10239
3222,2955465,197912,11308,2499411,2497577,2497569,2732396,10239
3223,2955476,2946825,2560063,2732504,2732500,2732407,2732396,10239
3224,2955492,2946827,2946194,2942681,0,2732408,2732396,10239
3225,2955496,2946828,0,0,2731619,2731618,2731360,10239
3226,2955497,2946829,0,0,2731619,2731618,2731360,10239
3227,2955513,2946833,2946165,0,2731619,2731618,2731360,10239
3228,2955535,2948639,2946170,0,2731619,2731618,2731360,10239
3229,2955536,2948640,2946160,0,2731619,2731618,2731360,10239
3230,2955537,2943002,2943001,0,2731619,2731618,2731360,10239
3231,2955538,2948641,2946173,0,2731619,2731618,2731360,10239
3232,2955547,2948642,0,0,2731619,2731618,2731360,10239
3233,2955566,2948647,0,0,2731619,2731618,2731360,10239
3234,2955570,2948648,2946168,0,2731619,2731618,2731360,10239
3235,2955571,2948649,0,0,2731619,2731618,2731360,10239
3236,2955581,2948651,2946170,0,2731619,2731618,2731360,10239
3237,2955582,2948652,2942964,1978007,2731619,2731618,2731360,10239
3238,2955592,2948653,0,0,2731619,2731618,2731360,10239
3239,2955593,2948654,2946156,0,2731619,2731618,2731360,10239
3240,2955594,2948655,0,0,2731619,2731618,2731360,10239
3241,2955597,2948656,0,0,2731619,2731618,2731360,10239
3242,2955598,2948657,2946156,0,2731619,2731618,2731360,10239
3243,2955599,2943003,2943001,0,2731619,2731618,2731360,10239
3244,2955600,2948658,11270,11157,2497574,2497569,2732396,10239
3245,2955602,2948659,2946160,0,2731619,2731618,2731360,10239
3246,2955604,2948660,2946172,0,2731619,2731618,2731360,10239
3247,2955700,2948662,2946170,0,2731619,2731618,2731360,10239
3248,2955702,2948664,1980417,1980410,2497576,2497569,2732396,10239
3249,2955706,2948666,2946161,0,2731619,2731618,2731360,10239
3250,2955709,2948667,0,0,2731619,2731618,2731360,10239
3251,2955710,2948668,0,0,2731619,2731618,2731360,10239
3252,2955720,2948669,2501987,11157,2497574,2497569,2732396,10239
3253,2955728,2948670,2501987,11157,2497574,2497569,2732396,10239
3254,2955736,2948672,2946167,0,2731619,2731618,2731360,10239
3255,2955737,2948674,0,0,2731619,2731618,2731360,10239
3256,2955738,2942995,2942966,1978007,2731619,2731618,2731360,10239
3257,2955742,2948675,39748,2732549,2732505,2732408,2732396,10239
3258,2955744,1511083,11308,2499411,2497577,2497569,2732396,10239
3259,2955746,1891715,151341,2732532,2732421,2732415,2732092,10239
3260,2955747,2948676,2560063,2732504,2732500,2732407,2732396,10239
3261,2955750,2948677,0,0,2731619,2731618,2731360,10239
3262,2955751,2948678,0,0,2731619,2731618,2731360,10239
3263,2955753,2948679,0,0,2731619,2731618,2731360,10239
3264,2955763,2948681,2501985,11157,2497574,2497569,2732396,10239
3265,2955764,2948682,2946180,2942676,2731619,2731618,2731360,10239
3266,2955796,2948686,2732892,2732503,2732499,2732407,2732396,10239
3267,2955840,2943004,2943001,0,2731619,2731618,2731360,10239
3268,2955841,2948687,2946167,0,2731619,2731618,2731360,10239
3269,2955842,2948689,0,0,2731619,2731618,2731360,10239
3270,2955843,2948690,2842329,0,2731619,2731618,2731360,10239
3271,2955845,2948691,2946165,0,2731619,2731618,2731360,10239
3272,2955846,2948692,2946193,2942680,2731619,2731618,2731360,10239
3273,2955847,2948693,2842329,0,2731619,2731618,2731360,10239
3274,2955848,2948694,0,0,2731619,2731618,2731360,10239
3275,2955859,2948696,2946160,0,2731619,2731618,2731360,10239
3276,2955860,2943005,2943001,0,2731619,2731618,2731360,10239
3277,2955862,2948698,2946162,0,2731619,2731618,2731360,10239
3278,2955863,2948699,39748,2732549,2732505,2732408,2732396,10239
3279,2955871,2948700,2560063,2732504,2732500,2732407,2732396,10239
3280,2955872,2948701,39748,2732549,2732505,2732408,2732396,10239
3281,2955874,2948703,2946167,0,2731619,2731618,2731360,10239
3282,2955875,2948704,2842329,0,2731619,2731618,2731360,10239
3283,2955881,2948705,2946173,0,2731619,2731618,2731360,10239
3284,2955887,2943006,2943001,0,2731619,2731618,2731360,10239
3285,2955888,2948706,0,0,2731619,2731618,2731360,10239
3286,2955891,2948708,0,0,2731619,2731618,2731360,10239
3287,2955912,2948710,2946175,0,2731619,2731618,2731360,10239
3288,2955917,2948711,0,0,2731619,2731618,2731360,10239
3289,2955918,2948712,0,0,2731619,2731618,2731360,10239
3290,2955922,2948713,2946158,0,2731619,2731618,2731360,10239
3291,2955924,2948714,2946160,0,2731619,2731618,2731360,10239
3292,2955927,2948717,675061,675063,2732461,2732406,2732396,10239
3293,2955929,2948718,1661063,2732549,2732505,2732408,2732396,10239
3294,2955935,197913,11308,2499411,2497577,2497569,2732396,10239
3295,2955940,2948720,2560063,2732504,2732500,2732407,2732396,10239
3296,2955942,2943007,2943001,0,2731619,2731618,2731360,10239
3297,2955943,2948722,2946167,0,2731619,2731618,2731360,10239
3298,2955944,2948723,2946167,0,2731619,2731618,2731360,10239
3299,2955946,2948724,2946167,0,2731619,2731618,2731360,10239
3300,2955947,2948725,2946160,0,2731619,2731618,2731360,10239
3301,2955953,2948726,0,0,2731619,2731618,2731360,10239
3302,2955956,2948728,2946160,0,2731619,2731618,2731360,10239
3303,2955958,2948729,2946160,0,2731619,2731618,2731360,10239
3304,2955959,2948730,2946178,2732536,2732423,2732416,2732092,10239
3305,295596,295595,2092,2085,31969,544448,0,2
3306,2955961,2948731,2946175,0,2731619,2731618,2731360,10239
3307,2955964,2948732,2946170,0,2731619,2731618,2731360,10239
3308,2955965,2948733,2946166,0,2731619,2731618,2731360,10239
3309,2955966,2943008,2943001,0,2731619,2731618,2731360,10239
3310,2955967,2948734,2501985,11157,2497574,2497569,2732396,10239
3311,2955968,2948735,2976943,2942680,2731619,2731618,2731360,10239
3312,2955970,2948737,2946195,0,0,2732408,2732396,10239
3313,2955971,2948738,2946191,2942680,2731619,2731618,2731360,10239
3314,2955972,2948752,2946160,0,2731619,2731618,2731360,10239
3315,2955979,2948753,2946169,0,2731619,2731618,2731360,10239
3316,2955982,2948754,2946155,0,2731619,2731618,2731360,10239
3317,2955984,2948756,2946181,2942676,2731619,2731618,2731360,10239
3318,2955985,2948758,2946178,2732536,2732423,2732416,2732092,10239
3319,2955986,2948760,2842328,0,2731619,2731618,2731360,10239
3320,2955987,39760,2732890,2732544,2732461,2732406,2732396,10239
3321,2955988,2948763,2946178,2732536,2732423,2732416,2732092,10239
3322,2955989,2948764,0,0,2731619,2731618,2731360,10239
3323,2955990,2948765,0,0,2731619,2731618,2731360,10239
3324,2955992,2948766,2946157,0,2731619,2731618,2731360,10239
3325,2955993,2948834,1312872,76804,2732506,2732408,2732396,10239
3326,2955994,2943009,2943001,0,2731619,2731618,2731360,10239
3327,2955998,2948767,2942964,1978007,2731619,2731618,2731360,10239
3328,2956000,2948769,0,0,2731619,2731618,2731360,10239
3329,2956010,2948770,2946170,0,2731619,2731618,2731360,10239
3330,2956015,2948771,0,0,2731619,2731618,2731360,10239
3331,2956041,2948775,0,0,2731619,2731618,2731360,10239
3332,2956043,2948776,2946175,0,2731619,2731618,2731360,10239
3333,2956045,2948777,2946170,0,2731619,2731618,2731360,10239
3334,2956049,2948779,2946167,0,2731619,2731618,2731360,10239
3335,2956052,2948780,2946167,0,2731619,2731618,2731360,10239
3336,2956053,2942980,2942965,1978007,2731619,2731618,2731360,10239
3337,2956056,2948781,0,0,2731619,2731618,2731360,10239
3338,2956058,2948783,1980416,1980410,2497576,2497569,2732396,10239
3339,2956059,2948784,0,0,2731619,2731618,2731360,10239
3340,2956062,2943010,2943001,0,2731619,2731618,2731360,10239
3341,2956068,1982076,0,0,2731619,2731618,2731360,10239
3342,2956092,2948789,0,0,2731619,2731618,2731360,10239
3343,2956095,2948790,2946173,0,2731619,2731618,2731360,10239
3344,2956096,2948791,0,0,2731619,2731618,2731360,10239
3345,2956098,2948792,2732892,2732503,2732499,2732407,2732396,10239
3346,2956100,2948794,1980416,1980410,2497576,2497569,2732396,10239
3347,2956101,2948795,1980416,1980410,2497576,2497569,2732396,10239
3348,2956102,2948796,2946190,2942680,2731619,2731618,2731360,10239
3349,2956105,2943011,2943001,0,2731619,2731618,2731360,10239
3350,2956108,2948798,2946159,0,2731619,2731618,2731360,10239
3351,2956122,2948801,0,0,2731619,2731618,2731360,10239
3352,2956123,2948802,0,0,2731619,2731618,2731360,10239
3353,2956125,2948803,2946160,0,2731619,2731618,2731360,10239
3354,2956126,2948804,2946182,2942676,2731619,2731618,2731360,10239
3355,2956130,2948805,10860,2732094,2732411,2732410,2732090,10239
3356,2956131,2948806,2946160,0,2731619,2731618,2731360,10239
3357,2956134,2948807,0,0,2731619,2731618,2731360,10239
3358,2956138,2948808,2946173,0,2731619,2731618,2731360,10239
3359,2956139,2733267,2508209,76804,2732506,2732408,2732396,10239
3360,2956144,2948809,2946160,0,2731619,2731618,2731360,10239
3361,2956146,2948810,0,0,2731619,2731618,2731360,10239
3362,2956148,2948811,2501985,11157,2497574,2497569,2732396,10239
3363,2956181,2948814,2946160,0,2731619,2731618,2731360,10239
3364,2956185,2948816,0,0,2731619,2731618,2731360,10239
3365,2956186,2943012,2943001,0,2731619,2731618,2731360,10239
3366,2956187,2948817,2946189,2942679,2732423,2732416,2732092,10239
3367,2956188,2948818,2946188,2942678,2732423,2732416,2732092,10239
3368,2956190,2948821,2946184,2942677,2731619,2731618,2731360,10239
3369,2956191,2948822,0,0,2731619,2731618,2731360,10239
3370,2956195,2948823,2946190,2942680,2731619,2731618,2731360,10239
3371,2956196,2948824,2946190,2942680,2731619,2731618,2731360,10239
3372,2956197,2948825,2946189,2942679,2732423,2732416,2732092,10239
3373,2956199,2948826,2946163,0,2731619,2731618,2731360,10239
3374,2956200,2948827,0,0,2731619,2731618,2731360,10239
3375,2956206,2948828,2946170,0,2731619,2731618,2731360,10239
3376,2956208,2948829,0,0,2731619,2731618,2731360,10239
3377,2956210,2948832,0,0,2731619,2731618,2731360,10239
3378,2956212,2948833,0,0,2731619,2731618,2731360,10239
3379,2956213,2948835,2946188,2942678,2732423,2732416,2732092,10239
3380,2956214,2948836,2946156,0,2731619,2731618,2731360,10239
3381,2956221,2948838,2946160,0,2731619,2731618,2731360,10239
3382,2956223,2948839,2946160,0,2731619,2731618,2731360,10239
3383,2956224,2948840,199704,76804,2732506,2732408,2732396,10239
3384,2956229,2948842,2946164,0,2731619,2731618,2731360,10239
3385,2956232,2948843,11266,11157,2497574,2497569,2732396,10239
3386,2956234,2948846,2842329,0,2731619,2731618,2731360,10239
3387,2956235,2948847,0,0,2731619,2731618,2731360,10239
3388,2956240,2948849,2946160,0,2731619,2731618,2731360,10239
3389,2956245,2948850,2946176,1980410,2497576,2497569,2732396,10239
3390,2956252,2948851,585893,2732549,2732505,2732408,2732396,10239
3391,2956262,2948855,2946165,0,2731619,2731618,2731360,10239
3392,2956265,2948856,2842329,0,2731619,2731618,2731360,10239
3393,2956268,2942981,2942965,1978007,2731619,2731618,2731360,10239
3394,2956282,2948858,2501985,11157,2497574,2497569,2732396,10239
3395,2956283,2948859,2842329,0,2731619,2731618,2731360,10239
3396,2956300,2948860,2946174,0,2731619,2731618,2731360,10239
3397,2956310,2948861,0,0,2731619,2731618,2731360,10239
3398,2956312,2948862,2501987,11157,2497574,2497569,2732396,10239
3399,2956313,2948863,2946188,2942678,2732423,2732416,2732092,10239
3400,2956314,2948864,0,0,2731619,2731618,2731360,10239
3401,2956315,2943014,2943001,0,2731619,2731618,2731360,10239
3402,2956317,2948865,0,0,2731619,2731618,2731360,10239
3403,2956318,2948866,0,0,2731619,2731618,2731360,10239
3404,2956325,2948869,2946175,0,2731619,2731618,2731360,10239
3405,2956326,2948870,2946171,0,2731619,2731618,2731360,10239
3406,2956327,2948871,10860,2732094,2732411,2732410,2732090,10239
3407,2956330,2948872,2946160,0,2731619,2731618,2731360,10239
3408,2956343,2948874,0,0,2731619,2731618,2731360,10239
3409,2956344,2948875,0,0,2731619,2731618,2731360,10239
3410,2956346,2948876,2946167,0,2731619,2731618,2731360,10239
3411,2956351,1299308,11308,2499411,2497577,2497569,2732396,10239
3412,2956352,2948877,0,0,2731619,2731618,2731360,10239
3413,2956355,2943015,2943001,0,2731619,2731618,2731360,10239
3414,2956357,2948878,0,0,2731619,2731618,2731360,10239
3415,2956359,2948879,11270,11157,2497574,2497569,2732396,10239
3416,2956364,2948880,2946180,2942676,2731619,2731618,2731360,10239
3417,2956367,1623301,2946173,0,2731619,2731618,2731360,10239
3418,2956368,2843005,2560063,2732504,2732500,2732407,2732396,10239
3419,2956372,2948881,2946178,2732536,2732423,2732416,2732092,10239
3420,2956374,2948882,2501987,11157,2497574,2497569,2732396,10239
3421,2956376,2948884,0,0,2731619,2731618,2731360,10239
3422,2956382,2948885,2946170,0,2731619,2731618,2731360,10239
3423,2956385,2948886,0,0,2731619,2731618,2731360,10239
3424,2956386,2948887,0,0,2731619,2731618,2731360,10239
3425,2956387,2948888,2946180,2942676,2731619,2731618,2731360,10239
3426,2956388,2948889,0,0,2731619,2731618,2731360,10239
3427,2956389,2948890,0,0,2731619,2731618,2731360,10239
3428,2956396,2948891,2946169,0,2731619,2731618,2731360,10239
3429,2956398,2948894,0,0,2731619,2731618,2731360,10239
3430,2956399,2948895,11308,2499411,2497577,2497569,2732396,10239
3431,2956401,2948896,0,0,2731619,2731618,2731360,10239
3432,2956425,2948897,11270,11157,2497574,2497569,2732396,10239
3433,2956426,2948898,2946160,0,2731619,2731618,2731360,10239
3434,2956429,2948899,2976944,2942676,2731619,2731618,2731360,10239
3435,2956430,2948900,0,0,2731619,2731618,2731360,10239
3436,2956431,2948901,0,0,2731619,2731618,2731360,10239
3437,2956433,2943017,2943001,0,2731619,2731618,2731360,10239
3438,2956437,2943018,2943001,0,2731619,2731618,2731360,10239
3439,2956439,2948904,2946160,0,2731619,2731618,2731360,10239
3440,2956442,2943019,2943001,0,2731619,2731618,2731360,10239
3441,2956443,2948905,0,0,2731619,2731618,2731360,10239
3442,2956444,2948906,0,0,2731619,2731618,2731360,10239
3443,2956445,2948907,2732894,76804,2732506,2732408,2732396,10239
3444,2956449,1308858,11270,11157,2497574,2497569,2732396,10239
3445,2956453,2948908,11270,11157,2497574,2497569,2732396,10239
3446,2956458,2948910,0,0,2731619,2731618,2731360,10239
3447,2956463,2948911,0,0,2731619,2731618,2731360,10239
3448,2956465,2948912,2946175,0,2731619,2731618,2731360,10239
3449,2956469,2948913,2946160,0,2731619,2731618,2731360,10239
3450,2956470,2948914,0,0,2731619,2731618,2731360,10239
3451,2956473,2948916,2501987,11157,2497574,2497569,2732396,10239
3452,2956475,2948917,2946175,0,2731619,2731618,2731360,10239
3453,2956486,2948918,2501987,11157,2497574,2497569,2732396,10239
3454,2956487,2948919,675068,675063,2732461,2732406,2732396,10239
3455,2956489,2948920,2501987,11157,2497574,2497569,2732396,10239
3456,2956490,2948921,11266,11157,2497574,2497569,2732396,10239
3457,2956521,2948923,39748,2732549,2732505,2732408,2732396,10239
3458,2956529,2948925,0,0,2731619,2731618,2731360,10239
3459,2956534,2948926,0,0,2731619,2731618,2731360,10239
3460,2956537,2948927,0,0,2731619,2731618,2731360,10239
3461,2956538,2948928,1312872,76804,2732506,2732408,2732396,10239
3462,2956539,2948929,1312872,76804,2732506,2732408,2732396,10239
3463,2956542,2948930,39738,2732548,2732463,2732406,2732396,10239
3464,2956543,2948931,2976943,2942680,2731619,2731618,2731360,10239
3465,2956546,2948932,2732892,2732503,2732499,2732407,2732396,10239
3466,2956556,2948933,2842329,0,2731619,2731618,2731360,10239
3467,2956558,2948934,2501985,11157,2497574,2497569,2732396,10239
3468,2956575,2948937,0,0,2731619,2731618,2731360,10239
3469,2956576,2948938,2501985,11157,2497574,2497569,2732396,10239
3470,2956579,2948939,0,0,2731619,2731618,2731360,10239
3471,2956619,2948940,2732892,2732503,2732499,2732407,2732396,10239
3472,2956628,2948941,2501987,11157,2497574,2497569,2732396,10239
3473,2956629,2948942,2946167,0,2731619,2731618,2731360,10239
3474,2956630,2948943,2946189,2942679,2732423,2732416,2732092,10239
3475,2956633,2948944,10860,2732094,2732411,2732410,2732090,10239
3476,2956634,2948945,2508209,76804,2732506,2732408,2732396,10239
3477,2956636,2948946,0,0,2731619,2731618,2731360,10239
3478,2956645,2948947,2842329,0,2731619,2731618,2731360,10239
3479,2956649,2948949,0,0,2731619,2731618,2731360,10239
3480,2956672,2948951,2946167,0,2731619,2731618,2731360,10239
3481,2956679,2948952,2942964,1978007,2731619,2731618,2731360,10239
3482,2956698,2948953,2942964,1978007,2731619,2731618,2731360,10239
3483,2956699,2942982,2942965,1978007,2731619,2731618,2731360,10239
3484,2956700,2948954,0,0,2731619,2731618,2731360,10239
3485,2956701,2948955,2501987,11157,2497574,2497569,2732396,10239
3486,2956702,2948956,2946162,0,2731619,2731618,2731360,10239
3487,2956703,2948957,675061,675063,2732461,2732406,2732396,10239
3488,2956706,2948959,0,0,2731619,2731618,2731360,10239
3489,2956707,2948960,0,0,2731619,2731618,2731360,10239
3490,2956710,2943020,2943001,0,2731619,2731618,2731360,10239
3491,2956712,2948963,0,0,2731619,2731618,2731360,10239
3492,2956798,940550,1706371,1706369,1236,1224,0,2
3493,2961574,1427149,1963268,2235,183963,28890,0,2157
3494,2961595,871740,2236,2235,183963,28890,0,2157
3495,2962671,3056835,1963268,2235,183963,28890,0,2157
3496,2962673,2806252,1963268,2235,183963,28890,0,2157
3497,2963434,2174848,1644061,1644060,183963,28890,0,2157
3498,2966552,3048127,216572,186802,186801,1239,0,2
3499,296745,379065,186817,1385,91061,1239,0,2
3500,297,70774,206349,119069,2008785,1224,0,2
3501,2970906,191,2829815,204441,28211,1224,0,2
3502,2974023,3050007,3050006,134621,203494,74201,0,2
3503,2974039,1198,1892254,1150,3028117,1117,0,2
3504,2975055,2056696,2056687,72273,1236,1224,0,2
3505,2975157,2975149,2896860,768507,768503,976,0,2
3506,2976241,1453544,1775411,135614,1236,1224,0,2
3507,2976982,2838409,2024974,2024973,1553900,3018035,0,2
3508,2979464,156993,2762302,768507,768503,976,0,2
3509,2980027,3033930,186817,1385,91061,1239,0,2
3510,2980099,1100891,506,80840,28216,1224,0,2
3511,2980100,300264,1499392,206351,28216,1224,0,2
3512,2981137,585890,1499392,206351,28216,1224,0,2
3513,2981138,130795,2070,85010,1760,201174,0,2
3514,298331,129876,10508,2732559,2732529,2732008,2732005,10239
3515,298338,2843016,2560065,0,2731619,2731618,2731360,10239
3516,2984951,1255275,1643949,1643947,188708,200918,0,2
3517,2985506,1649457,85023,85006,1760,201174,0,2
3518,298654,2994363,74712,85013,1760,201174,0,2
3519,2986923,1612611,82115,356,28211,1224,0,2
3520,2986949,1775688,255475,356,28211,1224,0,2
3521,299262,299261,2854170,204455,28211,1224,0,2
3522,2994555,3051458,200667,768507,768503,976,0,2
3523,2995304,53,224463,3031713,0,2818505,0,2
3524,2999116,1434026,31979,186802,186801,1239,0,2
3525,300019,33882,85023,85006,1760,201174,0,2
3526,300180,11618,11617,1980410,2497576,2497569,2732396,10239
3527,300186,564646,10477,1511857,2841637,2840024,2840023,10239
3528,300231,89404,72275,135622,1236,1224,0,2
3529,3003601,1257,186804,186802,186801,1239,0,2
3530,3004129,2905949,213116,213115,3031449,200940,0,2
3531,3015160,265431,28056,85008,1760,201174,0,2
3532,3015995,1751296,31989,204455,28211,1224,0,2
3533,3022676,359337,1706371,1706369,1236,1224,0,2
3534,3022791,2901164,135621,72274,1236,1224,0,2
3535,3024400,3058346,1549128,362534,28211,1224,0,2
3536,3025782,78526,82115,356,28211,1224,0,2
3537,3028315,475230,186821,1385,91061,1239,0,2
3538,3028735,449972,69277,356,28211,1224,0,2
3539,3029084,3029078,3029085,649776,649775,508458,0,2
3540,3031917,1548510,171551,171549,200643,976,0,2
3541,3031919,2303321,543,91347,1236,1224,0,2
3542,3034023,2841540,1963268,2235,183963,28890,0,2157
3543,3035694,41273,1737406,1737405,1737404,1239,0,2
3544,3036126,214904,186804,186802,186801,1239,0,2
3545,3036945,1155385,31979,186802,186801,1239,0,2
3546,3037797,1114981,2975441,80840,28216,1224,0,2
3547,3039386,212744,75682,80840,28216,1224,0,2
3548,3039851,1617805,31989,204455,28211,1224,0,2
3549,3040677,2493629,2493628,2493627,28211,1224,0,2
3550,3040935,512381,433,204441,28211,1224,0,2
3551,3041175,369926,31957,85009,1760,201174,0,2
3552,3041435,184923,45404,356,28211,1224,0,2
3553,304207,2767891,33958,186826,91061,1239,0,2
3554,3042615,1621534,72275,135622,1236,1224,0,2
3555,304399,573055,10240,2732527,2732525,2732007,2732005,10239
3556,3045146,2304687,216572,186802,186801,1239,0,2
3557,3045816,3045815,2303527,1890424,3028117,1117,0,2
3558,3045953,2560155,11158,11157,2497574,2497569,2732396,10239
3559,3047343,315393,549779,2732554,2732523,2732007,2732005,10239
3560,3047688,12270,675072,464095,2732506,2732408,2732396,10239
3561,3047689,564643,10993,0,0,0,2732396,10239
3562,3047693,2022856,2560061,2732544,2732461,2732406,2732396,10239
3563,3047694,187214,186534,2169561,2732514,2732409,2732397,10239
3564,3047701,12269,675072,464095,2732506,2732408,2732396,10239
3565,3047716,3044800,549779,2732554,2732523,2732007,2732005,10239
3566,3047724,1911600,39738,2732548,2732463,2732406,2732396,10239
3567,3047736,186533,186534,2169561,2732514,2732409,2732397,10239
3568,3047742,310684,675072,464095,2732506,2732408,2732396,10239
3569,3047743,227307,687329,0,0,0,0,10239
3570,3047744,742914,39724,2732536,2732423,2732416,2732092,10239
3571,3047755,675070,2560061,2732544,2732461,2732406,2732396,10239
3572,3047757,12051,249184,675063,2732461,2732406,2732396,10239
3573,3047758,10652,186534,2169561,2732514,2732409,2732397,10239
3574,3047771,12258,675072,464095,2732506,2732408,2732396,10239
3575,3047780,12141,39738,2732548,2732463,2732406,2732396,10239
3576,3047782,558019,10442,2840070,2840056,0,0,10239
3577,3047794,1921707,43682,2732555,2732523,2732007,2732005,10239
3578,3047811,39752,10993,0,0,0,2732396,10239
3579,3047818,12148,249184,675063,2732461,2732406,2732396,10239
3580,3047836,1299310,39738,2732548,2732463,2732406,2732396,10239
3581,3047838,1299312,39738,2732548,2732463,2732406,2732396,10239
3582,3047840,199703,199704,76804,2732506,2732408,2732396,10239
3583,3047842,39725,39724,2732536,2732423,2732416,2732092,10239
3584,3047853,249185,249184,675063,2732461,2732406,2732396,10239
3585,3047860,1511853,1511852,2840070,2840056,0,0,10239
3586,3047949,1513277,2560061,2732544,2732461,2732406,2732396,10239
3587,3047951,1922209,232795,464095,2732506,2732408,2732396,10239
3588,3048007,58842,2854170,204455,28211,1224,0,2
3589,3048148,162387,11244,11157,2497574,2497569,2732396,10239
3590,3048151,39751,10993,0,0,0,2732396,10239
3591,3048161,186457,39738,2732548,2732463,2732406,2732396,10239
3592,3048190,39739,39738,2732548,2732463,2732406,2732396,10239
3593,3048191,1299313,39738,2732548,2732463,2732406,2732396,10239
3594,3048203,10639,186534,2169561,2732514,2732409,2732397,10239
3595,3048222,558018,10442,2840070,2840056,0,0,10239
3596,3048227,146761,39738,2732548,2732463,2732406,2732396,10239
3597,3048230,1299309,39738,2732548,2732463,2732406,2732396,10239
3598,3048238,558016,10442,2840070,2840056,0,0,10239
3599,3048242,186844,39738,2732548,2732463,2732406,2732396,10239
3600,3048243,12057,675072,464095,2732506,2732408,2732396,10239
3601,3048247,39734,39738,2732548,2732463,2732406,2732396,10239
3602,3048250,1911601,39738,2732548,2732463,2732406,2732396,10239
3603,3048254,1911602,39738,2732548,2732463,2732406,2732396,10239
3604,3048255,1911599,39738,2732548,2732463,2732406,2732396,10239
3605,3048260,2842693,1511852,2840070,2840056,0,0,10239
3606,3048265,186845,186534,2169561,2732514,2732409,2732397,10239
3607,3048295,12266,39738,2732548,2732463,2732406,2732396,10239
3608,3048297,144051,232795,464095,2732506,2732408,2732396,10239
3609,3048298,187212,186534,2169561,2732514,2732409,2732397,10239
3610,3048299,12050,675072,464095,2732506,2732408,2732396,10239
3611,3048303,1748295,186534,2169561,2732514,2732409,2732397,10239
3612,3048307,2843011,186534,2169561,2732514,2732409,2732397,10239
3613,3048309,232799,699189,464095,2732506,2732408,2732396,10239
3614,3048320,1511861,1511860,2732549,2732505,2732408,2732396,10239
3615,3048322,12036,39738,2732548,2732463,2732406,2732396,10239
3616,3048333,43680,43682,2732555,2732523,2732007,2732005,10239
3617,3048343,215920,675072,464095,2732506,2732408,2732396,10239
3618,3048357,1213379,232795,464095,2732506,2732408,2732396,10239
3619,3048359,2733288,10993,0,0,0,2732396,10239
3620,3048365,2842638,1511852,2840070,2840056,0,0,10239
3621,3048369,1299311,39738,2732548,2732463,2732406,2732396,10239
3622,3048371,1232640,186534,2169561,2732514,2732409,2732397,10239
3623,3048378,675073,675072,464095,2732506,2732408,2732396,10239
3624,3048379,687336,687329,0,0,0,0,10239
3625,3048380,687333,687329,0,0,0,0,10239
3626,3048407,687332,687329,0,0,0,0,10239
3627,3048408,687339,687329,0,0,0,0,10239
3628,3048409,1218487,687329,0,0,0,0,10239
3629,3048411,687335,687329,0,0,0,0,10239
3630,3048412,687334,687329,0,0,0,0,10239
3631,3048413,687331,687329,0,0,0,0,10239
3632,3048446,2842851,10292,548681,2731363,2731361,2731360,10239
3633,3048448,3044782,11050,2732545,2732462,2732406,2732396,10239
3634,3048452,558017,10442,2840070,2840056,0,0,10239
3635,3048456,39750,10993,0,0,0,2732396,10239
3636,3048462,2560258,1511860,2732549,2732505,2732408,2732396,10239
3637,304895,414878,414877,414714,1760,201174,0,2
3638,3049952,186938,11158,11157,2497574,2497569,2732396,10239
3639,3050072,415014,0,186802,186801,1239,0,2
3640,3050134,548687,10292,548681,2731363,2731361,2731360,10239
3641,3050245,10319,10292,548681,2731363,2731361,2731360,10239
3642,3050248,1868215,11244,11157,2497574,2497569,2732396,10239
3643,3050250,10375,10292,548681,2731363,2731361,2731360,10239
3644,3050271,3044698,548682,548681,2731363,2731361,2731360,10239
3645,3050272,2842564,10292,548681,2731363,2731361,2731360,10239
3646,3050273,548689,10292,548681,2731363,2731361,2731360,10239
3647,3050281,548688,10292,548681,2731363,2731361,2731360,10239
3648,3050288,180252,10292,548681,2731363,2731361,2731360,10239
3649,3050290,1513230,548685,548681,2731363,2731361,2731360,10239
3650,3050296,40272,10292,548681,2731363,2731361,2731360,10239
3651,3050300,10379,10292,548681,2731363,2731361,2731360,10239
3652,3050301,3044737,548682,548681,2731363,2731361,2731360,10239
3653,3050305,10294,10292,548681,2731363,2731361,2731360,10239
3654,3050324,10365,10292,548681,2731363,2731361,2731360,10239
3655,3050331,548686,548685,548681,2731363,2731361,2731360,10239
3656,3050334,10358,10292,548681,2731363,2731361,2731360,10239
3657,3050344,180255,10292,548681,2731363,2731361,2731360,10239
3658,3050347,3044671,548682,548681,2731363,2731361,2731360,10239
3659,3050351,3044809,548682,548681,2731363,2731361,2731360,10239
3660,3050360,1232637,10292,548681,2731363,2731361,2731360,10239
3661,3050362,2842996,10292,548681,2731363,2731361,2731360,10239
3662,3051371,2560174,11158,11157,2497574,2497569,2732396,10239
3663,3051383,2560194,11158,11157,2497574,2497569,2732396,10239
3664,3051404,2560082,1980413,1980410,2497576,2497569,2732396,10239
3665,3051410,2560083,1980413,1980410,2497576,2497569,2732396,10239
3666,3051412,2842365,687329,0,0,0,0,10239
3667,3051624,310911,10780,2732534,2732422,2732415,2732092,10239
3668,3051975,2560091,11617,1980410,2497576,2497569,2732396,10239
3669,3051977,2733223,10780,2732534,2732422,2732415,2732092,10239
3670,3051980,1232658,11158,11157,2497574,2497569,2732396,10239
3671,3051983,1511864,10780,2732534,2732422,2732415,2732092,10239
3672,3051995,2501981,1980418,1980410,2497576,2497569,2732396,10239
3673,3052000,1511854,1511852,2840070,2840056,0,0,10239
3674,3052025,2733224,10780,2732534,2732422,2732415,2732092,10239
3675,3052045,1507401,10780,2732534,2732422,2732415,2732092,10239
3676,3052086,203133,31957,85009,1760,201174,0,2
3677,3052099,2733230,10780,2732534,2732422,2732415,2732092,10239
3678,3052115,2733231,10780,2732534,2732422,2732415,2732092,10239
3679,3052116,2842598,687329,0,0,0,0,10239
3680,3052136,2560118,1980418,1980410,2497576,2497569,2732396,10239
3681,3052142,1511888,10780,2732534,2732422,2732415,2732092,10239
3682,3052148,1513236,11266,11157,2497574,2497569,2732396,10239
3683,3052172,2733242,11158,11157,2497574,2497569,2732396,10239
3684,3052181,2733240,11266,11157,2497574,2497569,2732396,10239
3685,3052182,2169608,2169567,2732535,2732423,2732416,2732092,10239
3686,3052183,2842645,10780,2732534,2732422,2732415,2732092,10239
3687,3052184,2733292,186534,2169561,2732514,2732409,2732397,10239
3688,3052186,2733257,1980418,1980410,2497576,2497569,2732396,10239
3689,3052189,40121,10780,2732534,2732422,2732415,2732092,10239
3690,3052195,687337,687329,0,0,0,0,10239
3691,3052202,2501995,1980417,1980410,2497576,2497569,2732396,10239
3692,3052205,1283308,11158,11157,2497574,2497569,2732396,10239
3693,3052209,1285591,1285590,2840070,2840056,0,0,10239
3694,3052212,1980420,1980418,1980410,2497576,2497569,2732396,10239
3695,3052214,2169607,11617,1980410,2497576,2497569,2732396,10239
3696,3052220,2733225,10780,2732534,2732422,2732415,2732092,10239
3697,3052223,260964,11158,11157,2497574,2497569,2732396,10239
3698,3052230,11102,11050,2732545,2732462,2732406,2732396,10239
3699,3052240,2733232,10780,2732534,2732422,2732415,2732092,10239
3700,3052243,1980533,1980416,1980410,2497576,2497569,2732396,10239
3701,3052245,3044730,3044473,0,2731619,2731618,2731360,10239
3702,3052246,2733243,11158,11157,2497574,2497569,2732396,10239
3703,3052248,2501976,1980418,1980410,2497576,2497569,2732396,10239
3704,3052249,2501977,1980418,1980410,2497576,2497569,2732396,10239
3705,3052250,2501978,1980418,1980410,2497576,2497569,2732396,10239
3706,3052252,2842749,1980417,1980410,2497576,2497569,2732396,10239
3707,3052253,3044736,10780,2732534,2732422,2732415,2732092,10239
3708,3052256,40122,10780,2732534,2732422,2732415,2732092,10239
3709,3052260,2733258,1980418,1980410,2497576,2497569,2732396,10239
3710,3052269,2501997,1980417,1980410,2497576,2497569,2732396,10239
3711,3052270,2169609,2169567,2732535,2732423,2732416,2732092,10239
3712,3052273,1218489,687329,0,0,0,0,10239
3713,3052279,2560166,1980418,1980410,2497576,2497569,2732396,10239
3714,3052280,2733259,1980418,1980410,2497576,2497569,2732396,10239
3715,3052282,2501366,1980413,1980410,2497576,2497569,2732396,10239
3716,3052303,1653394,11617,1980410,2497576,2497569,2732396,10239
3717,3052334,3044759,1980418,1980410,2497576,2497569,2732396,10239
3718,3052338,2501367,1980413,1980410,2497576,2497569,2732396,10239
3719,3052340,2501979,1980418,1980410,2497576,2497569,2732396,10239
3720,3052345,11229,11158,11157,2497574,2497569,2732396,10239
3721,3052348,1285593,1285590,2840070,2840056,0,0,10239
3722,3052349,2842886,10780,2732534,2732422,2732415,2732092,10239
3723,3052350,2560179,687329,0,0,0,0,10239
3724,3052354,2560185,11158,11157,2497574,2497569,2732396,10239
3725,3052361,3044774,0,0,2731619,2731618,2731360,10239
3726,3052362,2842910,1980415,1980410,2497576,2497569,2732396,10239
3727,3052366,2842923,687329,0,0,0,0,10239
3728,3052381,11572,1980416,1980410,2497576,2497569,2732396,10239
3729,3052460,3044781,11266,11157,2497574,2497569,2732396,10239
3730,3052505,3044783,11266,11157,2497574,2497569,2732396,10239
3731,3052514,1980517,1980415,1980410,2497576,2497569,2732396,10239
3732,3052543,1980538,1980417,1980410,2497576,2497569,2732396,10239
3733,3052558,2560195,11158,11157,2497574,2497569,2732396,10239
3734,3052566,2560196,1980419,1980410,2497576,2497569,2732396,10239
3735,3052591,2560198,1980416,1980410,2497576,2497569,2732396,10239
3736,3052593,2560199,11158,11157,2497574,2497569,2732396,10239
3737,3052602,2560200,11158,11157,2497574,2497569,2732396,10239
3738,3052603,2733227,10780,2732534,2732422,2732415,2732092,10239
3739,3052610,1307799,11050,2732545,2732462,2732406,2732396,10239
3740,3052615,2733234,10780,2732534,2732422,2732415,2732092,10239
3741,3052621,11095,11050,2732545,2732462,2732406,2732396,10239
3742,3052632,1980421,1980418,1980410,2497576,2497569,2732396,10239
3743,3052676,11584,1980418,1980410,2497576,2497569,2732396,10239
3744,3052691,2501975,1980418,1980410,2497576,2497569,2732396,10239
3745,3052700,2733228,10780,2732534,2732422,2732415,2732092,10239
3746,3052703,2169610,2169567,2732535,2732423,2732416,2732092,10239
3747,3052717,1506574,10780,2732534,2732422,2732415,2732092,10239
3748,3052724,1653395,11617,1980410,2497576,2497569,2732396,10239
3749,3052728,2560212,1980413,1980410,2497576,2497569,2732396,10239
3750,3052734,2843007,687329,0,0,0,0,10239
3751,3052737,2843013,1980415,1980410,2497576,2497569,2732396,10239
3752,3052740,2560217,11158,11157,2497574,2497569,2732396,10239
3753,3052741,2560224,1980417,1980410,2497576,2497569,2732396,10239
3754,3052742,2733229,10780,2732534,2732422,2732415,2732092,10239
3755,3052745,2733244,11158,11157,2497574,2497569,2732396,10239
3756,3052746,3044818,2169567,2732535,2732423,2732416,2732092,10239
3757,3052748,2501994,1980416,1980410,2497576,2497569,2732396,10239
3758,3052749,2501970,1980415,1980410,2497576,2497569,2732396,10239
3759,3052750,2843044,687329,0,0,0,0,10239
3760,3052753,2948915,675072,464095,2732506,2732408,2732396,10239
3761,3052755,2560232,11266,11157,2497574,2497569,2732396,10239
3762,3052756,2501971,1980415,1980410,2497576,2497569,2732396,10239
3763,3052757,3044836,0,0,2731619,2731618,2731360,10239
3764,3052758,2560234,11158,11157,2497574,2497569,2732396,10239
3765,3052762,12329,1980418,1980410,2497576,2497569,2732396,10239
3766,3052770,1511911,10780,2732534,2732422,2732415,2732092,10239
3767,3052775,2843081,687329,0,0,0,0,10239
3768,3052776,2843082,10780,2732534,2732422,2732415,2732092,10239
3769,3052777,2560236,11266,11157,2497574,2497569,2732396,10239
3770,3052778,687338,687329,0,0,0,0,10239
3771,3052789,2501368,1980413,1980410,2497576,2497569,2732396,10239
3772,3052811,2734594,1980418,1980410,2497576,2497569,2732396,10239
3773,3052813,2733293,186534,2169561,2732514,2732409,2732397,10239
3774,3052821,2843130,687329,0,0,0,0,10239
3775,3052826,2560254,1980418,1980410,2497576,2497569,2732396,10239
3776,3052827,2501998,1980417,1980410,2497576,2497569,2732396,10239
3777,3052828,2843144,1980415,1980410,2497576,2497569,2732396,10239
3778,3052830,2843145,687329,0,0,0,0,10239
3779,3053655,1406885,72275,135622,1236,1224,0,2
3780,305785,645516,2169577,2732553,2732506,2732408,2732396,10239
3781,3058190,3044701,3044477,3044426,2732529,2732008,2732005,10239
3782,3058420,599653,2854170,204455,28211,1224,0,2
3783,307486,114248,0,80840,28216,1224,0,2
3784,309805,182899,224027,32069,187857,200783,0,2
3785,309806,212790,224027,32069,187857,200783,0,2
3786,310575,290425,506,80840,28216,1224,0,2
3787,310750,2003394,564644,2732544,2732461,2732406,2732396,10239
3788,310783,1298,183710,118964,188787,1297,0,2
3789,311180,2919626,2854170,204455,28211,1224,0,2
3790,311182,311181,2008793,32003,28216,1224,0,2
3791,311226,311225,2946187,2732541,2732459,2732405,2732396,10239
3792,311229,311227,2946187,2732541,2732459,2732405,2732396,10239
3793,311400,2263,2259,2258,183968,28890,0,2157
3794,312185,194961,12058,464095,2732506,2732408,2732396,10239
3795,313588,216431,49546,200644,117743,976,0,2
3796,313985,115782,213422,3031668,3031651,200940,0,2
3797,31532,1623305,0,0,2731619,2731618,2731360,10239
3798,31535,1623287,0,0,2731619,2731618,2731360,10239
3799,31537,186532,0,0,2731619,2731618,2731360,10239
3800,315953,680194,423358,0,0,0,0,10239
3801,316068,319458,2896860,768507,768503,976,0,2
3802,316277,43773,213468,2914038,3031648,200940,0,2
3803,31713,67753,69973,2732544,2732461,2732406,2732396,10239
3804,31721,143901,1513233,2732543,2732461,2732406,2732396,10239
3805,318829,48558,2528436,639021,147550,4890,4751,2759
3806,31909,32636,3046412,53433,186801,1239,0,2
3807,31998,407,119045,356,28211,1224,0,2
3808,320122,1912144,0,0,2731619,2731618,2731360,10239
3809,32025,209,72293,213849,3031852,29547,0,2
3810,320324,225842,49546,200644,117743,976,0,2
3811,32046,1129,1890426,1890424,3028117,1117,0,2
3812,320497,320496,433,204441,28211,1224,0,2
3813,323118,675844,39729,2732550,2732507,2732408,2732396,10239
3814,323415,323413,1775411,135614,1236,1224,0,2
3815,324900,324902,324901,464095,2732506,2732408,2732396,10239
3816,32625,39742,39741,2732553,2732506,2732408,2732396,10239
3817,326320,326319,49546,200644,117743,976,0,2
3818,328813,239759,171550,171549,200643,976,0,2
3819,329853,2842664,2842319,2842247,2842243,2732407,2732396,10239
3820,33007,2692118,2049,2037,1760,201174,0,2
3821,33010,1912216,31957,85009,1760,201174,0,2
3822,33025,33024,909930,1843488,909932,1239,0,2
3823,33033,543311,1570339,1737405,1737404,1239,0,2
3824,33037,165779,1570339,1737405,1737404,1239,0,2
3825,33038,2316020,186803,186802,186801,1239,0,2
3826,33045,773,772,356,28211,1224,0,2
3827,33070,2881385,2881384,2881383,3028117,1117,0,2
3828,33072,33071,1890422,307595,3028117,1117,0,2
3829,33074,33073,28256,135619,1236,1224,0,2
3830,33075,33973,204434,204433,204432,57723,0,2
3831,33169,33170,4893,4892,4891,4890,4751,2759
3832,331696,556257,335928,356,28211,1224,0,2
3833,332032,2733083,2946167,0,2731619,2731618,2731360,10239
3834,332055,165695,41297,204457,28211,1224,0,2
3835,332158,332157,2896860,768507,768503,976,0,2
3836,332249,332248,332247,2762275,188787,1297,0,2
3837,332410,33986,0,1385,91061,1239,0,2
3838,333919,333918,151340,2732533,2732421,2732415,2732092,10239
3839,333930,325455,151340,2732533,2732421,2732415,2732092,10239
3840,334204,334202,151340,2732533,2732421,2732415,2732092,10239
3841,334205,475861,151340,2732533,2732421,2732415,2732092,10239
3842,334208,333922,151340,2732533,2732421,2732415,2732092,10239
3843,334543,497,468,2887326,1236,1224,0,2
3844,336261,336260,3029089,649776,649775,508458,0,2
3845,336810,336809,0,200644,117743,976,0,2
3846,336959,249589,39733,2732551,2732507,2732408,2732396,10239
3847,336988,46254,33958,186826,91061,1239,0,2
3848,33724,10988,2946187,2732541,2732459,2732405,2732396,10239
3849,33756,95339,11974,464095,2732506,2732408,2732396,10239
3850,33773,154322,39740,2732544,2732461,2732406,2732396,10239
3851,338079,11640,11632,2169561,2732514,2732409,2732397,10239
3852,338192,338191,338190,31932,1643678,651137,0,2157
3853,338473,2843377,0,0,2731619,2731618,2731360,10239
3854,338565,551,1903409,91347,1236,1224,0,2
3855,338584,338583,28056,85008,1760,201174,0,2
3856,338645,338648,68298,186802,186801,1239,0,2
3857,33871,33870,84107,84999,84998,201174,0,2
3858,338781,699182,2946186,2732541,2732459,2732405,2732396,10239
3859,33888,33886,85023,85006,1760,201174,0,2
3860,33903,1883,2062,85011,1760,201174,0,2
3861,33934,150247,186817,1385,91061,1239,0,2
3862,33936,1055323,186817,1385,91061,1239,0,2
3863,33943,1129704,186823,1385,91061,1239,0,2
3864,33952,33951,186806,186802,186801,1239,0,2
3865,33959,1578,33958,186826,91061,1239,0,2
3866,33970,33969,81852,186826,91061,1239,0,2
3867,33996,89583,433,204441,28211,1224,0,2
3868,34,32,31,29,32015,2818505,0,2
3869,34018,1081,41295,204441,28211,1224,0,2
3870,34029,88,2975441,80840,28216,1224,0,2
3871,340345,65496,2070,85010,1760,201174,0,2
3872,34038,34037,1903411,91347,1236,1224,0,2
3873,340435,2843384,0,0,2731619,2731618,2731360,10239
3874,34070,34069,75682,80840,28216,1224,0,2
3875,34073,34072,80864,80840,28216,1224,0,2
3876,34085,34084,2762318,200644,117743,976,0,2
3877,341045,963,75682,80840,28216,1224,0,2
3878,34105,34104,1129771,203491,203490,32066,0,2
3879,341721,699180,2946187,2732541,2732459,2732405,2732396,10239
3880,341938,2169670,10656,2732558,2732529,2732008,2732005,10239
3881,342409,249585,196937,0,2840056,0,0,10239
3882,342564,2732981,2946167,0,2731619,2731618,2731360,10239
3883,342950,2547964,267890,135622,1236,1224,0,2
3884,343403,343334,49546,200644,117743,976,0,2
3885,343874,59734,2762318,200644,117743,976,0,2
3886,344022,2732928,2731643,0,2731619,2731618,2731360,10239
3887,345201,10491,10486,2732555,2732523,2732007,2732005,10239
3888,347328,1299429,2946162,0,2731619,2731618,2731360,10239
3889,347534,347533,84642,135624,1236,1224,0,2
3890,347962,1623308,0,0,2731619,2731618,2731360,10239
3891,349221,213485,213483,213481,3031418,3018035,0,2
3892,351052,133193,72276,135613,1236,1224,0,2
3893,35128,35127,29202,33847,33836,2836,0,2759
3894,351604,2910589,213422,3031668,3031651,200940,0,2
3895,35238,2843372,0,0,2731619,2731618,2731360,10239
3896,352475,323620,82115,356,28211,1224,0,2
3897,35258,325462,151340,2732533,2732421,2732415,2732092,10239
3898,35288,184751,675068,675063,2732461,2732406,2732396,10239
3899,35297,143919,12283,2732546,2732464,2732406,2732396,10239
3900,35343,2732977,2946167,0,2731619,2731618,2731360,10239
3901,35350,129725,675068,675063,2732461,2732406,2732396,10239
3902,353800,353799,1644061,1644060,183963,28890,0,2157
3903,354,352,135621,72274,1236,1224,0,2
3904,354356,354354,563835,1853229,1853228,976,0,2
3905,355243,515417,135620,135619,1236,1224,0,2
3906,355246,1920864,2731691,0,2731619,2731618,2731360,10239
3907,35554,28231,213422,3031668,3031651,200940,0,2
3908,35612,95337,11974,464095,2732506,2732408,2732396,10239
3909,356322,79598,31984,186802,186801,1239,0,2
3910,35701,2831443,31984,186802,186801,1239,0,2
3911,357794,67572,267894,135622,1236,1224,0,2
3912,35786,68335,2138247,2138246,2138243,2138240,0,2
3913,35806,34008,31989,204455,28211,1224,0,2
3914,35841,1276290,186817,1385,91061,1239,0,2
3915,358766,395331,1198451,2191,224756,28890,0,2157
3916,359408,359407,32011,32003,28216,1224,0,2
3917,36035,36034,34365,4892,4891,4890,4751,2759
3918,361111,361106,213465,213462,3024408,200940,0,2
3919,361183,361177,335929,204457,28211,1224,0,2
3920,362787,282132,92713,1963360,204429,204428,0,2
3921,36363,10494,10486,2732555,2732523,2732007,2732005,10239
3922,36403,1232754,675068,675063,2732461,2732406,2732396,10239
3923,36427,10912,2946186,2732541,2732459,2732405,2732396,10239
3924,364317,364316,80864,80840,28216,1224,0,2
3925,364410,364409,433,204441,28211,1224,0,2
3926,36453,185754,185751,0,0,0,0,10239
3927,365150,675076,675064,675063,2732461,2732406,2732396,10239
3928,365349,365348,1843490,909929,909932,1239,0,2
3929,36835,1506577,186803,186802,186801,1239,0,2
3930,36861,919,2008790,32003,28216,1224,0,2
3931,36863,36862,2975441,80840,28216,1224,0,2
3932,36873,1822464,119060,80840,28216,1224,0,2
3933,369960,153135,11632,2169561,2732514,2732409,2732397,10239
3934,370038,2905722,194924,213115,3031449,200940,0,2
3935,370405,96,90627,32003,28216,1224,0,2
3936,370777,490567,32033,135614,1236,1224,0,2
3937,371036,2837503,186817,1385,91061,1239,0,2
3938,37128,186886,675071,2732544,2732461,2732406,2732396,10239
3939,37206,85651,1283207,2732543,2732461,2732406,2732396,10239
3940,37329,1817,85025,85007,1760,201174,0,2
3941,373407,1623288,0,0,2731619,2731618,2731360,10239
3942,373994,373984,1185,1161,3028117,1117,0,2
3943,374422,2733217,0,0,2731619,2731618,2731360,10239
3944,37482,292635,186824,1385,91061,1239,0,2
3945,37487,85076,1046,135613,1236,1224,0,2
3946,375175,2767889,33958,186826,91061,1239,0,2
3947,37554,2842574,0,0,2731619,2731618,2731360,10239
3948,375929,375928,485255,485256,186801,1239,0,2
3949,376489,376488,28256,135619,1236,1224,0,2
3950,376490,2910986,194924,213115,3031449,200940,0,2
3951,37665,181085,10501,2732524,2732523,2732007,2732005,10239
3952,376805,909656,815,171549,200643,976,0,2
3953,376820,2732973,2946167,0,2731619,2731618,2731360,10239
3954,37692,33926,2146,186329,31969,544448,0,2
3955,37727,5094,28568,5042,147545,4890,4751,2759
3956,37734,1350,81852,186826,91061,1239,0,2
3957,377615,76632,186822,1385,91061,1239,0,2
3958,379064,102234,2815910,1118,3028117,1117,0,2
3959,37927,596707,1268,85006,1760,201174,0,2
3960,37931,1742992,1268,85006,1760,201174,0,2
3961,379347,2083206,31989,204455,28211,1224,0,2
3962,379547,379546,0,0,0,2283796,0,2157
3963,37961,1511809,11012,2732549,2732505,2732408,2732396,10239
3964,379893,158851,543,91347,1236,1224,0,2
3965,381046,300275,4893,4892,4891,4890,4751,2759
3966,382,28105,82115,356,28211,1224,0,2
3967,38289,1716,1653,85007,1760,201174,0,2
3968,385025,34067,135616,72273,1236,1224,0,2
3969,386487,1541743,0,0,1236,1224,0,2
3970,386490,459532,186817,1385,91061,1239,0,2
3971,386891,475,468,2887326,1236,1224,0,2
3972,387092,269258,2795691,235899,3031852,29547,0,2
3973,387341,332951,1644061,1644060,183963,28890,0,2157
3974,387343,387342,1644061,1644060,183963,28890,0,2157
3975,38804,10282,10240,2732527,2732525,2732007,2732005,10239
3976,388408,150830,2821832,356,28211,1224,0,2
3977,388413,246875,563798,768507,768503,976,0,2
3978,388452,2843365,0,0,2731619,2731618,2731360,10239
3979,38986,2903105,2146,186329,31969,544448,0,2
3980,390157,586425,12058,464095,2732506,2732408,2732396,10239
3981,390884,390846,563798,768507,768503,976,0,2
3982,39122,59613,85026,85007,1760,201174,0,2
3983,391228,1298630,10811,2732539,2732424,2732416,2732092,10239
3984,391953,391952,2975441,80840,28216,1224,0,2
3985,392593,644355,2975441,80840,28216,1224,0,2
3986,393598,2732974,2946167,0,2731619,2731618,2731360,10239
3987,393662,393661,1706372,1706369,1236,1224,0,2
3988,393765,393764,0,0,1236,1224,0,2
3989,39444,2733297,10240,2732527,2732525,2732007,2732005,10239
3990,39483,1573534,128827,526525,526524,1239,0,2
3991,39485,28050,186803,186802,186801,1239,0,2
3992,39488,2569097,186803,186802,186801,1239,0,2
3993,395631,447792,543,91347,1236,1224,0,2
3994,395922,442430,3056371,415001,414999,74201,0,2
3995,39640,2946836,2946196,0,0,0,0,10239
3996,39669,196136,2206,94695,224756,28890,0,2157
3997,39720,153137,11632,2169561,2732514,2732409,2732397,10239
3998,397260,13687,41297,204457,28211,1224,0,2
3999,39766,202746,2771471,213849,3031852,29547,0,2
4000,39775,39773,403,135618,1236,1224,0,2
4001,397865,397864,2005519,171549,200643,976,0,2
4002,398,379,82115,356,28211,1224,0,2
4003,39804,2842995,2842319,2842247,2842243,2732407,2732396,10239
4004,398743,417127,49546,200644,117743,976,0,2
4005,398839,2843445,0,0,2731619,2731618,2731360,10239
4006,399,1525371,82115,356,28211,1224,0,2
4007,399736,46352,85023,85006,1760,201174,0,2
4008,400092,323449,1853232,768507,768503,976,0,2
4009,40051,10892,2946186,2732541,2732459,2732405,2732396,10239
4010,400567,2843475,0,0,2731619,2731618,2731360,10239
4011,400770,46913,2831106,356,28211,1224,0,2
4012,40091,31983,1570339,1737405,1737404,1239,0,2
4013,400946,582472,3018589,135615,1236,1224,0,2
4014,40137,1033,41294,356,28211,1224,0,2
4015,401471,401469,75682,80840,28216,1224,0,2
4016,401619,401618,543,91347,1236,1224,0,2
4017,405,404,32011,32003,28216,1224,0,2
4018,405212,29330,186823,1385,91061,1239,0,2
4019,40523,1857844,2560065,0,2731619,2731618,2731360,10239
4020,40537,325459,151340,2732533,2732421,2732415,2732092,10239
4021,40542,32067,1129771,203491,203490,32066,0,2
4022,405554,694018,2508209,76804,2732506,2732408,2732396,10239
4023,40559,33196,28983,5178,147548,4890,4751,2759
4024,40567,40566,2070,85010,1760,201174,0,2
4025,40577,626,1903414,91347,1236,1224,0,2
4026,40631,308911,0,0,2731619,2731618,2731360,10239
4027,406340,2732972,2946167,0,2731619,2731618,2731360,10239
4028,406548,1511635,1763524,2691356,203683,203682,0,2
4029,407035,45669,90964,1385,91061,1239,0,2
4030,41,40,39,29,32015,2818505,0,2
4031,410072,33042,186803,186802,186801,1239,0,2
4032,411153,292691,49546,200644,117743,976,0,2
4033,411483,216851,216572,186802,186801,1239,0,2
4034,41202,41201,1903411,91347,1236,1224,0,2
4035,412034,412033,412032,0,1236,1224,0,2
4036,412384,2800373,186817,1385,91061,1239,0,2
4037,412593,412592,0,32069,187857,200783,0,2
4038,412690,518733,85023,85006,1760,201174,0,2
4039,412963,2571159,119060,80840,28216,1224,0,2
4040,412965,2732587,0,0,1236,1224,0,2
4041,413810,332246,2236,2235,183963,28890,0,2157
4042,413882,196013,2975441,80840,28216,1224,0,2
4043,414,413,403,135618,1236,1224,0,2
4044,414970,2843387,0,0,2731619,2731618,2731360,10239
4045,414996,1849,622451,622450,1760,201174,0,2
4046,415229,83618,32033,135614,1236,1224,0,2
4047,416213,416212,1442156,1442155,28216,1224,0,2
4048,41675,41674,118883,2281,183924,28889,0,2157
4049,417280,2843356,0,0,2731619,2731618,2731360,10239
4050,41764,39730,39729,2732550,2732507,2732408,2732396,10239
4051,418699,12960,2008794,206389,28216,1224,0,2
4052,418701,418700,449732,135619,1236,1224,0,2
4053,419479,281472,1217100,1217098,1760,201174,0,2
4054,41977,2891322,2008794,206389,28216,1224,0,2
4055,421,416,403,135618,1236,1224,0,2
4056,421010,12195,39729,2732550,2732507,2732408,2732396,10239
4057,421628,1051,72276,135613,1236,1224,0,2
4058,42253,1234,189779,189778,203693,40117,0,2
4059,42260,1196389,4893,4892,4891,4890,4751,2759
4060,423351,423349,84566,200666,117747,976,0,2
4061,423605,423604,641876,641854,641853,74152,0,2
4062,42374,5475,766764,4892,4891,4890,4751,2759
4063,42422,42417,53434,53433,186801,1239,0,2
4064,42443,2433,2854170,204455,28211,1224,0,2
4065,42475,10992,2946187,2732541,2732459,2732405,2732396,10239
4066,426,425,31993,356,28211,1224,0,2
4067,426114,32012,0,80840,28216,1224,0,2
4068,427923,427922,213121,3024411,3031451,200940,0,2
4069,42838,42837,186814,68295,186801,1239,0,2
4070,428712,428711,3029088,649776,649775,508458,0,2
4071,42882,12174,675068,675063,2732461,2732406,2732396,10239
4072,43,42,39,29,32015,2818505,0,2
4073,430679,245876,69277,356,28211,1224,0,2
4074,43080,2284,118883,2281,183924,28889,0,2157
4075,431317,1230390,39729,2732550,2732507,2732408,2732396,10239
4076,432096,71245,4893,4892,4891,4890,4751,2759
4077,43305,830,186803,186802,186801,1239,0,2
4078,43357,43356,2070,85010,1760,201174,0,2
4079,436,2919364,433,204441,28211,1224,0,2
4080,43669,43668,85020,85006,1760,201174,0,2
4081,43674,43673,85022,85006,1760,201174,0,2
4082,437505,437504,449719,135613,1236,1224,0,2
4083,43767,2979332,85025,85007,1760,201174,0,2
4084,437897,158846,1843491,909929,909932,1239,0,2
4085,438482,2731986,2731643,0,2731619,2731618,2731360,10239
4086,43948,43947,84642,135624,1236,1224,0,2
4087,44001,44000,543371,68295,186801,1239,0,2
4088,44012,44011,267892,135622,1236,1224,0,2
4089,440250,2843476,0,0,2731619,2731618,2731360,10239
4090,441209,119541,31989,204455,28211,1224,0,2
4091,442,441,433,204441,28211,1224,0,2
4092,442302,104394,585893,2732549,2732505,2732408,2732396,10239
4093,443156,2805645,85021,85006,1760,201174,0,2
4094,445710,231454,1775411,135614,1236,1224,0,2
4095,446660,447020,1643826,1643822,84998,201174,0,2
4096,446683,379899,563835,1853229,1853228,976,0,2
4097,446692,434,433,204441,28211,1224,0,2
4098,44689,5782,2058185,2058949,142796,2605435,0,2759
4099,447471,447467,1706371,1706369,1236,1224,0,2
4100,44930,2256,1644061,1644060,183963,28890,0,2157
4101,450,445,444,118969,1236,1224,0,2
4102,450734,1839,85015,85009,1760,201174,0,2
4103,453162,453161,90627,32003,28216,1224,0,2
4104,453230,453229,453228,453227,3031646,200940,0,2
4105,453304,33877,85023,85006,1760,201174,0,2
4106,453816,2862745,213483,213481,3031418,3018035,0,2
4107,454128,190729,1993640,0,0,0,0,10239
4108,454155,577309,171552,171549,200643,976,0,2
4109,454171,1077265,1077264,1077263,1077257,67819,0,2
4110,454601,623276,2831106,356,28211,1224,0,2
4111,45497,2794837,2992719,1737405,1737404,1239,0,2
4112,45656,45654,2931039,213118,3024418,200940,0,2
4113,45663,45662,213117,213115,3031449,200940,0,2
4114,456827,456826,3039865,3039864,3039863,456828,0,2
4115,456999,1322061,5250,36064,155619,5204,4751,2759
4116,457083,111782,119859,1161,3028117,1117,0,2
4117,458033,458032,0,0,1562566,57723,0,2
4118,46014,10473,10472,0,0,0,0,10239
4119,460519,460517,115784,4892,4891,4890,4751,2759
4120,46124,117563,186828,186826,91061,1239,0,2
4121,46125,46123,186827,186826,91061,1239,0,2
4122,46165,1988,2012,85012,1760,201174,0,2
4123,463,461,444,118969,1236,1224,0,2
4125,46448,10813,10811,2732539,2732424,2732416,2732092,10239
4126,464988,77924,589351,589350,3027,0,0,2759
4127,465721,469322,2689614,1775403,1236,1224,0,2
4128,466051,1623293,0,0,2731619,2731618,2731360,10239
4129,466153,466152,1763524,2691356,203683,203682,0,2
4130,46632,46631,46630,2301,183967,2283796,0,2157
4131,467094,682522,2448023,84993,84992,201174,0,2
4132,467976,467975,633392,84993,84992,201174,0,2
4133,471189,644652,1643826,1643822,84998,201174,0,2
4134,471827,471826,186807,186802,186801,1239,0,2
4135,472569,472568,85020,85006,1760,201174,0,2
4136,472834,472825,543,91347,1236,1224,0,2
4137,475088,475087,1198451,2191,224756,28890,0,2157
4138,47671,47670,119060,80840,28216,1224,0,2
4139,47735,476528,712,135625,1236,1224,0,2
4140,477641,88138,85030,1643682,1760,201174,0,2
4141,477680,649460,563835,1853229,1853228,976,0,2
4142,477976,545865,2945021,191393,68337,200930,0,2
4143,47850,1873,28056,85008,1760,201174,0,2
4144,47960,2035712,2035710,135613,1236,1224,0,2
4145,48,47,39,29,32015,2818505,0,2
4146,480520,76831,49546,200644,117743,976,0,2
4147,482957,32008,119060,80840,28216,1224,0,2
4148,48296,469,468,2887326,1236,1224,0,2
4149,483537,2973078,2973077,2732540,2732458,2732405,2732396,10239
4150,483545,83677,83676,85012,1760,201174,0,2
4151,483547,392332,3031665,69541,3031651,200940,0,2
4152,485447,137583,267889,135622,1236,1224,0,2
4153,487686,2204,2194,2191,224756,28890,0,2157
4154,48935,165696,41297,204457,28211,1224,0,2
4155,4896,4895,4894,34346,147554,4890,4751,2759
4156,489910,489909,90964,1385,91061,1239,0,2
4157,490103,680277,0,0,2731619,2731618,2731360,10239
4158,4909,4919,1156497,4892,4891,4890,4751,2759
4159,491003,2732017,2731690,0,2731619,2731618,2731360,10239
4160,49118,49082,31979,186802,186801,1239,0,2
4161,4924,766733,766764,4892,4891,4890,4751,2759
4162,49267,220339,10811,2732539,2732424,2732416,2732092,10239
4163,49319,42255,84997,84996,84995,201174,0,2
4164,4932,4930,4893,4892,4891,4890,4751,2759
4165,49338,36853,2937909,186802,186801,1239,0,2
4166,4950,4948,4893,4892,4891,4890,4751,2759
4167,4952,4951,34353,4892,4891,4890,4751,2759
4168,4956,4953,4893,4892,4891,4890,4751,2759
4169,4959,4958,766764,4892,4891,4890,4751,2759
4170,496014,2600304,2600303,84996,84995,201174,0,2
4171,496056,1773450,84566,200666,117747,976,0,2
4172,496866,1754,186814,68295,186801,1239,0,2
4173,497725,1330547,543,91347,1236,1224,0,2
4174,497727,497726,1033997,1033996,1643678,651137,0,2157
4175,498019,2964429,27319,4892,4891,4890,4751,2759
4176,498846,498845,0,0,0,51967,0,2157
4177,499229,499228,2770092,2770089,186801,1239,0,2
4178,499555,37914,85029,85007,1760,201174,0,2
4179,500,499,189777,189776,189775,3027942,0,2
4180,50339,2302,46659,2301,183967,2283796,0,2157
4181,504468,504465,433,204441,28211,1224,0,2
4182,505,32257,481,206351,28216,1224,0,2
4183,508419,1912760,0,0,2731619,2731618,2731360,10239
4184,511,507,506,80840,28216,1224,0,2
4185,511062,129577,84642,135624,1236,1224,0,2
4186,511435,511434,0,171549,200643,976,0,2
4187,51173,160795,186818,1385,91061,1239,0,2
4188,511746,511745,717964,717963,1955630,74201,0,2
4189,51197,51196,2937909,186802,186801,1239,0,2
4190,51229,51228,1903409,91347,1236,1224,0,2
4191,5141,5140,5148,5139,147550,4890,4751,2759
4192,51515,51514,186807,186802,186801,1239,0,2
4193,516075,586,1903414,91347,1236,1224,0,2
4194,51664,2767884,33958,186826,91061,1239,0,2
4195,51665,1375,186827,186826,91061,1239,0,2
4196,51669,51668,81852,186826,91061,1239,0,2
4197,519472,2737,81852,186826,91061,1239,0,2
4198,52,50,49,3031712,0,2818505,0,2
4199,52022,2935559,188786,68933,188787,1297,0,2
4200,5207,5206,1884633,5234,155616,5204,4751,2759
4201,521689,1056,1046,135613,1236,1224,0,2
4202,521720,2901261,135621,72274,1236,1224,0,2
4203,5270,5269,5268,5267,5257,5204,4751,2759
4204,529884,529883,85023,85006,1760,201174,0,2
4205,530584,142577,2070,85010,1760,201174,0,2
4206,531813,1082930,2831106,356,28211,1224,0,2
4207,533,532,45404,356,28211,1224,0,2
4208,53336,82986,1903409,91347,1236,1224,0,2
4209,53358,53357,85021,85006,1760,201174,0,2
4210,53362,35753,28056,85008,1760,201174,0,2
4211,53399,81,45401,356,28211,1224,0,2
4212,53442,1730,186806,186802,186801,1239,0,2
4213,53444,2767881,33958,186826,91061,1239,0,2
4214,53461,53460,85031,1643684,1760,201174,0,2
4215,53501,335927,2854170,204455,28211,1224,0,2
4216,535744,413496,543,91347,1236,1224,0,2
4217,536044,2220,2206,94695,224756,28890,0,2157
4218,53635,53634,84994,84993,84992,201174,0,2
4219,538381,152161,2821832,356,28211,1224,0,2
4220,53953,2260,2259,2258,183968,28890,0,2157
4221,54005,162289,1570339,1737405,1737404,1239,0,2
4222,540068,2948873,0,0,2731619,2731618,2731360,10239
4223,540747,74030,2854170,204455,28211,1224,0,2
4224,54120,230355,2194,2191,224756,28890,0,2157
4225,542,541,2844881,204457,28211,1224,0,2
4226,54248,54247,2307,114380,183924,28889,0,2157
4227,54252,54251,2307,114380,183924,28889,0,2157
4228,54254,54253,2272,114380,183924,28889,0,2157
4229,54261,54260,2232,2231,183980,28890,0,2157
4230,54299,54298,1890528,1890505,3028117,1117,0,2
4231,543877,2800685,335929,204457,28211,1224,0,2
4232,545,544,543,91347,1236,1224,0,2
4233,545619,665568,85016,85006,1760,201174,0,2
4234,546871,53387,85015,85009,1760,201174,0,2
4235,547143,168657,64898,32069,187857,200783,0,2
4236,547188,666508,666507,666506,666505,203682,0,2
4237,5478,374468,4893,4892,4891,4890,4751,2759
4238,548915,10814,10811,2732539,2732424,2732416,2732092,10239
4239,5499,2897311,93133,2726947,147541,4890,4751,2759
4240,551760,551759,75787,206389,28216,1224,0,2
4241,55206,1911556,137,136,203692,203691,0,2
4242,552525,1623290,0,0,2731619,2731618,2731360,10239
4243,553,53335,1903409,91347,1236,1224,0,2
4244,553814,12916,80864,80840,28216,1224,0,2
4245,553981,2796146,1046,135613,1236,1224,0,2
4246,55508,29580,75682,80840,28216,1224,0,2
4247,55510,1857846,2560065,0,2731619,2731618,2731360,10239
4248,55529,55528,589343,589342,3027,0,0,2759
4249,555573,1075398,2236,2235,183963,28890,0,2157
4250,55583,56112,2937909,186802,186801,1239,0,2
4251,556,204037,1903410,91347,1236,1224,0,2
4252,556287,34019,82115,356,28211,1224,0,2
4253,556325,1868332,1268,85006,1760,201174,0,2
4254,556499,1743,31957,85009,1760,201174,0,2
4255,55951,217160,69973,2732544,2732461,2732406,2732396,10239
4256,55987,324913,11308,2499411,2497577,2497569,2732396,10239
4257,56,39643,49,3031712,0,2818505,0,2
4258,561061,28453,84566,200666,117747,976,0,2
4259,561184,1434019,2854170,204455,28211,1224,0,2
4260,561996,2169611,0,0,2731619,2731618,2731360,10239
4261,562,561,543,91347,1236,1224,0,2
4262,563,1335483,543,91347,1236,1224,0,2
4263,563177,12914,118883,2281,183924,28889,0,2157
4264,564137,1209946,31989,204455,28211,1224,0,2
4265,56438,56433,28056,85008,1760,201174,0,2
4266,56459,338,32033,135614,1236,1224,0,2
4267,565,1903434,543,91347,1236,1224,0,2
4268,566,2055880,543,91347,1236,1224,0,2
4269,56636,56635,2272,114380,183924,28889,0,2157
4270,5664,5658,5654,2704949,5653,33682,0,2759
4271,569,568,1903412,91347,1236,1224,0,2
4272,5691,5690,5654,2704949,5653,33682,0,2759
4273,569860,1156568,45404,356,28211,1224,0,2
4274,570267,570266,570265,570264,224756,28890,0,2157
4275,570278,1400133,186817,1385,91061,1239,0,2
4276,57029,83612,49546,200644,117743,976,0,2
4277,571177,2299,3031624,213118,3024418,200940,0,2
4278,571913,745364,145357,85006,1760,201174,0,2
4279,5722,5721,181550,37104,0,5719,0,2759
4280,573,570,543,91347,1236,1224,0,2
4281,573501,283735,49546,200644,117743,976,0,2
4282,573658,573657,0,356,28211,1224,0,2
4283,5741,5740,5739,5738,0,207245,0,2759
4284,57478,1623307,0,0,2731619,2731618,2731360,10239
4285,57480,57479,1499392,206351,28216,1224,0,2
4286,575378,504481,563835,1853229,1853228,976,0,2
4287,576131,1434014,2854170,204455,28211,1224,0,2
4288,576611,44013,119060,80840,28216,1224,0,2
4289,57705,203135,1963268,2235,183963,28890,0,2157
4290,577489,65097,1890450,1118,3028117,1117,0,2
4291,5807,5806,35082,75739,1280412,5794,0,2759
4292,5811,5810,5809,75739,1280412,5794,0,2759
4293,58138,2282742,186807,186802,186801,1239,0,2
4294,58180,2909705,194924,213115,3031449,200940,0,2
4295,582,581,1903414,91347,1236,1224,0,2
4296,584,583,1903414,91347,1236,1224,0,2
4297,585455,1273155,0,135613,1236,1224,0,2
4298,5855,5820,1639119,5819,422676,5794,0,2759
4299,5865,5864,32594,5863,422676,5794,0,2759
4300,5874,5873,27994,5863,422676,5794,0,2759
4301,5888,5884,340080,33825,6020,5878,0,2759
4302,588898,134813,1644061,1644060,183963,28890,0,2157
4303,591197,795750,795749,795748,795747,1134404,0,2
4304,593909,68287,69277,356,28211,1224,0,2
4305,594679,1869285,34064,72273,1236,1224,0,2
4306,59505,1653174,2049,2037,1760,201174,0,2
4307,59509,10265,10240,2732527,2732525,2732007,2732005,10239
4308,595468,2692113,2049,2037,1760,201174,0,2
4309,59600,104264,49546,200644,117743,976,0,2
4310,59610,2916693,186807,186802,186801,1239,0,2
4311,59754,59753,224372,135619,1236,1224,0,2
4312,59930,167375,2881426,1890424,3028117,1117,0,2
4313,6035,6033,36734,0,0,6029,4751,2759
4314,604330,2847312,1643824,84999,84998,201174,0,2
4315,60847,60846,1644056,1644055,183963,28890,0,2157
4316,60890,302485,2854170,204455,28211,1224,0,2
4317,60893,60892,3031656,3031655,3031647,200940,0,2
4318,60920,60919,145360,85006,1760,201174,0,2
4319,61435,61434,1202464,1202465,301297,200795,0,2
4320,61635,2903107,2146,186329,31969,544448,0,2
4321,61648,579,543,91347,1236,1224,0,2
4322,616991,178469,49546,200644,117743,976,0,2
4323,617123,1164882,186803,186802,186801,1239,0,2
4324,62088,64895,1643685,136,203692,203691,0,2
4325,62099,62098,10240,2732527,2732525,2732007,2732005,10239
4326,62140,522,433,204441,28211,1224,0,2
4327,622488,262,34064,72273,1236,1224,0,2
4328,623,620,543,91347,1236,1224,0,2
4329,62320,121871,1644061,1644060,183963,28890,0,2157
4330,624134,1623289,0,0,2731619,2731618,2731360,10239
4331,626937,990721,990719,186802,186801,1239,0,2
4332,63,59,481,206351,28216,1224,0,2
4333,631345,2022640,2022639,464095,2732506,2732408,2732396,10239
4334,63186,112040,49546,200644,117743,976,0,2
4335,632,629,1903411,91347,1236,1224,0,2
4336,632112,2842881,2560065,0,2731619,2731618,2731360,10239
4337,63363,2713,64898,32069,187857,200783,0,2
4338,634113,637,1903414,91347,1236,1224,0,2
4339,63612,84565,2812006,91347,1236,1224,0,2
4340,63745,314343,90627,32003,28216,1224,0,2
4341,637971,2767886,33958,186826,91061,1239,0,2
4342,638358,1298632,10811,2732539,2732424,2732416,2732092,10239
4343,638849,638847,3029088,649776,649775,508458,0,2
4344,639200,34102,2975441,80840,28216,1224,0,2
4345,639313,697025,3040680,85007,1760,201174,0,2
4346,64003,12160,69973,2732544,2732461,2732406,2732396,10239
4347,64160,64159,558314,1485951,187857,200783,0,2
4348,64186,1623304,0,0,2731619,2731618,2731360,10239
4349,642780,86795,85015,85009,1760,201174,0,2
4350,64318,11051,11050,2732545,2732462,2732406,2732396,10239
4351,644610,1513295,1513294,11157,2497574,2497569,2732396,10239
4352,645517,2800682,335929,204457,28211,1224,0,2
4353,649756,207244,186803,186802,186801,1239,0,2
4354,649841,935200,2772226,32003,28216,1224,0,2
4355,650121,1232647,0,0,0,0,0,10239
4356,65093,76023,1890450,1118,3028117,1117,0,2
4357,651143,861914,2896860,768507,768503,976,0,2
4358,651457,651456,1643948,1643946,188708,200918,0,2
4359,651666,459520,135620,135619,1236,1224,0,2
4360,651822,1434006,3029087,649776,649775,508458,0,2
4361,65467,1914299,675068,675063,2732461,2732406,2732396,10239
4362,655015,133,31993,356,28211,1224,0,2
4363,65553,57665,2932623,213849,3031852,29547,0,2
4364,65555,53318,2886822,3024411,3031451,200940,0,2
4365,656366,1663,1268,85006,1760,201174,0,2
4366,658062,658061,204434,204433,204432,57723,0,2
4367,661191,1223423,433,204441,28211,1224,0,2
4368,661488,1860196,563835,1853229,1853228,976,0,2
4369,66219,1506553,186803,186802,186801,1239,0,2
4370,663364,2321115,2808963,213849,3031852,29547,0,2
4371,663557,2946815,0,0,2731619,2731618,2731360,10239
4372,665914,2100764,1903409,91347,1236,1224,0,2
4373,666685,75309,1775411,135614,1236,1224,0,2
4374,667093,10882,2946187,2732541,2732459,2732405,2732396,10239
4375,66797,680116,0,0,2731619,2731618,2731360,10239
4376,668,511678,641,135623,1236,1224,0,2
4377,669359,669357,1890464,1118,3028117,1117,0,2
4378,669502,1381133,0,0,28216,1224,0,2
4379,671077,1006480,543349,186802,186801,1239,0,2
4380,673,246861,641,135623,1236,1224,0,2
4381,673862,1551504,2497645,2497644,2497643,0,0,2
4382,674079,1230698,85023,85006,1760,201174,0,2
4383,674703,29407,45401,356,28211,1224,0,2
4384,674954,674952,11006,2732540,2732458,2732405,2732396,10239
4385,674971,674970,324901,464095,2732506,2732408,2732396,10239
4386,675060,675059,11012,2732549,2732505,2732408,2732396,10239
4387,67571,2843452,0,0,2731619,2731618,2731360,10239
4388,67585,104766,251095,2732538,2732423,2732416,2732092,10239
4389,675864,1278221,31957,85009,1760,201174,0,2
4390,676208,59195,118968,118969,1236,1224,0,2
4391,682798,1055692,481,206351,28216,1224,0,2
4392,683846,685950,685949,685948,183924,28889,0,2157
4393,68402,185759,185752,0,0,0,0,10239
4394,686985,686982,12058,464095,2732506,2732408,2732396,10239
4395,691956,691955,12058,464095,2732506,2732408,2732396,10239
4396,691958,691957,10508,2732559,2732529,2732008,2732005,10239
4397,692036,2051044,1914233,2691355,203683,203682,0,2
4398,69223,2884243,1903410,91347,1236,1224,0,2
4399,692370,2800686,335929,204457,28211,1224,0,2
4400,693066,12109,12058,464095,2732506,2732408,2732396,10239
4401,693075,693074,693073,693072,693071,67814,0,2
4402,693627,1299307,10474,0,0,0,0,10239
4403,694009,694002,11118,76804,2732506,2732408,2732396,10239
4404,694014,694013,11118,76804,2732506,2732408,2732396,10239
4405,694581,1513458,944644,2732555,2732523,2732007,2732005,10239
4406,69499,28236,1643949,1643947,188708,200918,0,2
4407,69525,88723,1644061,1644060,183963,28890,0,2157
4408,696863,1513299,11270,11157,2497574,2497569,2732396,10239
4409,69781,5073,1131492,5042,147545,4890,4751,2759
4410,69823,970,1843491,909929,909932,1239,0,2
4411,698828,504090,28256,135619,1236,1224,0,2
4412,69966,69965,90964,1385,91061,1239,0,2
4413,7,6,335928,356,28211,1224,0,2
4414,700542,1232738,1232737,0,0,0,0,10239
4415,703,702,543,91347,1236,1224,0,2
4416,70734,2732984,2946167,0,2731619,2731618,2731360,10239
4417,70796,689759,12058,464095,2732506,2732408,2732396,10239
4418,70799,159191,1892259,1161,3028117,1117,0,2
4419,708113,2874214,0,356,28211,1224,0,2
4420,708131,1705353,85023,85006,1760,201174,0,2
4421,712157,1380,1643824,84999,84998,201174,0,2
4422,713089,2169618,1458186,0,0,0,0,10239
4423,713887,1453359,1890450,1118,3028117,1117,0,2
4424,714,416916,712,135625,1236,1224,0,2
4425,715451,226,72275,135622,1236,1224,0,2
4426,716,713,712,135625,1236,1224,0,2
4427,71667,71666,92714,1963360,204429,204428,0,2
4428,716816,1084558,1706375,1706369,1236,1224,0,2
4429,718192,1407056,267889,135622,1236,1224,0,2
4430,71999,57493,1268,85006,1760,201174,0,2
4431,72,71,481,206351,28216,1224,0,2
4432,72557,222,506,80840,28216,1224,0,2
4433,727,724,712,135625,1236,1224,0,2
4434,728,292486,712,135625,1236,1224,0,2
4435,731,214906,712,135625,1236,1224,0,2
4436,73141,13724,1046,135613,1236,1224,0,2
4437,73498,674981,11006,2732540,2732458,2732405,2732396,10239
4438,738,2094023,712,135625,1236,1224,0,2
4439,73919,73918,539000,186802,186801,1239,0,2
4440,74033,74032,2854170,204455,28211,1224,0,2
4441,743023,2169620,1458186,0,0,0,0,10239
4442,74313,41275,76892,204458,28211,1224,0,2
4443,74318,74317,2800061,2800059,28211,1224,0,2
4444,74426,102106,84107,84999,84998,201174,0,2
4445,74501,11155,2508209,76804,2732506,2732408,2732396,10239
4446,745377,2765402,1644061,1644060,183963,28890,0,2157
4447,746128,5052,1131492,5042,147545,4890,4751,2759
4448,747,745,712,135625,1236,1224,0,2
4449,74700,46238,33925,186328,31969,544448,0,2
4450,747548,77021,1892259,1161,3028117,1117,0,2
4451,748280,568394,1499392,206351,28216,1224,0,2
4452,748811,1054211,2008793,32003,28216,1224,0,2
4453,75385,116071,85015,85009,1760,201174,0,2
4454,754429,379070,49546,200644,117743,976,0,2
4455,754477,40222,135616,72273,1236,1224,0,2
4456,755307,1644057,1963271,1644055,183963,28890,0,2157
4457,75697,359336,506,80840,28216,1224,0,2
4458,758793,1827195,119060,80840,28216,1224,0,2
4459,76123,2974257,171552,171549,200643,976,0,2
4460,76259,88875,2008795,206389,28216,1224,0,2
4461,762954,1204360,49546,200644,117743,976,0,2
4462,76731,93681,2975441,80840,28216,1224,0,2
4463,76775,55193,742845,162474,1538075,5204,4751,2759
4464,767892,767891,0,0,28211,1224,0,2
4465,76859,848,203492,203491,203490,32066,0,2
4466,76887,76886,2267,2266,183924,28889,0,2157
4467,770,768,942,766,28211,1224,0,2
4468,777,776,118968,118969,1236,1224,0,2
4469,781,780,775,766,28211,1224,0,2
4470,78258,196082,31953,85004,1760,201174,0,2
4471,78259,196081,31953,85004,1760,201174,0,2
4472,784,69474,775,766,28211,1224,0,2
4473,78541,1623303,0,0,2731619,2731618,2731360,10239
4474,78579,1920207,35718,5139,147550,4890,4751,2759
4475,78587,76890,76892,204458,28211,1224,0,2
4476,79209,79206,2937909,186802,186801,1239,0,2
4477,79329,79328,563835,1853229,1853228,976,0,2
4478,796027,410829,410830,4892,4891,4890,4751,2759
4479,79604,79603,1643826,1643822,84998,201174,0,2
4480,79883,2837511,186817,1385,91061,1239,0,2
4481,79885,2893060,186817,1385,91061,1239,0,2
4482,80679,156885,1046,135613,1236,1224,0,2
4483,80816,162027,224464,3031714,0,2818505,0,2
4484,80849,953,942,766,28211,1224,0,2
4485,80866,80865,80864,80840,28216,1224,0,2
4486,80867,3051137,80864,80840,28216,1224,0,2
4487,80880,232523,80864,80840,28216,1224,0,2
4488,80884,5455,681950,1028384,147550,4890,4751,2759
4489,81032,85,69657,2800060,28211,1224,0,2
4490,813,810,809,51291,204429,204428,0,2
4491,81412,81411,649777,649776,649775,508458,0,2
4492,81462,81461,649777,649776,649775,508458,0,2
4493,81468,81466,3029087,649776,649775,508458,0,2
4494,81475,70411,1775411,135614,1236,1224,0,2
4495,82135,2767327,2049,2037,1760,201174,0,2
4496,823,375288,2005525,171549,200643,976,0,2
4497,826,32068,1129771,203491,203490,32066,0,2
4498,82654,1152,1890436,2881377,3028117,1117,0,2
4499,82676,325461,151340,2732533,2732421,2732415,2732092,10239
4500,82801,82800,186828,186826,91061,1239,0,2
4501,82977,82976,543,91347,1236,1224,0,2
4502,82983,82982,1903412,91347,1236,1224,0,2
4503,82985,82984,1903416,91347,1236,1224,0,2
4504,82996,613,1903411,91347,1236,1224,0,2
4505,83171,196118,196117,2182,183939,28890,0,2157
4506,83191,2733302,10240,2732527,2732525,2732007,2732005,10239
4507,83263,31988,69277,356,28211,1224,0,2
4508,833,832,204431,218872,204430,65842,0,2
4509,83453,44,39,29,32015,2818505,0,2
4510,83552,83551,92713,1963360,204429,204428,0,2
4511,83561,34093,92712,1963360,204429,204428,0,2
4512,83655,83654,543,91347,1236,1224,0,2
4513,837,836,171551,171549,200643,976,0,2
4514,83771,83770,83763,135624,1236,1224,0,2
4515,83984,2192,88404,2191,224756,28890,0,2157
4516,84030,2719231,186803,186802,186801,1239,0,2
4517,84032,2304693,216572,186802,186801,1239,0,2
4518,84110,84108,1643826,1643822,84998,201174,0,2
4519,84135,1378,0,1385,91061,1239,0,2
4520,84156,2233,2232,2231,183980,28890,0,2157
4521,84159,13134,41295,204441,28211,1224,0,2
4522,84163,84162,1643826,1643822,84998,201174,0,2
4523,84378,29521,143786,1643686,203692,203691,0,2
4524,844,843,72293,213849,3031852,29547,0,2
4525,84405,84404,3048035,213113,3031853,29547,0,2
4526,84531,68,32033,135614,1236,1224,0,2
4527,84590,29574,506,80840,28216,1224,0,2
4528,847,846,75682,80840,28216,1224,0,2
4529,84757,84756,125316,85006,1760,201174,0,2
4530,84980,109168,2886822,3024411,3031451,200940,0,2
4531,85085,1742993,1268,85006,1760,201174,0,2
4532,85404,75984,712,135625,1236,1224,0,2
4533,85652,85650,1283207,2732543,2732461,2732406,2732396,10239
4534,85683,1434042,186817,1385,91061,1239,0,2
4535,857417,53457,85021,85006,1760,201174,0,2
4536,85874,140458,186814,68295,186801,1239,0,2
4537,859144,2675230,186817,1385,91061,1239,0,2
4538,859650,1298631,10811,2732539,2732424,2732416,2732092,10239
4539,860235,2029,2070,85010,1760,201174,0,2
4540,861044,2946797,0,0,2731619,2731618,2731360,10239
4541,861047,1623278,2946173,0,2731619,2731618,2731360,10239
4542,861299,1706036,219687,219686,219685,142182,0,2
4543,86170,129001,68298,186802,186801,1239,0,2
4544,863,862,68298,186802,186801,1239,0,2
4545,86304,316625,1706371,1706369,1236,1224,0,2
4546,86332,86331,543314,186802,186801,1239,0,2
4547,863643,278993,2937911,186802,186801,1239,0,2
4548,865,864,1843491,909929,909932,1239,0,2
4549,86665,2893055,186817,1385,91061,1239,0,2
4550,869888,1269201,2976354,2235,183963,28890,0,2157
4551,869889,171163,1963268,2235,183963,28890,0,2157
4552,870,869,868,135615,1236,1224,0,2
4553,870903,392733,204434,204433,204432,57723,0,2
4554,873,2582840,194924,213115,3031449,200940,0,2
4555,875328,1073531,1762,85007,1760,201174,0,2
4556,877455,2160,2159,2158,183925,28890,0,2157
4557,879,2910978,194924,213115,3031449,200940,0,2
4558,880,2794998,194924,213115,3031449,200940,0,2
4559,881,872,194924,213115,3031449,200940,0,2
4560,882768,1511810,11012,2732549,2732505,2732408,2732396,10239
4561,88431,189330,186803,186802,186801,1239,0,2
4562,884684,1637257,216572,186802,186801,1239,0,2
4563,885040,547,543,91347,1236,1224,0,2
4564,889453,1193324,558415,1970189,200643,976,0,2
4565,89093,89092,186827,186826,91061,1239,0,2
4566,89152,2743582,186804,186802,186801,1239,0,2
4567,89184,97050,2854170,204455,28211,1224,0,2
4568,894,893,213121,3024411,3031451,200940,0,2
4569,89586,467749,942,766,28211,1224,0,2
4570,897,896,2931039,213118,3024418,200940,0,2
4571,899,898,213116,213115,3031449,200940,0,2
4572,9,32199,1903409,91347,1236,1224,0,2
4573,90244,90243,506,80840,28216,1224,0,2
4574,905,904,909930,1843488,909932,1239,0,2
4575,907,906,31977,1843489,909932,1239,0,2
4576,90736,58050,267891,135622,1236,1224,0,2
4577,90961,11286,11270,11157,2497574,2497569,2732396,10239
4578,911092,249529,186814,68295,186801,1239,0,2
4579,913,911,41294,356,28211,1224,0,2
4580,913107,1649478,292628,292629,292625,200795,0,2
4581,915,914,206379,32003,28216,1224,0,2
4582,915293,2169617,1458186,0,0,0,0,10239
4583,91604,1521255,1777752,1921002,28211,1224,0,2
4584,91844,235572,28256,135619,1236,1224,0,2
4585,91915,91914,433,204441,28211,1224,0,2
4586,921,152053,335928,356,28211,1224,0,2
4587,926474,2842966,2842329,0,2731619,2731618,2731360,10239
4588,926844,2169619,1458186,0,0,0,0,10239
4589,927,109262,255526,135613,1236,1224,0,2
4590,927083,1055688,1055686,3031712,0,2818505,0,2
4591,92945,92944,2854170,204455,28211,1224,0,2
4592,929813,929812,1903411,91347,1236,1224,0,2
4593,930802,363408,49546,200644,117743,976,0,2
4594,930972,1001222,1522127,768507,768503,976,0,2
4595,931531,1077254,1522127,768507,768503,976,0,2
4596,93220,93217,119060,80840,28216,1224,0,2
4597,934027,1636618,0,0,2731619,2731618,2731360,10239
4598,936456,393029,189770,189769,118001,200938,0,2
4599,938288,1686313,0,186802,186801,1239,0,2
4600,938406,1186,2661849,1161,3028117,1117,0,2
4601,93929,2335,188709,2419,188708,200918,0,2
4602,94,93,2844601,204441,28211,1224,0,2
4603,940,939,64898,32069,187857,200783,0,2
4604,940614,940557,204434,204433,204432,57723,0,2
4605,94132,174951,80864,80840,28216,1224,0,2
4606,941907,2823232,41297,204457,28211,1224,0,2
4607,94254,120831,2896860,768507,768503,976,0,2
4608,943830,1395974,41294,356,28211,1224,0,2
4609,944,943,942,766,28211,1224,0,2
4610,945962,136466,10780,2732534,2732422,2732415,2732092,10239
4611,94624,517,506,80840,28216,1224,0,2
4612,946333,212743,0,80840,28216,1224,0,2
4613,94643,94642,5809,75739,1280412,5794,0,2759
4614,948519,642,84642,135624,1236,1224,0,2
4615,951,33993,942,766,28211,1224,0,2
4616,95342,95341,11974,464095,2732506,2732408,2732396,10239
4617,959,958,213483,213481,3031418,3018035,0,2
4618,960,146784,263369,2024979,3031419,3018035,0,2
4619,97084,1652133,1652132,2024979,3031419,3018035,0,2
4620,971279,83867,2259,2258,183968,28890,0,2157
4621,97195,573012,10501,2732524,2732523,2732007,2732005,10239
4622,97393,74968,90142,2301,183967,2283796,0,2157
4623,97477,49894,3029086,649776,649775,508458,0,2
4624,980251,2005380,2691357,2691354,203683,203682,0,2
4625,981385,1172428,2562244,2562243,533205,57723,0,2
4626,984,84567,84566,200666,117747,976,0,2
4627,98403,98402,474942,5125,147550,4890,4751,2759
4628,985,978,89373,768507,768503,976,0,2
4629,986,237,49546,200644,117743,976,0,2
4630,98671,1742991,1268,85006,1760,201174,0,2
4631,991904,991903,31989,204455,28211,1224,0,2
4632,995,929509,84566,200666,117747,976,0,2
4633,999,1937972,1937968,768507,768503,976,0,2
