idx,method,pred,U_total,U_epistemic,U_aleatoric,vote_pct,vacuity,dirichlet_strength,label,quartile,margin,var_U_epistemic,var_U_aleatoric
0,conv_epinet,1,0.8681046366691589,0.06551369279623032,0.8025909066200256,0.8999999761581421,,,1,Q1,0.5969846248626709,,
1,conv_epinet,0,0.36605381965637207,0.016370877623558044,0.34968292713165283,1.0,,,1,Q2,0.8630878329277039,,
2,conv_epinet,1,0.589635968208313,0.023253044113516808,0.5663829445838928,1.0,,,1,Q2,0.7981661558151245,,
3,conv_epinet,1,0.0461098849773407,0.0009996438166126609,0.04511024430394173,1.0,,,1,Q4,0.9897536039352416,,
4,conv_epinet,1,0.07915405929088593,0.0024591099936515093,0.07669495046138763,1.0,,,1,Q4,0.9885983467102052,,
5,conv_epinet,1,0.3226907551288605,0.012350525707006454,0.3103402256965637,1.0,,,1,Q2,0.9169658422470092,,
6,conv_epinet,1,0.9349310398101807,0.06566658616065979,0.8692644834518433,0.8999999761581421,,,1,Q1,0.3492599725723266,,
7,conv_epinet,1,0.4797937273979187,0.03660281002521515,0.44319090247154236,1.0,,,1,Q2,0.7593014240264893,,
8,conv_epinet,1,0.5657715797424316,0.03388109803199768,0.5318905115127563,1.0,,,1,Q2,0.8246171474456787,,
9,conv_epinet,1,0.06594574451446533,0.0016052215360105038,0.06434052437543869,1.0,,,1,Q4,0.9859708547592164,,
10,conv_epinet,0,0.34035950899124146,0.012005635537207127,0.3283538818359375,1.0,,,1,Q2,0.8673369884490967,,
11,conv_epinet,1,0.046389419585466385,0.0011260348837822676,0.0452633835375309,1.0,,,1,Q4,0.9898521900177002,,
12,conv_epinet,1,0.06789027154445648,0.0011350425193086267,0.06675522774457932,1.0,,,1,Q4,0.9842851161956788,,
13,conv_epinet,1,0.3783000111579895,0.026491433382034302,0.3518085777759552,1.0,,,1,Q2,0.9158971309661864,,
14,conv_epinet,1,0.8379538059234619,0.04051068425178528,0.797443151473999,1.0,,,1,Q1,0.4117310047149658,,
15,conv_epinet,0,0.8488569855690002,0.04439689218997955,0.8044601082801819,1.0,,,1,Q1,0.4729592204093933,,
16,conv_epinet,1,0.12480032444000244,0.003856925992295146,0.12094340473413467,1.0,,,1,Q3,0.9761089086532592,,
17,conv_epinet,1,0.057733166962862015,0.0014214151306077838,0.056311752647161484,1.0,,,1,Q4,0.9892295598983764,,
18,conv_epinet,1,0.11249622702598572,0.002606010064482689,0.10989021509885788,1.0,,,1,Q3,0.9815292358398438,,
19,conv_epinet,1,0.056803714483976364,0.0008706406806595623,0.05593307316303253,1.0,,,1,Q4,0.9889882802963256,,
20,conv_epinet,1,0.05677463486790657,0.0004723234742414206,0.05630230903625488,1.0,,,1,Q4,0.9899336099624634,,
21,conv_epinet,1,0.7077642679214478,0.0628766417503357,0.6448876261711121,0.8999999761581421,,,1,Q1,0.687454342842102,,
22,conv_epinet,0,0.5270292162895203,0.008995079435408115,0.5180341601371765,1.0,,,1,Q2,0.733822762966156,,
23,conv_epinet,1,0.06310194730758667,0.0028978486079722643,0.060204096138477325,1.0,,,1,Q4,0.9880422353744508,,
24,conv_epinet,1,0.835894763469696,0.04463087394833565,0.7912638783454895,0.8999999761581421,,,1,Q1,0.5071120262145996,,
25,conv_epinet,1,0.7115063071250916,0.09025215357542038,0.6212541460990906,0.8999999761581421,,,1,Q1,0.6889832019805908,,
26,conv_epinet,1,0.5644320249557495,0.027675405144691467,0.5367566347122192,1.0,,,1,Q2,0.7308104038238525,,
27,conv_epinet,1,0.422595351934433,0.029276778921484947,0.3933185636997223,1.0,,,1,Q2,0.8581602573394775,,
28,conv_epinet,1,0.047752927988767624,0.001259197830222547,0.04649373143911362,1.0,,,1,Q4,0.989700198173523,,
29,conv_epinet,0,0.9908156991004944,0.03476835787296295,0.9560473561286926,0.6000000238418579,,,1,Q1,0.29911869764328,,
30,conv_epinet,1,0.08183246105909348,0.0008359163184650242,0.0809965431690216,1.0,,,1,Q4,0.9856524467468262,,
31,conv_epinet,1,0.06367165595293045,0.0008201798773370683,0.06285148113965988,1.0,,,1,Q4,0.9858627319335938,,
32,conv_epinet,1,0.6828581690788269,0.04515348747372627,0.6377046704292297,1.0,,,1,Q1,0.6166105270385742,,
33,conv_epinet,1,0.9865423440933228,0.0307802502065897,0.9557620882987976,0.6000000238418579,,,1,Q1,0.1004878282546997,,
34,conv_epinet,1,0.5322651267051697,0.03461860120296478,0.4976465404033661,1.0,,,1,Q2,0.845962405204773,,
35,conv_epinet,1,0.418489009141922,0.02829260751605034,0.39019638299942017,1.0,,,1,Q2,0.8156445026397705,,
36,conv_epinet,1,0.05739529803395271,0.0008303483482450247,0.056564949452877045,1.0,,,1,Q4,0.9896985292434692,,
37,conv_epinet,1,0.0423336885869503,0.0007076736656017601,0.041626013815402985,1.0,,,1,Q4,0.9885936975479126,,
38,conv_epinet,1,0.06768374890089035,0.0012551024556159973,0.06642863899469376,1.0,,,1,Q4,0.9893401861190796,,
39,conv_epinet,0,0.5524488687515259,0.03075828030705452,0.5216906070709229,1.0,,,1,Q1,0.7224498391151428,,
40,conv_epinet,1,0.878884494304657,0.05606789141893387,0.8228166103363037,0.8999999761581421,,,1,Q1,0.4110625982284546,,
41,conv_epinet,1,0.08054161071777344,0.005525705870240927,0.07501590996980667,1.0,,,1,Q4,0.9886325597763062,,
42,conv_epinet,0,0.9568188786506653,0.022407017648220062,0.9344118237495422,0.8999999761581421,,,1,Q1,0.2209931015968322,,
43,conv_epinet,1,0.04364016652107239,0.000652929418720305,0.04298723489046097,1.0,,,1,Q4,0.9898194074630736,,
44,conv_epinet,1,0.13062530755996704,0.006370129995048046,0.12425517290830612,1.0,,,1,Q3,0.976869821548462,,
45,conv_epinet,1,0.06478312611579895,0.0018731059972196817,0.06291002035140991,1.0,,,1,Q4,0.989447832107544,,
46,conv_epinet,1,0.049051832407712936,0.0006234048632904887,0.048428427428007126,1.0,,,1,Q4,0.9895626306533812,,
47,conv_epinet,1,0.35224050283432007,0.004320913460105658,0.3479195833206177,1.0,,,1,Q2,0.9073327779769896,,
48,conv_epinet,1,0.6496205925941467,0.021847816184163094,0.6277728080749512,1.0,,,1,Q1,0.7020212411880493,,
49,conv_epinet,1,0.3071906864643097,0.011957286857068539,0.2952333986759186,1.0,,,1,Q2,0.9159204959869384,,
50,conv_epinet,1,0.5711520314216614,0.021044356748461723,0.5501077175140381,1.0,,,1,Q2,0.7516945600509644,,
51,conv_epinet,1,0.4591355323791504,0.02151188999414444,0.43762364983558655,1.0,,,1,Q2,0.8376398086547852,,
52,conv_epinet,1,0.39579522609710693,0.019033018499612808,0.3767622113227844,1.0,,,1,Q2,0.8816064596176147,,
53,conv_epinet,1,0.414623498916626,0.027565980330109596,0.3870575428009033,1.0,,,1,Q2,0.8663957118988037,,
54,conv_epinet,1,0.7431623339653015,0.07761766016483307,0.6655446290969849,0.8999999761581421,,,1,Q1,0.6153167486190796,,
55,conv_epinet,1,0.11792274564504623,0.005315833259373903,0.11260690540075302,1.0,,,1,Q3,0.970483422279358,,
56,conv_epinet,1,0.05728527158498764,0.0011082830606028438,0.056176986545324326,1.0,,,1,Q4,0.9897679090499878,,
57,conv_epinet,1,0.06591363251209259,0.0020396497566252947,0.06387397646903992,1.0,,,1,Q4,0.988703727722168,,
58,conv_epinet,0,0.5854703187942505,0.02931031584739685,0.5561599731445312,1.0,,,1,Q2,0.7577184438705444,,
59,conv_epinet,1,0.13224996626377106,0.005922459065914154,0.1263275146484375,1.0,,,1,Q3,0.9672380685806274,,
60,conv_epinet,1,0.4133096933364868,0.014413220807909966,0.3988964855670929,1.0,,,1,Q2,0.8440977334976196,,
61,conv_epinet,1,0.06394457072019577,0.0009717342327348888,0.06297283619642258,1.0,,,1,Q4,0.984808087348938,,
62,conv_epinet,1,0.6087507605552673,0.05277085676789284,0.5559799075126648,1.0,,,1,Q2,0.7389658689498901,,
63,conv_epinet,1,0.04686960577964783,0.0006035139667801559,0.046266090124845505,1.0,,,1,Q4,0.9894895553588868,,
64,conv_epinet,1,0.5937929749488831,0.03927670791745186,0.5545162558555603,1.0,,,1,Q1,0.705513596534729,,
65,conv_epinet,1,0.07466970384120941,0.0024303996469825506,0.07223930954933167,1.0,,,1,Q3,0.9833416938781738,,
66,conv_epinet,1,0.06993887573480606,0.002953823423013091,0.06698504835367203,1.0,,,1,Q4,0.9881666898727416,,
67,conv_epinet,1,0.2116706371307373,0.024139678105711937,0.18753094971179962,1.0,,,1,Q3,0.9642231464385986,,
68,conv_epinet,1,0.9181644916534424,0.06701149046421051,0.8511529564857483,0.8999999761581421,,,1,Q1,0.4938443899154663,,
69,conv_epinet,1,0.08764480799436569,0.00406181626021862,0.08358298987150192,1.0,,,1,Q4,0.9841518402099608,,
70,conv_epinet,1,0.44779181480407715,0.00763271888718009,0.4401591122150421,1.0,,,1,Q2,0.8548026084899902,,
71,conv_epinet,1,0.07000931352376938,0.0025833728723227978,0.067425936460495,1.0,,,1,Q4,0.9894481897354126,,
72,conv_epinet,1,0.3795378804206848,0.03027133271098137,0.34926655888557434,1.0,,,1,Q2,0.9096555709838868,,
73,conv_epinet,1,0.06427855044603348,0.003663999028503895,0.06061454862356186,1.0,,,1,Q4,0.9890215396881104,,
74,conv_epinet,0,0.8198923468589783,0.05287778750061989,0.7670145630836487,1.0,,,1,Q1,0.3753641247749328,,
75,conv_epinet,1,0.06301511079072952,0.0008085871813818812,0.06220652163028717,1.0,,,1,Q4,0.9871660470962524,,
76,conv_epinet,1,0.06869639456272125,0.0018754331395030022,0.06682096421718597,1.0,,,1,Q4,0.9895006418228148,,
77,conv_epinet,1,0.05737750604748726,0.001609526458196342,0.055767979472875595,1.0,,,1,Q4,0.989349365234375,,
78,conv_epinet,1,0.104571633040905,0.0051741087809205055,0.09939752519130707,1.0,,,1,Q4,0.9895659685134888,,
79,conv_epinet,1,0.2005164474248886,0.024395372718572617,0.1761210709810257,1.0,,,1,Q3,0.9571022987365724,,
80,conv_epinet,1,0.0699758231639862,0.0024020601995289326,0.06757376343011856,1.0,,,1,Q4,0.9896801710128784,,
81,conv_epinet,1,0.7103326916694641,0.05817975103855133,0.652152955532074,1.0,,,1,Q1,0.5560187101364136,,
82,conv_epinet,1,0.06613565236330032,0.002584517700597644,0.06355112791061401,1.0,,,1,Q4,0.9851453304290771,,
83,conv_epinet,1,0.05381251499056816,0.0018522263271734118,0.051960289478302,1.0,,,1,Q4,0.986108660697937,,
84,conv_epinet,1,0.08296406269073486,0.004249906167387962,0.07871415466070175,1.0,,,1,Q4,0.989061713218689,,
85,conv_epinet,1,0.08350144326686859,0.0033359637018293142,0.08016548305749893,1.0,,,1,Q4,0.9894230365753174,,
86,conv_epinet,1,0.06896793097257614,0.00168412399943918,0.06728380173444748,1.0,,,1,Q4,0.9881587028503418,,
87,conv_epinet,1,0.09827250987291336,0.003961383830755949,0.09431112557649612,1.0,,,1,Q4,0.9889706373214722,,
88,conv_epinet,1,0.06995640695095062,0.0010454879375174642,0.06891091912984848,1.0,,,1,Q4,0.9855767488479614,,
89,conv_epinet,1,0.05987891927361488,0.0026662093587219715,0.0572127103805542,1.0,,,1,Q4,0.9870728254318236,,
90,conv_epinet,0,0.5996613502502441,0.027714703232049942,0.5719466805458069,1.0,,,1,Q1,0.5593433380126953,,
91,conv_epinet,1,0.07526125013828278,0.004727545194327831,0.07053370773792267,1.0,,,1,Q4,0.9869449138641356,,
92,conv_epinet,1,0.566725492477417,0.008417906239628792,0.5583075881004333,1.0,,,1,Q1,0.7216737270355225,,
93,conv_epinet,1,0.0667029321193695,0.0037978605832904577,0.06290507316589355,1.0,,,1,Q4,0.989203691482544,,
94,conv_epinet,1,0.06704849749803543,0.0038623916916549206,0.06318610161542892,1.0,,,1,Q4,0.9897382259368896,,
95,conv_epinet,0,0.3065107762813568,0.011420507915318012,0.29509028792381287,1.0,,,1,Q2,0.861663818359375,,
96,conv_epinet,1,0.6818013787269592,0.06091298535466194,0.6208884119987488,1.0,,,1,Q1,0.6966897249221802,,
97,conv_epinet,1,0.06601311266422272,0.003346196608617902,0.06266691535711288,1.0,,,1,Q4,0.9898524284362792,,
98,conv_epinet,1,0.7309905886650085,0.10748730599880219,0.6235032677650452,0.8999999761581421,,,1,Q1,0.5512982606887817,,
99,conv_epinet,1,0.6802605390548706,0.044323842972517014,0.6359366774559021,1.0,,,1,Q2,0.7575238943099976,,
100,conv_epinet,1,0.9998093843460083,0.10783828049898148,0.8919710516929626,0.5,,,1,Q1,0.1993075609207153,,
101,conv_epinet,1,0.3936960995197296,0.01304690446704626,0.380649209022522,1.0,,,1,Q2,0.8218826055526733,,
102,conv_epinet,1,0.8366886377334595,0.06661447137594223,0.770074188709259,0.8999999761581421,,,1,Q1,0.5277739763259888,,
103,conv_epinet,1,0.8418383002281189,0.040899794548749924,0.8009384870529175,1.0,,,1,Q1,0.530787467956543,,
104,conv_epinet,1,0.06461472809314728,0.0013971171574667096,0.06321761012077332,1.0,,,1,Q4,0.9892138242721558,,
105,conv_epinet,1,0.6016281843185425,0.023899827152490616,0.5777283310890198,1.0,,,1,Q1,0.7183045148849487,,
106,conv_epinet,0,0.8812088370323181,0.03902174532413483,0.8421871066093445,1.0,,,1,Q1,0.2687570452690124,,
107,conv_epinet,0,0.7825570106506348,0.036923814564943314,0.7456331849098206,1.0,,,1,Q1,0.47166508436203,,
108,conv_epinet,1,0.06011880189180374,0.0021388621535152197,0.05797994136810303,1.0,,,1,Q4,0.989080548286438,,
109,conv_epinet,0,0.9575741291046143,0.06326932460069656,0.8943048119544983,0.800000011920929,,,1,Q1,0.2268384099006652,,
110,conv_epinet,0,0.8789967894554138,0.04711000248789787,0.8318867683410645,0.8999999761581421,,,1,Q1,0.472461462020874,,
111,conv_epinet,1,0.06817155331373215,0.0021382980048656464,0.0660332515835762,1.0,,,1,Q4,0.9898473024368286,,
112,conv_epinet,1,0.046399686485528946,0.0011369934072718024,0.045262694358825684,1.0,,,1,Q4,0.9887608289718628,,
113,conv_epinet,1,0.06488002836704254,0.0014780189376324415,0.06340201199054718,1.0,,,1,Q4,0.9888706207275392,,
114,conv_epinet,0,0.7264543771743774,0.0653146281838417,0.661139726638794,1.0,,,1,Q1,0.6520277261734009,,
115,conv_epinet,0,0.837334156036377,0.1355932354927063,0.7017409205436707,0.8999999761581421,,,1,Q1,0.5097920894622803,,
116,conv_epinet,1,0.11739292740821838,0.0018231021240353584,0.1155698224902153,1.0,,,1,Q3,0.9821147918701172,,
117,conv_epinet,1,0.24083232879638672,0.009931826032698154,0.23090051114559174,1.0,,,1,Q2,0.936009645462036,,
118,conv_epinet,1,0.7019705176353455,0.04075786843895912,0.6612126231193542,1.0,,,1,Q1,0.7249468564987183,,
119,conv_epinet,1,0.09431541711091995,0.005722319707274437,0.08859309554100037,1.0,,,1,Q4,0.9840956926345824,,
120,conv_epinet,1,0.07063627243041992,0.002805762691423297,0.06783051043748856,1.0,,,1,Q4,0.989694356918335,,
121,conv_epinet,1,0.6099172234535217,0.017380008473992348,0.5925372242927551,1.0,,,1,Q2,0.784778356552124,,
122,conv_epinet,1,0.07469187676906586,0.0031409459188580513,0.07155092805624008,1.0,,,1,Q4,0.9900485277175904,,
123,conv_epinet,1,0.3349597752094269,0.013891339302062988,0.3210684359073639,1.0,,,1,Q2,0.8762181997299194,,
124,conv_epinet,1,0.733707070350647,0.043807461857795715,0.6898995637893677,1.0,,,1,Q1,0.6530505418777466,,
125,conv_epinet,1,0.054759446531534195,0.0037515973672270775,0.05100785195827484,1.0,,,1,Q4,0.989794373512268,,
126,conv_epinet,1,0.1291511207818985,0.004827381111681461,0.12432374060153961,1.0,,,1,Q3,0.973497986793518,,
127,conv_epinet,1,0.22606128454208374,0.009719771333038807,0.2163415104150772,1.0,,,1,Q2,0.9160668849945068,,
128,conv_epinet,1,0.9748842716217041,0.025175077840685844,0.9497091770172119,0.8999999761581421,,,1,Q1,0.2450960874557495,,
129,conv_epinet,1,0.10216343402862549,0.0035225809551775455,0.09864085167646408,1.0,,,1,Q4,0.9877289533615112,,
130,conv_epinet,1,0.9589165449142456,0.06995187699794769,0.8889646530151367,0.699999988079071,,,1,Q1,0.3684087991714477,,
131,conv_epinet,1,0.9311302304267883,0.04631269350647926,0.8848175406455994,0.800000011920929,,,1,Q1,0.5301783084869385,,
132,conv_epinet,1,0.06048474460840225,0.00230186409316957,0.05818288028240204,1.0,,,1,Q4,0.989424467086792,,
133,conv_epinet,1,0.04504787176847458,0.0014849681174382567,0.04356290400028229,1.0,,,1,Q4,0.9898808002471924,,
134,conv_epinet,0,0.3505617082118988,0.011119194328784943,0.33944249153137207,1.0,,,1,Q2,0.8570687770843506,,
135,conv_epinet,1,0.7612402439117432,0.07794245332479477,0.6832978129386902,1.0,,,1,Q1,0.5618381500244141,,
136,conv_epinet,1,0.8834326267242432,0.038042906671762466,0.845389723777771,1.0,,,1,Q1,0.2960128784179687,,
137,conv_epinet,1,0.724516749382019,0.10924879461526871,0.6152679324150085,0.8999999761581421,,,1,Q1,0.6318049430847168,,
138,conv_epinet,1,0.9295772314071655,0.05009940639138222,0.8794777989387512,1.0,,,1,Q1,0.5163964033126831,,
139,conv_epinet,0,0.9918504357337952,0.10117103159427643,0.8906794190406799,0.6000000238418579,,,1,Q1,0.1197516918182373,,
140,conv_epinet,1,0.7739778161048889,0.02107415162026882,0.7529036402702332,1.0,,,1,Q1,0.5414704084396362,,
141,conv_epinet,0,0.9848099946975708,0.05439518764615059,0.9304147958755493,0.699999988079071,,,1,Q1,0.1079832911491394,,
142,conv_epinet,0,0.6056552529335022,0.017724746838212013,0.5879305005073547,1.0,,,1,Q1,0.7183431386947632,,
143,conv_epinet,1,0.10750225186347961,0.0038596023805439472,0.10364264994859695,1.0,,,1,Q4,0.9843252897262572,,
144,conv_epinet,1,0.06017180532217026,0.0017744149081408978,0.05839738994836807,1.0,,,1,Q4,0.9889357089996338,,
145,conv_epinet,1,0.05481930449604988,0.0011137918336316943,0.05370550975203514,1.0,,,1,Q4,0.9889369010925292,,
146,conv_epinet,1,0.6069760322570801,0.06192243844270706,0.5450536012649536,1.0,,,1,Q2,0.8117918968200684,,
147,conv_epinet,1,0.058104537427425385,0.0010529530700296164,0.057051584124565125,1.0,,,1,Q4,0.9892135858535768,,
148,conv_epinet,1,0.42607665061950684,0.011349651031196117,0.41472700238227844,1.0,,,1,Q2,0.8290385007858276,,
149,conv_epinet,1,0.0736503005027771,0.0039605023339390755,0.0696898028254509,1.0,,,1,Q4,0.988922119140625,,
150,conv_epinet,1,0.07580593973398209,0.007058425806462765,0.06874752044677734,1.0,,,1,Q4,0.9894378185272216,,
151,conv_epinet,1,0.37782278656959534,0.01367154624313116,0.3641512393951416,1.0,,,1,Q2,0.8770918846130371,,
152,conv_epinet,1,0.35152024030685425,0.005076670087873936,0.3464435636997223,1.0,,,1,Q2,0.8431781530380249,,
153,conv_epinet,1,0.06634993106126785,0.0038530563469976187,0.06249687820672989,1.0,,,1,Q4,0.987255334854126,,
154,conv_epinet,1,0.354513555765152,0.008806349709630013,0.3457072079181671,1.0,,,1,Q2,0.8815121650695801,,
155,conv_epinet,1,0.06334424018859863,0.0013504561502486467,0.061993785202503204,1.0,,,1,Q4,0.9894565343856812,,
156,conv_epinet,1,0.15035520493984222,0.01595844142138958,0.1343967616558075,1.0,,,1,Q3,0.981682062149048,,
157,conv_epinet,1,0.3347143828868866,0.004466991405934095,0.3302473723888397,1.0,,,1,Q2,0.9023391008377076,,
158,conv_epinet,0,0.8065229654312134,0.02852959930896759,0.777993381023407,1.0,,,1,Q1,0.3196220397949219,,
159,conv_epinet,1,0.08457193523645401,0.0052094836719334126,0.07936245203018188,1.0,,,1,Q4,0.988316535949707,,
160,conv_epinet,0,0.14878997206687927,0.0059881992638111115,0.14280177652835846,1.0,,,1,Q3,0.9620648622512816,,
161,conv_epinet,1,0.08069223165512085,0.005813975818455219,0.0748782530426979,1.0,,,1,Q4,0.9897854328155518,,
162,conv_epinet,1,0.10548610985279083,0.006499740295112133,0.09898636490106583,1.0,,,1,Q3,0.9789421558380128,,
163,conv_epinet,0,0.18315419554710388,0.0072145648300647736,0.1759396344423294,1.0,,,1,Q2,0.9416133761405944,,
164,conv_epinet,1,0.1090310662984848,0.0021034874953329563,0.10692758113145828,1.0,,,1,Q3,0.9691498279571532,,
165,conv_epinet,1,0.06487822532653809,0.0011920600663870573,0.06368616223335266,1.0,,,1,Q4,0.9887113571166992,,
166,conv_epinet,1,0.05582597851753235,0.001466076821088791,0.05435990169644356,1.0,,,1,Q4,0.9892449378967284,,
167,conv_epinet,0,0.9281796813011169,0.05284734442830086,0.8753323554992676,0.8999999761581421,,,1,Q1,0.2282764315605163,,
168,conv_epinet,1,0.5095236301422119,0.03435026854276657,0.47517335414886475,1.0,,,1,Q2,0.8385540246963501,,
169,conv_epinet,1,0.06384358555078506,0.0009008289780467749,0.0629427507519722,1.0,,,1,Q4,0.9891921281814576,,
170,conv_epinet,1,0.06341440230607986,0.0024193550925701857,0.06099504604935646,1.0,,,1,Q4,0.988875150680542,,
171,conv_epinet,1,0.2943788468837738,0.018466100096702576,0.2759127616882324,1.0,,,1,Q2,0.9219635725021362,,
172,conv_epinet,1,0.10952430218458176,0.008226822130382061,0.10129748284816742,1.0,,,1,Q4,0.9857447147369384,,
173,conv_epinet,1,0.04229431226849556,0.000521634123288095,0.04177267849445343,1.0,,,1,Q4,0.989414930343628,,
174,conv_epinet,1,0.04943588003516197,0.00047171078040264547,0.04896416887640953,1.0,,,1,Q4,0.9899191856384276,,
175,conv_epinet,1,0.05884949117898941,0.002794787986204028,0.05605470389127731,1.0,,,1,Q4,0.9891130924224854,,
176,conv_epinet,1,0.049915287643671036,0.000553660502191633,0.04936162754893303,1.0,,,1,Q4,0.9897445440292358,,
177,conv_epinet,1,0.06247459352016449,0.0016245427541434765,0.060850054025650024,1.0,,,1,Q4,0.9892623424530028,,
178,conv_epinet,0,0.4051264524459839,0.02347511611878872,0.3816513419151306,1.0,,,1,Q2,0.8797494769096375,,
179,conv_epinet,1,0.7728570103645325,0.05772769823670387,0.7151293158531189,0.8999999761581421,,,1,Q1,0.6425198316574097,,
180,conv_epinet,1,0.06795161962509155,0.0003240260703023523,0.06762759387493134,1.0,,,1,Q4,0.9892486333847046,,
181,conv_epinet,1,0.0636596605181694,0.002474728273227811,0.06118493527173996,1.0,,,1,Q4,0.9896336793899536,,
182,conv_epinet,1,0.8768489956855774,0.06854376941919327,0.8083052039146423,1.0,,,1,Q1,0.3794785737991333,,
183,conv_epinet,1,0.06812131404876709,0.0019245126750320196,0.06619679927825928,1.0,,,1,Q4,0.9886590242385864,,
184,conv_epinet,1,0.060093920677900314,0.0011463826522231102,0.05894753709435463,1.0,,,1,Q4,0.9897148609161376,,
185,conv_epinet,1,0.07688217610120773,0.0029630139470100403,0.07391916215419769,1.0,,,1,Q4,0.989393949508667,,
186,conv_epinet,1,0.12818747758865356,0.0076707592234015465,0.12051672488451004,1.0,,,1,Q3,0.9757980108261108,,
187,conv_epinet,1,0.05765755847096443,0.0011914958013221622,0.05646606534719467,1.0,,,1,Q4,0.9898191690444946,,
188,conv_epinet,1,0.9641464352607727,0.04710037261247635,0.917046070098877,0.699999988079071,,,1,Q1,0.3732292652130127,,
189,conv_epinet,1,0.052031006664037704,0.002259416738525033,0.049771592020988464,1.0,,,1,Q4,0.9885748624801636,,
190,conv_epinet,0,0.9973808526992798,0.08101947605609894,0.916361391544342,0.800000011920929,,,1,Q1,0.0592354536056518,,
191,conv_epinet,1,0.05765046551823616,0.001971340272575617,0.05567912384867668,1.0,,,1,Q4,0.9896379709243774,,
192,conv_epinet,1,0.05426584556698799,0.0010846354998648167,0.05318121239542961,1.0,,,1,Q4,0.98960280418396,,
193,conv_epinet,1,0.8620701432228088,0.04804094508290291,0.8140292167663574,1.0,,,1,Q1,0.4003963470458984,,
194,conv_epinet,1,0.06975815445184708,0.0007859553443267941,0.06897220015525818,1.0,,,1,Q4,0.988135814666748,,
195,conv_epinet,0,0.5636476874351501,0.028651535511016846,0.5349961519241333,1.0,,,1,Q2,0.7479783892631531,,
196,conv_epinet,1,0.05682133138179779,0.0014111982891336083,0.05541013181209564,1.0,,,1,Q4,0.988756775856018,,
197,conv_epinet,1,0.05104958266019821,0.0006220773793756962,0.05042750760912895,1.0,,,1,Q4,0.98789644241333,,
198,conv_epinet,0,0.875863254070282,0.02144709601998329,0.8544161915779114,1.0,,,1,Q1,0.5457092523574829,,
199,conv_epinet,1,0.8895837068557739,0.036859750747680664,0.8527239561080933,1.0,,,1,Q1,0.5876197814941406,,
200,conv_epinet,0,0.9774019718170166,0.05013139545917511,0.9272705912590027,0.8999999761581421,,,1,Q1,0.14300137758255,,
201,conv_epinet,0,0.3003840446472168,0.03738952428102493,0.26299452781677246,1.0,,,1,Q2,0.8932040929794312,,
202,conv_epinet,1,0.07415062934160233,0.0024708800483494997,0.0716797485947609,1.0,,,1,Q4,0.986021876335144,,
203,conv_epinet,1,0.06295061856508255,0.0022458676248788834,0.06070474907755852,1.0,,,1,Q4,0.9896560907363892,,
204,conv_epinet,0,0.7753622531890869,0.01141655258834362,0.7639457583427429,1.0,,,1,Q1,0.4957654476165771,,
205,conv_epinet,1,0.8032453060150146,0.11921893060207367,0.6840263605117798,0.8999999761581421,,,1,Q1,0.7104882001876831,,
206,conv_epinet,1,0.044658493250608444,0.0010528455022722483,0.04360564798116684,1.0,,,1,Q4,0.989082932472229,,
207,conv_epinet,1,0.08338931202888489,0.001773968804627657,0.08161533623933792,1.0,,,1,Q4,0.9860948324203492,,
208,conv_epinet,1,0.05168023332953453,0.0007383268675766885,0.05094190686941147,1.0,,,1,Q4,0.988560676574707,,
209,conv_epinet,1,0.5219203233718872,0.06190906837582588,0.4600112736225128,1.0,,,1,Q2,0.8516238927841187,,
210,conv_epinet,1,0.05201306194067001,0.0016335933469235897,0.050379469990730286,1.0,,,1,Q4,0.989438533782959,,
211,conv_epinet,0,0.12324045598506927,0.003559600096195936,0.11968085914850235,1.0,,,1,Q3,0.9665042757987976,,
212,conv_epinet,1,0.06202659010887146,0.001495668664574623,0.060530923306941986,1.0,,,1,Q4,0.989760160446167,,
213,conv_epinet,1,0.39904502034187317,0.019269924610853195,0.37977510690689087,1.0,,,1,Q2,0.8834352493286133,,
214,conv_epinet,1,0.9442435503005981,0.09314631670713425,0.8510972261428833,0.800000011920929,,,1,Q1,0.333665132522583,,
215,conv_epinet,0,0.1969841718673706,0.005413304548710585,0.19157087802886963,1.0,,,1,Q2,0.9357705116271972,,
216,conv_epinet,1,0.06653749942779541,0.0018333027837798,0.06470420211553574,1.0,,,1,Q4,0.9894996881484984,,
217,conv_epinet,1,0.05349358171224594,0.0006835557869635522,0.052810024470090866,1.0,,,1,Q4,0.9880187511444092,,
218,conv_epinet,1,0.18599557876586914,0.014767301268875599,0.17122827470302582,1.0,,,1,Q3,0.9577295780181884,,
219,conv_epinet,1,0.0601351261138916,0.0007231279159896076,0.059411998838186264,1.0,,,1,Q4,0.9890984296798706,,
220,conv_epinet,1,0.760668158531189,0.04031643271446228,0.7203517556190491,1.0,,,1,Q1,0.6469745635986328,,
221,conv_epinet,1,0.046554237604141235,0.0002454783534631133,0.04630875959992409,1.0,,,1,Q4,0.9893531799316406,,
222,conv_epinet,1,0.08452524244785309,0.0036742803640663624,0.08085096627473831,1.0,,,1,Q4,0.988826870918274,,
223,conv_epinet,1,0.05725712329149246,0.0005443680565804243,0.05671275779604912,1.0,,,1,Q4,0.9897809028625488,,
224,conv_epinet,0,0.5409666895866394,0.040449030697345734,0.5005176663398743,1.0,,,1,Q2,0.825292706489563,,
225,conv_epinet,1,0.0700124055147171,0.004214187618345022,0.06579821556806564,1.0,,,1,Q4,0.98873770236969,,
226,conv_epinet,1,0.06173816695809364,0.0008445208077318966,0.06089364364743233,1.0,,,1,Q4,0.9883209466934204,,
227,conv_epinet,1,0.10937397181987762,0.003709311131387949,0.10566465556621552,1.0,,,1,Q3,0.9762853384017944,,
228,conv_epinet,1,0.34350326657295227,0.016789590939879417,0.3267136812210083,1.0,,,1,Q2,0.905089259147644,,
229,conv_epinet,1,0.9915885925292969,0.021670931950211525,0.9699176549911499,0.699999988079071,,,1,Q1,0.0977194309234619,,
230,conv_epinet,0,0.6702839732170105,0.07931603491306305,0.5909679532051086,0.8999999761581421,,,1,Q2,0.7409460544586182,,
231,conv_epinet,1,0.0859246701002121,0.006983188912272453,0.0789414793252945,1.0,,,1,Q4,0.9849361181259156,,
232,conv_epinet,1,0.7934908270835876,0.09103445708751678,0.7024563550949097,0.8999999761581421,,,1,Q1,0.5462549924850464,,
233,conv_epinet,0,0.7565857172012329,0.044270869344472885,0.7123148441314697,1.0,,,1,Q1,0.6592389345169067,,
234,conv_epinet,1,0.05900172144174576,0.001836479059420526,0.0571652427315712,1.0,,,1,Q4,0.9891401529312134,,
235,conv_epinet,1,0.06249357387423515,0.001631072722375393,0.060862500220537186,1.0,,,1,Q4,0.9845024347305298,,
236,conv_epinet,1,0.04948747158050537,0.0014045769348740578,0.04808289185166359,1.0,,,1,Q4,0.9887523651123048,,
237,conv_epinet,1,0.08550788462162018,0.0017113885842263699,0.08379649370908737,1.0,,,1,Q4,0.9841142892837524,,
238,conv_epinet,1,0.07981044054031372,0.0010655077639967203,0.07874493300914764,1.0,,,1,Q4,0.9885983467102052,,
239,conv_epinet,0,0.4984980821609497,0.0162520594894886,0.4822460114955902,1.0,,,1,Q2,0.7348174452781677,,
240,conv_epinet,1,0.07766791433095932,0.003430269192904234,0.0742376446723938,1.0,,,1,Q4,0.9884690046310424,,
241,conv_epinet,1,0.0850374847650528,0.002711714943870902,0.0823257714509964,1.0,,,1,Q4,0.986729860305786,,
242,conv_epinet,0,0.9998422265052795,0.08623519539833069,0.9136070013046265,0.4000000059604645,,,1,Q1,0.0928401947021484,,
243,conv_epinet,1,0.9982146620750427,0.04127196595072746,0.9569426774978638,0.5,,,1,Q1,0.0179194808006286,,
244,conv_epinet,1,0.434701532125473,0.028470007702708244,0.40623152256011963,1.0,,,1,Q2,0.8366206884384155,,
245,conv_epinet,1,0.4893651008605957,0.048137083649635315,0.4412280321121216,1.0,,,1,Q2,0.847718358039856,,
246,conv_epinet,1,0.12958036363124847,0.006847424898296595,0.12273293733596802,1.0,,,1,Q3,0.9793742895126344,,
247,conv_epinet,1,0.06315386295318604,0.00358800427056849,0.05956585705280304,1.0,,,1,Q4,0.9884861707687378,,
248,conv_epinet,1,0.10978937894105911,0.0061072115786373615,0.10368216782808304,1.0,,,1,Q3,0.9712108373641968,,
249,conv_epinet,1,0.06669279932975769,0.0008236679132096469,0.06586913019418716,1.0,,,1,Q4,0.9874365329742432,,
250,conv_epinet,1,0.05377152934670448,0.0008253984851762652,0.05294613167643547,1.0,,,1,Q4,0.9881796836853028,,
251,conv_epinet,1,0.06907889246940613,0.0015201922506093979,0.06755870580673218,1.0,,,1,Q4,0.9865708351135254,,
252,conv_epinet,1,0.07927870005369186,0.0013681703712791204,0.07791053503751755,1.0,,,1,Q3,0.9828643798828124,,
253,conv_epinet,1,0.9094927310943604,0.114126056432724,0.7953667044639587,0.8999999761581421,,,1,Q1,0.5045011043548584,,
254,conv_epinet,1,0.9200578331947327,0.019241763278841972,0.9008160829544067,1.0,,,1,Q1,0.4232017993927002,,
255,conv_epinet,1,0.14053888618946075,0.0013759686844423413,0.13916291296482086,1.0,,,1,Q3,0.9716671705245972,,
256,conv_epinet,1,0.05698937922716141,0.0021751343738287687,0.05481424555182457,1.0,,,1,Q4,0.9900261163711548,,
257,conv_epinet,0,0.9761428236961365,0.13858439028263092,0.8375584483146667,0.699999988079071,,,1,Q1,0.2809835076332092,,
258,conv_epinet,1,0.09635163843631744,0.01316837314516306,0.08318325877189636,1.0,,,1,Q4,0.9876803159713744,,
259,conv_epinet,0,0.8962420225143433,0.046059101819992065,0.8501828908920288,0.8999999761581421,,,1,Q1,0.512199878692627,,
260,conv_epinet,0,0.8391907215118408,0.16111978888511658,0.6780709028244019,0.8999999761581421,,,1,Q1,0.5133194923400879,,
261,conv_epinet,1,0.04921223223209381,0.002041294239461422,0.04717094078660011,1.0,,,1,Q4,0.988398551940918,,
262,conv_epinet,1,0.0705852061510086,0.0031971896532922983,0.06738801300525665,1.0,,,1,Q4,0.990031599998474,,
263,conv_epinet,1,0.37506037950515747,0.02986491657793522,0.3451954424381256,1.0,,,1,Q2,0.8570997714996338,,
264,conv_epinet,1,0.059476468712091446,0.0034237876534461975,0.05605268105864525,1.0,,,1,Q4,0.9880291223526,,
265,conv_epinet,1,0.044197212904691696,0.001306487713009119,0.042890727519989014,1.0,,,1,Q4,0.9896669387817384,,
266,conv_epinet,1,0.05131090432405472,0.0020173778757452965,0.049293529242277145,1.0,,,1,Q4,0.9896724224090576,,
267,conv_epinet,1,0.06946711242198944,0.0034044396597892046,0.06606267392635345,1.0,,,1,Q4,0.9897302389144896,,
268,conv_epinet,1,0.06595756858587265,0.0042691524140536785,0.06168841943144798,1.0,,,1,Q4,0.9879871606826782,,
269,conv_epinet,1,0.07730786502361298,0.001986657502129674,0.07532120496034622,1.0,,,1,Q3,0.9829213619232178,,
270,conv_epinet,1,0.061144862323999405,0.001789769739843905,0.05935509130358696,1.0,,,1,Q4,0.989643096923828,,
271,conv_epinet,0,0.9469000101089478,0.12493912130594254,0.8219608664512634,0.699999988079071,,,1,Q1,0.2579202651977539,,
272,conv_epinet,1,0.7614037990570068,0.13142544031143188,0.629978358745575,0.8999999761581421,,,1,Q2,0.7832016944885254,,
273,conv_epinet,1,0.1631421148777008,0.01996581070125103,0.14317630231380463,1.0,,,1,Q3,0.981625199317932,,
274,conv_epinet,1,0.0700204148888588,0.002549239667132497,0.06747117638587952,1.0,,,1,Q4,0.9883201122283936,,
275,conv_epinet,1,0.5554978847503662,0.02317565120756626,0.5323222279548645,1.0,,,1,Q2,0.8004225492477417,,
276,conv_epinet,1,0.07283409684896469,0.0029282786417752504,0.06990581750869751,1.0,,,1,Q4,0.9894076585769652,,
277,conv_epinet,1,0.06500645726919174,0.0018503075698390603,0.0631561428308487,1.0,,,1,Q4,0.9893206357955932,,
278,conv_epinet,0,0.20084993541240692,0.006370151415467262,0.1944797933101654,1.0,,,1,Q2,0.9115135669708252,,
279,conv_epinet,1,0.3759344220161438,0.020337700843811035,0.35559672117233276,1.0,,,1,Q2,0.8887255191802979,,
280,conv_epinet,1,0.053468964993953705,0.00390852615237236,0.049560438841581345,1.0,,,1,Q4,0.9882017374038696,,
281,conv_epinet,1,0.07539259642362595,0.004030794836580753,0.07136180251836777,1.0,,,1,Q4,0.9894394874572754,,
282,conv_epinet,0,0.5224471092224121,0.06971170753240585,0.45273539423942566,1.0,,,1,Q2,0.8123074769973755,,
283,conv_epinet,1,0.055106278508901596,0.0018578371964395046,0.053248438984155655,1.0,,,1,Q4,0.9887763261795044,,
284,conv_epinet,1,0.07197631150484085,0.0025308590847998857,0.06944544613361359,1.0,,,1,Q4,0.988774299621582,,
285,conv_epinet,0,0.8995222449302673,0.14233404397964478,0.7571882009506226,0.800000011920929,,,1,Q1,0.3528041243553161,,
286,conv_epinet,1,0.052296727895736694,0.0015557496808469296,0.05074097588658333,1.0,,,1,Q4,0.9886592626571656,,
287,conv_epinet,1,0.12736637890338898,0.008176818490028381,0.11918956786394119,1.0,,,1,Q3,0.9835315942764282,,
288,conv_epinet,1,0.4450688660144806,0.047284867614507675,0.3977839946746826,1.0,,,1,Q2,0.7902281284332275,,
289,conv_epinet,1,0.09605112671852112,0.010135313495993614,0.08591581135988235,1.0,,,1,Q4,0.987944722175598,,
290,conv_epinet,1,0.06973116099834442,0.004353455733507872,0.06537770479917526,1.0,,,1,Q4,0.9886877536773682,,
291,conv_epinet,1,0.9922047853469849,0.0596863217651844,0.932518482208252,0.699999988079071,,,1,Q1,0.1014370918273925,,
292,conv_epinet,1,0.06589797139167786,0.0014219686854630709,0.06447600573301315,1.0,,,1,Q4,0.9892251491546632,,
293,conv_epinet,1,0.9633551239967346,0.05840195342898369,0.9049531817436218,0.8999999761581421,,,1,Q1,0.3926699161529541,,
294,conv_epinet,1,0.062195681035518646,0.0018415364902466536,0.06035414710640907,1.0,,,1,Q4,0.9876035451889038,,
295,conv_epinet,1,0.05452613905072212,0.0024792535696178675,0.05204688385128975,1.0,,,1,Q4,0.9885573387145996,,
296,conv_epinet,1,0.060317374765872955,0.004156304523348808,0.056161068379879,1.0,,,1,Q4,0.9895864725112916,,
297,conv_epinet,1,0.6889299154281616,0.07062497735023499,0.6183049082756042,1.0,,,1,Q1,0.6772247552871704,,
298,conv_epinet,0,0.43207845091819763,0.03278888016939163,0.3992895781993866,1.0,,,1,Q2,0.7857797741889954,,
299,conv_epinet,0,0.8073781132698059,0.13522350788116455,0.6721546053886414,0.8999999761581421,,,1,Q1,0.5401161313056946,,
300,conv_epinet,1,0.2788989245891571,0.01905791275203228,0.25984102487564087,1.0,,,1,Q2,0.9331692457199096,,
301,conv_epinet,1,0.055383577942848206,0.0011533478973433375,0.054230231791734695,1.0,,,1,Q4,0.9865952730178832,,
302,conv_epinet,1,0.5512447357177734,0.0322684608399868,0.5189762711524963,1.0,,,1,Q2,0.7372363805770874,,
303,conv_epinet,1,0.07716403156518936,0.003198022721335292,0.07396601140499115,1.0,,,1,Q4,0.9893213510513306,,
304,conv_epinet,1,0.8978618383407593,0.11258870363235474,0.7852731347084045,0.800000011920929,,,1,Q1,0.5539063215255737,,
305,conv_epinet,1,0.3254070281982422,0.015138816088438034,0.31026822328567505,1.0,,,1,Q2,0.8437975645065308,,
306,conv_epinet,1,0.07960084825754166,0.00437269639223814,0.07522815465927124,1.0,,,1,Q4,0.9899083375930786,,
307,conv_epinet,1,0.05974549427628517,0.0029647175688296556,0.056780777871608734,1.0,,,1,Q4,0.9891022443771362,,
308,conv_epinet,1,0.05810730159282684,0.0022658552043139935,0.05584144592285156,1.0,,,1,Q4,0.9890861511230468,,
309,conv_epinet,1,0.043107252568006516,0.0013068558182567358,0.041800398379564285,1.0,,,1,Q4,0.9871865510940552,,
310,conv_epinet,1,0.07591096311807632,0.003165018279105425,0.07274594157934189,1.0,,,1,Q4,0.9872124195098876,,
311,conv_epinet,1,0.06775755435228348,0.003659860696643591,0.06409769505262375,1.0,,,1,Q4,0.9896093606948853,,
312,conv_epinet,1,0.4868551194667816,0.02996230125427246,0.45689281821250916,1.0,,,1,Q2,0.8501131534576416,,
313,conv_epinet,1,0.06703706830739975,0.002488895319402218,0.06454817205667496,1.0,,,1,Q4,0.9894676208496094,,
314,conv_epinet,1,0.051123928278684616,0.0015656655887141824,0.04955826327204704,1.0,,,1,Q4,0.9893040657043456,,
315,conv_epinet,0,0.8250580430030823,0.06571009755134583,0.7593479156494141,0.8999999761581421,,,1,Q1,0.3486171960830688,,
316,conv_epinet,1,0.9993770718574524,0.1567964106798172,0.8425806760787964,0.6000000238418579,,,1,Q1,0.0876684784889221,,
317,conv_epinet,1,0.06472189724445343,0.006742279045283794,0.05797961726784706,1.0,,,1,Q4,0.9897490739822388,,
318,conv_epinet,1,0.05851541832089424,0.006053509656339884,0.052461910992860794,1.0,,,1,Q4,0.9875444173812866,,
319,conv_epinet,0,0.22656817734241486,0.010153082199394703,0.21641509234905243,1.0,,,1,Q2,0.9194424152374268,,
320,conv_epinet,1,0.050811659544706345,0.0006963738705962896,0.05011528730392456,1.0,,,1,Q4,0.9884058237075806,,
321,conv_epinet,1,0.054040417075157166,0.00301636615768075,0.051024049520492554,1.0,,,1,Q4,0.9898970127105712,,
322,conv_epinet,1,0.06998244673013687,0.0008280588663183153,0.06915438175201416,1.0,,,1,Q4,0.988361954689026,,
323,conv_epinet,1,0.18641145527362823,0.004640027415007353,0.1817714273929596,1.0,,,1,Q3,0.94777512550354,,
324,conv_epinet,1,0.06589730083942413,0.0011669882806017995,0.06473031640052795,1.0,,,1,Q4,0.9894373416900636,,
325,conv_epinet,1,0.05987262725830078,0.0008703451021574438,0.05900228023529053,1.0,,,1,Q4,0.9892266988754272,,
326,conv_epinet,1,0.46812641620635986,0.011997552588582039,0.456128865480423,1.0,,,1,Q2,0.8477658033370972,,
327,conv_epinet,1,0.47032779455184937,0.007006444036960602,0.46332135796546936,1.0,,,1,Q2,0.841488242149353,,
328,conv_epinet,1,0.8742600679397583,0.054965656250715256,0.8192943930625916,0.8999999761581421,,,1,Q1,0.3646270036697387,,
329,conv_epinet,0,0.7803272604942322,0.07545485347509384,0.7048723697662354,0.8999999761581421,,,1,Q1,0.4337546229362488,,
330,conv_epinet,1,0.0824577808380127,0.0016998120117932558,0.08075796812772751,1.0,,,1,Q4,0.9882984161376952,,
331,conv_epinet,1,0.929762601852417,0.06442547589540482,0.8653371334075928,0.800000011920929,,,1,Q1,0.3496826887130737,,
332,conv_epinet,1,0.06411782652139664,0.0006100815953686833,0.06350775063037872,1.0,,,1,Q4,0.9857929944992064,,
333,conv_epinet,1,0.09477115422487259,0.005163779016584158,0.08960738033056259,1.0,,,1,Q4,0.9877285957336426,,
334,conv_epinet,1,0.06436848640441895,0.002056584693491459,0.06231189891695976,1.0,,,1,Q4,0.988807201385498,,
335,conv_epinet,1,0.3835189938545227,0.010328073985874653,0.37319090962409973,1.0,,,1,Q2,0.882149338722229,,
336,conv_epinet,0,0.5492051839828491,0.045231953263282776,0.5039732456207275,1.0,,,1,Q2,0.7974074482917786,,
337,conv_epinet,1,0.6823187470436096,0.05311555042862892,0.629203200340271,1.0,,,1,Q2,0.741562008857727,,
338,conv_epinet,1,0.050729233771562576,0.002463183831423521,0.04826604947447777,1.0,,,1,Q4,0.9896862506866456,,
339,conv_epinet,1,0.05273125693202019,0.0015123187331482768,0.05121893808245659,1.0,,,1,Q4,0.9893300533294678,,
340,conv_epinet,1,0.0722058117389679,0.0015138128073886037,0.07069199532270432,1.0,,,1,Q4,0.9877407550811768,,
341,conv_epinet,1,0.07130420953035355,0.0013818107545375824,0.06992240250110626,1.0,,,1,Q4,0.9896175861358644,,
342,conv_epinet,1,0.05168876051902771,0.00252044340595603,0.04916831851005554,1.0,,,1,Q4,0.9895966053009032,,
343,conv_epinet,1,0.09243974089622498,0.0033721497748047113,0.08906759321689606,1.0,,,1,Q4,0.985327959060669,,
344,conv_epinet,1,0.5945633053779602,0.043431252241134644,0.551132082939148,1.0,,,1,Q2,0.8130223751068115,,
345,conv_epinet,1,0.07980770617723465,0.0023447307758033276,0.07746297121047974,1.0,,,1,Q3,0.9828555583953856,,
346,conv_epinet,1,0.08854509890079498,0.0025295638479292393,0.08601552993059158,1.0,,,1,Q4,0.9840110540390016,,
347,conv_epinet,1,0.05847497284412384,0.0013212352059781551,0.05715373530983925,1.0,,,1,Q4,0.9893794059753418,,
348,conv_epinet,1,0.8336244821548462,0.05446277931332588,0.7791617512702942,0.8999999761581421,,,1,Q1,0.5579811334609985,,
349,conv_epinet,1,0.13185210525989532,0.0054970490746200085,0.12635505199432373,1.0,,,1,Q3,0.983945608139038,,
350,conv_epinet,1,0.06718996912240982,0.0020791359711438417,0.06511083990335464,1.0,,,1,Q4,0.9896044731140136,,
351,conv_epinet,1,0.5780214071273804,0.016546279191970825,0.5614750981330872,1.0,,,1,Q2,0.7639973163604736,,
352,conv_epinet,0,0.9957327842712402,0.0634293481707573,0.9323034286499023,0.6000000238418579,,,1,Q1,0.1242355108261108,,
353,conv_epinet,1,0.7221181988716125,0.02479344792664051,0.6973247528076172,1.0,,,1,Q1,0.6689466238021851,,
354,conv_epinet,1,0.060981426388025284,0.0017202510498464108,0.059261173009872437,1.0,,,1,Q4,0.9888076782226562,,
355,conv_epinet,1,0.28596368432044983,0.007203772664070129,0.2787598967552185,1.0,,,1,Q2,0.900104284286499,,
356,conv_epinet,1,0.27550673484802246,0.011839672923088074,0.2636670768260956,1.0,,,1,Q2,0.9362572431564332,,
357,conv_epinet,1,0.0578349344432354,0.0004486274847295135,0.057386305183172226,1.0,,,1,Q4,0.9893637895584106,,
358,conv_epinet,1,0.062062058597803116,0.0014586278703063726,0.06060342863202095,1.0,,,1,Q4,0.9851009845733644,,
359,conv_epinet,1,0.05548341944813728,0.0013317207340151072,0.05415169894695282,1.0,,,1,Q4,0.989751935005188,,
360,conv_epinet,1,0.06908315420150757,0.0025197286158800125,0.06656341999769211,1.0,,,1,Q4,0.9894225597381592,,
361,conv_epinet,0,0.8016995191574097,0.04239750653505325,0.759302020072937,0.8999999761581421,,,1,Q1,0.4848120808601379,,
362,conv_epinet,1,0.9601331949234009,0.04450120031833649,0.9156320095062256,0.800000011920929,,,1,Q1,0.0911686420440673,,
363,conv_epinet,1,0.08707493543624878,0.002575445454567671,0.08449948579072952,1.0,,,1,Q4,0.986258029937744,,
364,conv_epinet,1,0.960138738155365,0.046750474721193314,0.9133882522583008,0.800000011920929,,,1,Q1,0.2629472017288208,,
365,conv_epinet,0,0.7415345907211304,0.02325764298439026,0.7182769179344177,1.0,,,1,Q1,0.4698503017425537,,
366,conv_epinet,1,0.3057577908039093,0.012395241297781467,0.293362557888031,1.0,,,1,Q2,0.90422260761261,,
367,conv_epinet,1,0.0579715371131897,0.0020470288582146168,0.05592450499534607,1.0,,,1,Q4,0.9894992113113404,,
368,conv_epinet,1,0.05704943463206291,0.0007346292841248214,0.056314803659915924,1.0,,,1,Q4,0.9895775318145752,,
369,conv_epinet,1,0.6970693469047546,0.018570514395833015,0.6784988045692444,1.0,,,1,Q1,0.7044539451599121,,
370,conv_epinet,0,0.908934473991394,0.037654224783182144,0.8712802529335022,1.0,,,1,Q1,0.3090729117393493,,
371,conv_epinet,1,0.5066102147102356,0.03536204248666763,0.47124814987182617,1.0,,,1,Q2,0.8135226964950562,,
372,conv_epinet,1,0.8968109488487244,0.05344025418162346,0.8433706760406494,1.0,,,1,Q1,0.4981350898742676,,
373,conv_epinet,1,0.10222063958644867,0.0037221345119178295,0.09849850833415985,1.0,,,1,Q3,0.97916579246521,,
374,conv_epinet,1,0.4286867082118988,0.025206120684742928,0.403480589389801,1.0,,,1,Q2,0.8551656007766724,,
375,conv_epinet,1,0.05542774498462677,0.0005579977296292782,0.054869748651981354,1.0,,,1,Q4,0.9871891736984252,,
376,conv_epinet,1,0.04379523545503616,0.0007485303212888539,0.043046705424785614,1.0,,,1,Q4,0.9882034063339232,,
377,conv_epinet,1,0.0887233093380928,0.0018708810675889254,0.08685243129730225,1.0,,,1,Q4,0.9844611883163452,,
378,conv_epinet,1,0.0637686550617218,0.0021314024925231934,0.06163724884390831,1.0,,,1,Q4,0.9884366989135742,,
379,conv_epinet,1,0.054936569184064865,0.0016648834571242332,0.05327168479561806,1.0,,,1,Q4,0.9896905422210692,,
380,conv_epinet,0,0.5701965093612671,0.01833519898355007,0.5518612861633301,1.0,,,1,Q1,0.6977168321609497,,
381,conv_epinet,1,0.05496314913034439,0.0012499968288466334,0.053713154047727585,1.0,,,1,Q4,0.9895654916763306,,
382,conv_epinet,1,0.16851679980754852,0.004924690816551447,0.1635921150445938,1.0,,,1,Q3,0.9680582284927368,,
383,conv_epinet,1,0.05579490587115288,0.0015375087969005108,0.05425739660859108,1.0,,,1,Q4,0.9891172647476196,,
384,conv_epinet,1,0.10276501625776291,0.0029495777562260628,0.09981544315814972,1.0,,,1,Q3,0.9829518795013428,,
385,conv_epinet,1,0.05226980522274971,0.0015878190752118826,0.050681985914707184,1.0,,,1,Q4,0.9894939661026,,
386,conv_epinet,1,0.2505858540534973,0.0062309312634170055,0.24435493350028992,1.0,,,1,Q2,0.92754065990448,,
387,conv_epinet,1,0.43987783789634705,0.015917595475912094,0.42396023869514465,1.0,,,1,Q2,0.846071720123291,,
388,conv_epinet,1,0.38972920179367065,0.019330548122525215,0.3703986406326294,1.0,,,1,Q2,0.896565318107605,,
389,conv_epinet,1,0.999055027961731,0.036194778978824615,0.9628602862358093,0.4000000059604645,,,1,Q1,0.1040083169937133,,
390,conv_epinet,1,0.05393626540899277,0.0017669389490038157,0.0521693229675293,1.0,,,1,Q4,0.9896138906478882,,
391,conv_epinet,1,0.06387688219547272,0.002066097455099225,0.06181078404188156,1.0,,,1,Q4,0.988326907157898,,
392,conv_epinet,1,0.052751895040273666,0.0017149787163361907,0.05103691667318344,1.0,,,1,Q4,0.9897512197494508,,
393,conv_epinet,1,0.05616173893213272,0.0007739434367977083,0.05538779869675636,1.0,,,1,Q4,0.9866946935653688,,
394,conv_epinet,1,0.06222603842616081,0.0015335048083215952,0.06069253385066986,1.0,,,1,Q4,0.989545464515686,,
395,conv_epinet,1,0.9893390536308289,0.07857836037874222,0.9107607007026672,0.699999988079071,,,1,Q1,0.2506242990493774,,
396,conv_epinet,1,0.12769992649555206,0.004065787885338068,0.12363413721323013,1.0,,,1,Q3,0.9718728065490724,,
397,conv_epinet,1,0.06241649016737938,0.0011632852256298065,0.06125320494174957,1.0,,,1,Q4,0.9896743297576904,,
398,conv_epinet,1,0.21560800075531006,0.005746090784668922,0.20986191928386688,1.0,,,1,Q3,0.950761079788208,,
399,conv_epinet,0,0.5772232413291931,0.017947550863027573,0.5592756867408752,1.0,,,1,Q1,0.6806971430778503,,
400,conv_epinet,1,0.3469184637069702,0.006338678766041994,0.3405797779560089,1.0,,,1,Q2,0.9080690145492554,,
401,conv_epinet,1,0.05728753283619881,0.0012009763158857822,0.05608655884861946,1.0,,,1,Q4,0.98869526386261,,
402,conv_epinet,1,0.07162942737340927,0.000807399395853281,0.07082203030586243,1.0,,,1,Q4,0.9878413677215576,,
403,conv_epinet,1,0.04907197132706642,0.0005029471358284354,0.04856902360916138,1.0,,,1,Q4,0.9894968271255492,,
404,conv_epinet,1,0.5078679323196411,0.02732202410697937,0.48054593801498413,1.0,,,1,Q2,0.8644626140594482,,
405,conv_epinet,1,0.05750035122036934,0.0011858472134917974,0.05631450563669205,1.0,,,1,Q4,0.9897500276565552,,
406,conv_epinet,1,0.5587353706359863,0.01353125087916851,0.5452041625976562,1.0,,,1,Q2,0.8065541982650757,,
407,conv_epinet,1,0.0768706202507019,0.00230293907225132,0.07456767559051514,1.0,,,1,Q4,0.9885543584823608,,
408,conv_epinet,1,0.05771397054195404,0.0011849175207316875,0.056529052555561066,1.0,,,1,Q4,0.9893249273300172,,
409,conv_epinet,1,0.06030438840389252,0.0034486069343984127,0.056855782866477966,1.0,,,1,Q4,0.989214301109314,,
410,conv_epinet,1,0.08650384098291397,0.001575871603563428,0.08492797613143921,1.0,,,1,Q4,0.9879169464111328,,
411,conv_epinet,1,0.0585729144513607,0.0017160966526716948,0.05685681849718094,1.0,,,1,Q4,0.9895886182785034,,
412,conv_epinet,1,0.05180967599153519,0.00042068568291142583,0.05138899013400078,1.0,,,1,Q4,0.9887251853942872,,
413,conv_epinet,1,0.07229985296726227,0.0009542134939692914,0.07134563475847244,1.0,,,1,Q4,0.987374186515808,,
414,conv_epinet,1,0.9967176914215088,0.050326768308877945,0.9463909268379211,0.6000000238418579,,,1,Q1,0.2080910205841064,,
415,conv_epinet,1,0.06800428032875061,0.0008790409192442894,0.06712523847818375,1.0,,,1,Q4,0.9874080419540404,,
416,conv_epinet,1,0.06099141761660576,0.0005179257714189589,0.0604734905064106,1.0,,,1,Q4,0.9881206750869752,,
417,conv_epinet,0,0.9168115854263306,0.033852461725473404,0.8829591274261475,0.8999999761581421,,,1,Q1,0.4004969000816345,,
418,conv_epinet,1,0.06720784306526184,0.002691103843972087,0.06451673805713654,1.0,,,1,Q4,0.9868062734603882,,
419,conv_epinet,1,0.2898240387439728,0.014931254088878632,0.27489277720451355,1.0,,,1,Q2,0.9172836542129515,,
420,conv_epinet,1,0.0745934545993805,0.0027491049841046333,0.07184434682130814,1.0,,,1,Q4,0.988629937171936,,
421,conv_epinet,0,0.9886479377746582,0.02501375786960125,0.963634192943573,0.6000000238418579,,,1,Q1,0.0552707910537719,,
422,conv_epinet,1,0.9378544092178345,0.021605579182505608,0.9162488579750061,1.0,,,1,Q1,0.3146157264709472,,
423,conv_epinet,0,0.9658262133598328,0.020565342158079147,0.9452608227729797,0.800000011920929,,,1,Q1,0.2669788599014282,,
424,conv_epinet,0,0.8528045415878296,0.024383442476391792,0.8284210562705994,1.0,,,1,Q1,0.5381196737289429,,
425,conv_epinet,0,0.8337922692298889,0.04208621755242348,0.7917060256004333,1.0,,,1,Q1,0.442409873008728,,
426,conv_epinet,1,0.9008580446243286,0.056770872324705124,0.8440871238708496,0.8999999761581421,,,1,Q1,0.4578992128372192,,
427,conv_epinet,0,0.4899314045906067,0.024638190865516663,0.46529319882392883,1.0,,,1,Q2,0.7932881116867065,,
428,conv_epinet,1,0.0833171159029007,0.002103396225720644,0.08121372014284134,1.0,,,1,Q4,0.9871268272399902,,
429,conv_epinet,1,0.07731623202562332,0.009316730313003063,0.06799950450658798,1.0,,,1,Q4,0.98869526386261,,
430,conv_epinet,1,0.3806001842021942,0.01891043782234192,0.3616897463798523,1.0,,,1,Q2,0.9036647081375122,,
431,conv_epinet,1,0.9946600198745728,0.045753832906484604,0.9489061832427979,0.5,,,1,Q1,0.0254924297332763,,
432,conv_epinet,1,0.27076128125190735,0.010446742177009583,0.26031455397605896,1.0,,,1,Q2,0.921059250831604,,
433,conv_epinet,0,0.9272332787513733,0.10439424216747284,0.8228390216827393,0.800000011920929,,,1,Q1,0.1942740082740783,,
434,conv_epinet,1,0.07258181273937225,0.0027855115476995707,0.06979630142450333,1.0,,,1,Q4,0.9895223379135132,,
435,conv_epinet,1,0.05341770499944687,0.0007713529630564153,0.05264635011553764,1.0,,,1,Q4,0.9891765117645264,,
436,conv_epinet,1,0.0581393837928772,0.0019249104661867023,0.05621447414159775,1.0,,,1,Q4,0.9893370866775512,,
437,conv_epinet,1,0.05732889473438263,0.0019637516234070063,0.055365145206451416,1.0,,,1,Q4,0.9895329475402832,,
438,conv_epinet,1,0.06832950562238693,0.0026887068524956703,0.06564079970121384,1.0,,,1,Q4,0.9875173568725586,,
439,conv_epinet,1,0.08182158321142197,0.0014171907678246498,0.08040439337491989,1.0,,,1,Q4,0.9874551296234132,,
440,conv_epinet,1,0.18773725628852844,0.004807237535715103,0.18293000757694244,1.0,,,1,Q3,0.9591410160064696,,
441,conv_epinet,1,0.06387275457382202,0.0028006623033434153,0.06107209250330925,1.0,,,1,Q4,0.9897929430007936,,
442,conv_epinet,1,0.056037403643131256,0.0010455684969201684,0.05499183386564255,1.0,,,1,Q4,0.9899066686630248,,
443,conv_epinet,1,0.062406837940216064,0.0017851637676358223,0.06062167510390282,1.0,,,1,Q4,0.988125205039978,,
444,conv_epinet,1,0.09395548701286316,0.004413682036101818,0.08954180777072906,1.0,,,1,Q4,0.9885368347167968,,
445,conv_epinet,1,0.6655068397521973,0.024821482598781586,0.6406853795051575,1.0,,,1,Q1,0.6363563537597656,,
446,conv_epinet,1,0.0703389048576355,0.0022960007190704346,0.06804290413856506,1.0,,,1,Q4,0.9866905212402344,,
447,conv_epinet,1,0.06995685398578644,0.0008745102677494287,0.0690823420882225,1.0,,,1,Q4,0.9844379425048828,,
448,conv_epinet,0,0.5363426208496094,0.024366416037082672,0.5119762420654297,1.0,,,1,Q2,0.7356295585632324,,
449,conv_epinet,1,0.058251045644283295,0.001245578983798623,0.057005465030670166,1.0,,,1,Q4,0.9877982139587402,,
450,conv_epinet,1,0.10334335267543793,0.002763019409030676,0.10058033466339111,1.0,,,1,Q3,0.9773199558258056,,
451,conv_epinet,1,0.08910948038101196,0.0025711837224662304,0.08653829991817474,1.0,,,1,Q3,0.9839638471603394,,
452,conv_epinet,1,0.19021794199943542,0.011480744928121567,0.17873720824718475,1.0,,,1,Q3,0.9638299942016602,,
453,conv_epinet,0,0.6130396127700806,0.02215123549103737,0.5908883810043335,1.0,,,1,Q1,0.6486716866493225,,
454,conv_epinet,0,0.16038990020751953,0.003221686463803053,0.1571682095527649,1.0,,,1,Q3,0.94963800907135,,
455,conv_epinet,1,0.05379142239689827,0.0012756221694871783,0.052515801042318344,1.0,,,1,Q4,0.988909125328064,,
456,conv_epinet,1,0.07502569258213043,0.00260555325075984,0.0724201425909996,1.0,,,1,Q4,0.9868013858795166,,
457,conv_epinet,1,0.7000462412834167,0.030597561970353127,0.6694486737251282,1.0,,,1,Q2,0.7647662162780762,,
458,conv_epinet,1,0.04112570360302925,0.000627220724709332,0.040498483926057816,1.0,,,1,Q4,0.989260196685791,,
459,conv_epinet,1,0.05511875078082085,0.0011818594066426158,0.05393689125776291,1.0,,,1,Q4,0.9891350269317628,,
460,conv_epinet,1,0.07030162215232849,0.0016877570888027549,0.06861386448144913,1.0,,,1,Q4,0.9894548654556274,,
461,conv_epinet,1,0.11830835789442062,0.008581847883760929,0.10972651094198227,1.0,,,1,Q3,0.9837480783462524,,
462,conv_epinet,1,0.05591724440455437,0.0019455752335488796,0.05397167056798935,1.0,,,1,Q4,0.9899133443832396,,
463,conv_epinet,1,0.07881774008274078,0.002623294247314334,0.07619444280862808,1.0,,,1,Q4,0.9875634908676147,,
464,conv_epinet,1,0.04777989163994789,0.0006485304329544306,0.047131363302469254,1.0,,,1,Q4,0.9893295764923096,,
465,conv_epinet,1,0.05234662815928459,0.0008707266533747315,0.051475901156663895,1.0,,,1,Q4,0.9885331392288208,,
466,conv_epinet,1,0.05698409304022789,0.0010908375261351466,0.05589325353503227,1.0,,,1,Q4,0.9891613721847534,,
467,conv_epinet,1,0.08292286098003387,0.0025485034566372633,0.08037436008453369,1.0,,,1,Q4,0.98917818069458,,
468,conv_epinet,0,0.8066650032997131,0.0896175354719162,0.7170474529266357,0.8999999761581421,,,1,Q1,0.6320934891700745,,
469,conv_epinet,0,0.8815231919288635,0.03697884827852249,0.8445443511009216,0.8999999761581421,,,1,Q1,0.4674498438835144,,
470,conv_epinet,1,0.04685013368725777,0.000905112421605736,0.04594501852989197,1.0,,,1,Q4,0.9896464347839355,,
471,conv_epinet,1,0.05848279595375061,0.002082215389236808,0.05640058219432831,1.0,,,1,Q4,0.9881391525268556,,
472,conv_epinet,0,0.9576031565666199,0.04654065519571304,0.9110625386238098,0.8999999761581421,,,1,Q1,0.2414361238479614,,
473,conv_epinet,1,0.5339534878730774,0.011542830616235733,0.5224106311798096,1.0,,,1,Q2,0.8183691501617432,,
474,conv_epinet,1,0.7468885183334351,0.09309687465429306,0.653791606426239,0.8999999761581421,,,1,Q1,0.7180294990539551,,
475,conv_epinet,1,0.7542011737823486,0.04314214736223221,0.711059033870697,1.0,,,1,Q1,0.6703165769577026,,
476,conv_epinet,1,0.04776306077837944,0.0012341905385255814,0.04652886837720871,1.0,,,1,Q4,0.989671230316162,,
477,conv_epinet,1,0.8714672327041626,0.02911657653748989,0.8423506617546082,1.0,,,1,Q1,0.4509954452514648,,
478,conv_epinet,1,0.06998643279075623,0.0021045892499387264,0.06788184493780136,1.0,,,1,Q4,0.9890800714492798,,
479,conv_epinet,1,0.057925187051296234,0.0014622985618188977,0.056462887674570084,1.0,,,1,Q4,0.9896023273468018,,
480,conv_epinet,1,0.10064627975225449,0.007026114501059055,0.093620166182518,1.0,,,1,Q3,0.9805905818939208,,
481,conv_epinet,0,0.23643235862255096,0.006661726627498865,0.22977063059806824,1.0,,,1,Q2,0.9224130511283876,,
482,conv_epinet,1,0.05961569398641586,0.001299119321629405,0.05831657722592354,1.0,,,1,Q4,0.989513635635376,,
483,conv_epinet,1,0.046258918941020966,0.0010016108863055706,0.045257311314344406,1.0,,,1,Q4,0.9884036779403688,,
484,conv_epinet,1,0.0839465782046318,0.002726408652961254,0.08122017234563828,1.0,,,1,Q4,0.9898748397827148,,
485,conv_epinet,0,0.7498627305030823,0.046296440064907074,0.703566312789917,1.0,,,1,Q1,0.6426663398742676,,
486,conv_epinet,1,0.06136131286621094,0.0015114211710169911,0.05984989181160927,1.0,,,1,Q4,0.9890687465667723,,
487,conv_epinet,1,0.12602895498275757,0.0045625814236700535,0.12146638333797455,1.0,,,1,Q3,0.9787652492523192,,
488,conv_epinet,1,0.057858627289533615,0.0014379039639607072,0.05642072483897209,1.0,,,1,Q4,0.9890909194946288,,
489,conv_epinet,1,0.07469882816076279,0.0022792646195739508,0.07241956144571304,1.0,,,1,Q4,0.9891369342803956,,
490,conv_epinet,0,0.9055980443954468,0.0751270055770874,0.8304710388183594,0.8999999761581421,,,1,Q1,0.3400534391403198,,
491,conv_epinet,0,0.981024444103241,0.02964344620704651,0.9513810276985168,0.699999988079071,,,1,Q1,0.0141394734382629,,
492,conv_epinet,1,0.5005913376808167,0.03541819378733635,0.4651731550693512,1.0,,,1,Q2,0.8340396881103516,,
493,conv_epinet,0,0.9645100235939026,0.03922631964087486,0.925283670425415,0.699999988079071,,,1,Q1,0.2044860124588012,,
494,conv_epinet,1,0.5466828346252441,0.006590848322957754,0.5400919914245605,1.0,,,1,Q1,0.7098432779312134,,
495,conv_epinet,1,0.34939339756965637,0.0083383210003376,0.3410550653934479,1.0,,,1,Q2,0.8657745122909546,,
496,conv_epinet,1,0.06979386508464813,0.003438218031078577,0.0663556456565857,1.0,,,1,Q4,0.9893654584884644,,
497,conv_epinet,1,0.07144195586442947,0.0018931312952190638,0.0695488303899765,1.0,,,1,Q4,0.9858841896057128,,
498,conv_epinet,1,0.06551501899957657,0.0011013661278411746,0.0644136592745781,1.0,,,1,Q4,0.9885257482528688,,
499,conv_epinet,1,0.04459960386157036,0.0006636138423345983,0.04393599182367325,1.0,,,1,Q4,0.9890944957733154,,
500,conv_epinet,1,0.053652238100767136,0.0008374534081667662,0.0528147853910923,1.0,,,1,Q4,0.9886820316314696,,
501,conv_epinet,1,0.7407770156860352,0.03485262766480446,0.705924391746521,1.0,,,1,Q1,0.6996579170227051,,
502,conv_epinet,1,0.033179402351379395,0.0007584596169181168,0.032420940697193146,1.0,,,1,Q4,0.9899824857711792,,
503,conv_epinet,0,0.9996354579925537,0.056115444749593735,0.9435200095176697,0.4000000059604645,,,1,Q1,0.051002025604248,,
504,conv_epinet,0,0.9999625086784363,0.047596197575330734,0.952366292476654,0.5,,,1,Q1,0.000957429409027,,
505,conv_epinet,1,0.058213505893945694,0.0013539226492866874,0.0568595826625824,1.0,,,1,Q4,0.9867178201675416,,
506,conv_epinet,1,0.06569889932870865,0.0019024183275178075,0.06379648298025131,1.0,,,1,Q4,0.9892468452453612,,
507,conv_epinet,1,0.06563219428062439,0.0031449070665985346,0.06248728558421135,1.0,,,1,Q4,0.9896972179412842,,
508,conv_epinet,1,0.5093001127243042,0.019987136125564575,0.489313006401062,1.0,,,1,Q2,0.8191264867782593,,
509,conv_epinet,1,0.258037269115448,0.011178162880241871,0.2468591034412384,1.0,,,1,Q2,0.931376814842224,,
510,conv_epinet,1,0.4727437198162079,0.036817874759435654,0.43592584133148193,1.0,,,1,Q2,0.8402848243713379,,
511,conv_epinet,1,0.07247860729694366,0.0032283507753163576,0.06925026327371597,1.0,,,1,Q4,0.989732027053833,,
512,conv_epinet,1,0.04561726376414299,0.0011551214847713709,0.04446214437484741,1.0,,,1,Q4,0.9882919788360596,,
513,conv_epinet,1,0.055630024522542953,0.002551480894908309,0.053078543394804,1.0,,,1,Q4,0.9895898103713988,,
514,conv_epinet,1,0.08919478952884674,0.0049814507365226746,0.08421333879232407,1.0,,,1,Q3,0.9839625358581544,,
515,conv_epinet,1,0.07070288807153702,0.0003936199063900858,0.07030926644802094,1.0,,,1,Q4,0.9874050617218018,,
516,conv_epinet,0,0.8832471966743469,0.043472569435834885,0.8397746086120605,0.8999999761581421,,,1,Q1,0.3098611831665039,,
517,conv_epinet,1,0.08158592879772186,0.00417422316968441,0.0774117037653923,1.0,,,1,Q4,0.9890296459197998,,
518,conv_epinet,1,0.557357132434845,0.015072043985128403,0.542285144329071,1.0,,,1,Q2,0.8154032230377197,,
519,conv_epinet,1,0.5397528409957886,0.021763846278190613,0.5179889798164368,1.0,,,1,Q2,0.8695104122161865,,
520,conv_epinet,1,0.955679714679718,0.08331252634525299,0.8723672032356262,0.800000011920929,,,1,Q1,0.277259349822998,,
521,conv_epinet,0,0.9977635145187378,0.03569310903549194,0.9620704054832458,0.6000000238418579,,,1,Q1,0.0612573027610778,,
522,conv_epinet,0,0.7267197370529175,0.01547916978597641,0.7112405896186829,1.0,,,1,Q1,0.6085160374641418,,
523,conv_epinet,1,0.07004852592945099,0.00244360463693738,0.0676049217581749,1.0,,,1,Q4,0.9894708395004272,,
524,conv_epinet,1,0.29430192708969116,0.012679163366556168,0.2816227376461029,1.0,,,1,Q2,0.8843358755111694,,
525,conv_epinet,1,0.46746015548706055,0.024984952062368393,0.44247519969940186,1.0,,,1,Q2,0.8641834259033203,,
526,conv_epinet,1,0.09111910313367844,0.003987826406955719,0.08713127672672272,1.0,,,1,Q4,0.9892919063568116,,
527,conv_epinet,1,0.08007247745990753,0.0016411121468991041,0.07843136787414551,1.0,,,1,Q4,0.9896334409713744,,
528,conv_epinet,1,0.09545952826738358,0.005674739368259907,0.08978478610515594,1.0,,,1,Q4,0.9888659715652466,,
529,conv_epinet,1,0.04165630787611008,0.0006473803077824414,0.041008926928043365,1.0,,,1,Q4,0.9894254207611084,,
530,conv_epinet,1,0.8929609060287476,0.03294697403907776,0.8600139617919922,1.0,,,1,Q1,0.5054097175598145,,
531,conv_epinet,1,0.05434867739677429,0.0009908565552905202,0.053357820957899094,1.0,,,1,Q4,0.989572525024414,,
532,conv_epinet,1,0.06598591059446335,0.001320638693869114,0.06466527283191681,1.0,,,1,Q4,0.9893310070037842,,
533,conv_epinet,1,0.10491037368774414,0.004253958817571402,0.1006564125418663,1.0,,,1,Q3,0.9837881326675416,,
534,conv_epinet,1,0.40783682465553284,0.009815221652388573,0.3980216085910797,1.0,,,1,Q2,0.8764368295669556,,
535,conv_epinet,0,0.45785486698150635,0.026146048679947853,0.43170884251594543,1.0,,,1,Q2,0.8321331739425659,,
536,conv_epinet,1,0.04864794388413429,0.0007165818242356181,0.04793136194348335,1.0,,,1,Q4,0.9896126985549928,,
537,conv_epinet,1,0.07790082693099976,0.002500009723007679,0.07540081441402435,1.0,,,1,Q4,0.989660382270813,,
538,conv_epinet,0,0.2885272204875946,0.006260985508561134,0.282266229391098,1.0,,,1,Q2,0.8782078623771667,,
539,conv_epinet,1,0.06437670439481735,0.0015002153813838959,0.06287649273872375,1.0,,,1,Q4,0.9889814853668212,,
540,conv_epinet,1,0.06372036039829254,0.0010319979628548026,0.06268836557865143,1.0,,,1,Q4,0.9893382787704468,,
541,conv_epinet,1,0.05399018153548241,0.00048305626842193305,0.05350712314248085,1.0,,,1,Q4,0.9890967607498168,,
542,conv_epinet,1,0.3619552552700043,0.012431593611836433,0.349523663520813,1.0,,,1,Q2,0.8979760408401489,,
543,conv_epinet,1,0.04823533073067665,0.0020489422604441643,0.04618638753890991,1.0,,,1,Q4,0.9880936145782472,,
544,conv_epinet,1,0.049752525985240936,0.0019284844165667892,0.04782404378056526,1.0,,,1,Q4,0.9897093772888184,,
545,conv_epinet,1,0.05775514245033264,0.0024499574210494757,0.05530518665909767,1.0,,,1,Q4,0.9895457029342652,,
546,conv_epinet,1,0.5563924312591553,0.030980266630649567,0.5254121422767639,1.0,,,1,Q2,0.8354119062423706,,
547,conv_epinet,1,0.06400351226329803,0.0016621585236862302,0.0623413510620594,1.0,,,1,Q4,0.989647388458252,,
548,conv_epinet,1,0.052167922258377075,0.0017310536932200193,0.05043686926364899,1.0,,,1,Q4,0.9898347854614258,,
549,conv_epinet,1,0.06572684645652771,0.0010919823544099927,0.06463486701250076,1.0,,,1,Q4,0.9898461103439332,,
550,conv_epinet,1,0.05339896306395531,0.0007194195641204715,0.05267954245209694,1.0,,,1,Q4,0.9881196022033693,,
551,conv_epinet,1,0.7342350482940674,0.023519271984696388,0.7107157707214355,1.0,,,1,Q1,0.6658400297164917,,
552,conv_epinet,1,0.06351321190595627,0.002327634720131755,0.061185576021671295,1.0,,,1,Q4,0.9893789291381836,,
553,conv_epinet,1,0.08906639367341995,0.00262116058729589,0.08644522726535797,1.0,,,1,Q4,0.9858046770095824,,
554,conv_epinet,1,0.037213876843452454,0.0012416152749210596,0.03597226366400719,1.0,,,1,Q4,0.9870973825454712,,
555,conv_epinet,1,0.4266033470630646,0.0422542467713356,0.38434910774230957,1.0,,,1,Q2,0.8777966499328613,,
556,conv_epinet,1,0.7420794367790222,0.04662341997027397,0.6954560279846191,1.0,,,1,Q2,0.7330577373504639,,
557,conv_epinet,1,0.07626989483833313,0.0030263143125921488,0.07324358075857162,1.0,,,1,Q4,0.989594340324402,,
558,conv_epinet,1,0.042337141931056976,0.0005949229234829545,0.04174221679568291,1.0,,,1,Q4,0.9890974760055542,,
559,conv_epinet,1,0.06270352751016617,0.00192480836994946,0.060778722167015076,1.0,,,1,Q4,0.989553928375244,,
560,conv_epinet,1,0.8508522510528564,0.03205705061554909,0.8187952041625977,1.0,,,1,Q1,0.533633828163147,,
561,conv_epinet,1,0.041571952402591705,0.0007267126929946244,0.04084524139761925,1.0,,,1,Q4,0.9890060424804688,,
562,conv_epinet,0,0.9999587535858154,0.0529802031815052,0.9469785094261169,0.30000001192092896,,,1,Q1,0.101556122303009,,
563,conv_epinet,1,0.051752351224422455,0.0026480599772185087,0.04910429194569588,1.0,,,1,Q4,0.989692449569702,,
564,conv_epinet,1,0.985519289970398,0.015469151549041271,0.9700501561164856,0.8999999761581421,,,1,Q1,0.0565863847732543,,
565,conv_epinet,1,0.9631260633468628,0.03978044539690018,0.9233456254005432,0.800000011920929,,,1,Q1,0.356478214263916,,
566,conv_epinet,1,0.05460226163268089,0.0020349363330751657,0.05256732553243637,1.0,,,1,Q4,0.9884430170059204,,
567,conv_epinet,1,0.9480904936790466,0.07888448983430862,0.8692060112953186,0.699999988079071,,,1,Q1,0.4865940809249878,,
568,conv_epinet,1,0.06728924810886383,0.00254574092105031,0.0647435113787651,1.0,,,1,Q4,0.986629605293274,,
569,conv_epinet,1,0.07497716695070267,0.0019516537431627512,0.07302550971508026,1.0,,,1,Q4,0.9883497953414916,,
570,conv_epinet,1,0.5305673480033875,0.04106361046433449,0.48950374126434326,1.0,,,1,Q1,0.727928876876831,,
571,conv_epinet,1,0.15167474746704102,0.0038471659645438194,0.14782758057117462,1.0,,,1,Q3,0.9491331577301024,,
572,conv_epinet,1,0.9886915683746338,0.1405017375946045,0.8481897711753845,0.6000000238418579,,,1,Q1,0.2387336492538452,,
573,conv_epinet,1,0.0569247305393219,0.0005107831093482673,0.05641394853591919,1.0,,,1,Q4,0.9894425868988036,,
574,conv_epinet,1,0.06782776862382889,0.0032528582960367203,0.06457491219043732,1.0,,,1,Q4,0.9892854690551758,,
575,conv_epinet,1,0.0668349638581276,0.0015261686639860272,0.06530879437923431,1.0,,,1,Q4,0.9844139814376832,,
576,conv_epinet,1,0.07453840225934982,0.002020790707319975,0.07251761108636856,1.0,,,1,Q4,0.9897931814193726,,
577,conv_epinet,1,0.9975033402442932,0.07053171843290329,0.9269716143608093,0.5,,,1,Q1,0.0415916442871093,,
578,conv_epinet,1,0.16687583923339844,0.0029663783498108387,0.16390946507453918,1.0,,,1,Q3,0.9531997442245485,,
579,conv_epinet,1,0.06985831260681152,0.0018332060426473618,0.06802510470151901,1.0,,,1,Q4,0.989469051361084,,
580,conv_epinet,0,0.36513373255729675,0.012171921320259571,0.35296180844306946,1.0,,,1,Q2,0.8481142520904541,,
581,conv_epinet,1,0.6753591895103455,0.04509204626083374,0.6302671432495117,1.0,,,1,Q1,0.715172529220581,,
582,conv_epinet,1,0.585259735584259,0.06459281593561172,0.5206668972969055,1.0,,,1,Q2,0.819343090057373,,
583,conv_epinet,1,0.8656165599822998,0.07007803022861481,0.7955384850502014,0.8999999761581421,,,1,Q1,0.5133124589920044,,
584,conv_epinet,1,0.2414710372686386,0.0034715987276285887,0.23799943923950195,1.0,,,1,Q2,0.8954873085021973,,
585,conv_epinet,1,0.05276405066251755,0.0009035001276060939,0.05186055228114128,1.0,,,1,Q4,0.9897608757019044,,
586,conv_epinet,1,0.6807634830474854,0.034477319568395615,0.6462861895561218,1.0,,,1,Q1,0.6415004730224609,,
587,conv_epinet,1,0.9111012816429138,0.05657162889838219,0.8545296788215637,0.8999999761581421,,,1,Q1,0.4492166042327881,,
588,conv_epinet,1,0.06626095622777939,0.002096559852361679,0.06416440010070801,1.0,,,1,Q4,0.9897912740707396,,
589,conv_epinet,1,0.11881400644779205,0.011742180213332176,0.10707183182239532,1.0,,,1,Q4,0.9851670265197754,,
590,conv_epinet,1,0.05011218786239624,0.0008204539772123098,0.04929173365235329,1.0,,,1,Q4,0.9896187782287598,,
591,conv_epinet,1,0.0520218163728714,0.0007274543750099838,0.05129436403512955,1.0,,,1,Q4,0.989770531654358,,
592,conv_epinet,1,0.05198948085308075,0.0011165167670696974,0.050872962921857834,1.0,,,1,Q4,0.9896435737609864,,
593,conv_epinet,1,0.05312430113554001,0.0015614574076607823,0.0515628457069397,1.0,,,1,Q4,0.9882583618164062,,
594,conv_epinet,1,0.285198837518692,0.02563551813364029,0.25956329703330994,1.0,,,1,Q2,0.9102737903594972,,
595,conv_epinet,1,0.0669935941696167,0.0014403278473764658,0.06555327028036118,1.0,,,1,Q4,0.987887978553772,,
596,conv_epinet,0,0.9838109016418457,0.04301827773451805,0.9407926797866821,0.699999988079071,,,1,Q1,0.0399591326713562,,
597,conv_epinet,1,0.21085190773010254,0.006049554329365492,0.20480236411094666,1.0,,,1,Q3,0.9521090984344482,,
598,conv_epinet,1,0.4076768755912781,0.010243501514196396,0.3974333703517914,1.0,,,1,Q2,0.8408774137496948,,
599,conv_epinet,1,0.31318503618240356,0.0054854294285178185,0.307699590921402,1.0,,,1,Q2,0.90436053276062,,
600,conv_epinet,1,0.0568973533809185,0.0014860267983749509,0.05541132763028145,1.0,,,1,Q4,0.9894107580184937,,
601,conv_epinet,1,0.05639292672276497,0.003169812262058258,0.05322311446070671,1.0,,,1,Q4,0.98962140083313,,
602,conv_epinet,0,0.9960105419158936,0.08843795210123062,0.9075725674629211,0.6000000238418579,,,1,Q1,0.0539649724960327,,
603,conv_epinet,1,0.7414182424545288,0.017566651105880737,0.7238515615463257,1.0,,,1,Q1,0.5977605581283569,,
604,conv_epinet,1,0.07181929051876068,0.0015651549911126494,0.0702541321516037,1.0,,,1,Q3,0.9828211069107056,,
605,conv_epinet,1,0.9751935005187988,0.044260937720537186,0.9309325218200684,0.800000011920929,,,1,Q1,0.0725319385528564,,
606,conv_epinet,1,0.06528253108263016,0.0009289428126066923,0.0643535852432251,1.0,,,1,Q4,0.987725019454956,,
607,conv_epinet,1,0.06573275476694107,0.0016346951015293598,0.064098060131073,1.0,,,1,Q4,0.989322304725647,,
608,conv_epinet,0,0.995769202709198,0.04885321855545044,0.9469159841537476,0.5,,,1,Q1,0.0453503131866455,,
609,conv_epinet,1,0.07919978350400925,0.0029882416129112244,0.07621154189109802,1.0,,,1,Q4,0.9879230260849,,
610,conv_epinet,1,0.06672443449497223,0.002448603045195341,0.0642758309841156,1.0,,,1,Q4,0.9895397424697876,,
611,conv_epinet,1,0.0577724426984787,0.0016361353918910027,0.05613631010055542,1.0,,,1,Q4,0.9895734786987304,,
612,conv_epinet,1,0.09737556427717209,0.004956109914928675,0.09241945296525955,1.0,,,1,Q4,0.989611268043518,,
613,conv_epinet,0,0.48131462931632996,0.02797439694404602,0.45334023237228394,1.0,,,1,Q2,0.7625505924224854,,
614,conv_epinet,1,0.08300165832042694,0.003307865932583809,0.07969379425048828,1.0,,,1,Q3,0.9823817014694214,,
615,conv_epinet,1,0.056047599762678146,0.001326964353211224,0.05472063273191452,1.0,,,1,Q4,0.9893215894699096,,
616,conv_epinet,1,0.14761896431446075,0.0156453475356102,0.13197362422943115,1.0,,,1,Q3,0.9829446077346802,,
617,conv_epinet,0,0.3013559579849243,0.020935533568263054,0.2804204225540161,1.0,,,1,Q2,0.9112552404403688,,
618,conv_epinet,1,0.039961494505405426,0.00045478661195375025,0.039506711065769196,1.0,,,1,Q4,0.9881292581558228,,
619,conv_epinet,0,0.9974709749221802,0.025619223713874817,0.9718517661094666,0.6000000238418579,,,1,Q1,0.017629861831665,,
620,conv_epinet,1,0.04929971322417259,0.001320128096267581,0.04797958582639694,1.0,,,1,Q4,0.9893784523010254,,
621,conv_epinet,1,0.4980788230895996,0.03536040708422661,0.4627184271812439,1.0,,,1,Q2,0.8290873765945435,,
622,conv_epinet,1,0.06557076424360275,0.0010965828550979495,0.0644741803407669,1.0,,,1,Q4,0.9883606433868408,,
623,conv_epinet,1,0.12836746871471405,0.0023672336246818304,0.12600022554397583,1.0,,,1,Q3,0.9751546382904052,,
624,conv_epinet,1,0.11645237356424332,0.007143740076571703,0.1093086376786232,1.0,,,1,Q3,0.9790230989456176,,
625,conv_epinet,1,0.07446406036615372,0.0027681414503604174,0.07169591635465622,1.0,,,1,Q4,0.9890429973602296,,
626,conv_epinet,1,0.04874534532427788,0.001941017690114677,0.04680432751774788,1.0,,,1,Q4,0.9895025491714478,,
627,conv_epinet,1,0.06530062109231949,0.001558598130941391,0.0637420192360878,1.0,,,1,Q4,0.9890803098678588,,
628,conv_epinet,0,0.9378377199172974,0.047629907727241516,0.890207827091217,0.8999999761581421,,,1,Q1,0.2421922087669372,,
629,conv_epinet,0,0.9888172745704651,0.05708172917366028,0.9317355155944824,0.699999988079071,,,1,Q1,0.0358458757400512,,
630,conv_epinet,1,0.7820430397987366,0.04650599882006645,0.735537052154541,1.0,,,1,Q1,0.6062411069869995,,
631,conv_epinet,1,0.9149290323257446,0.03723243623971939,0.8776965737342834,0.8999999761581421,,,1,Q1,0.4091228246688843,,
632,conv_epinet,1,0.03866914287209511,0.0004591829201672226,0.038209959864616394,1.0,,,1,Q4,0.9895223379135132,,
633,conv_epinet,0,0.2243228405714035,0.008231669664382935,0.21609117090702057,1.0,,,1,Q2,0.9176021814346312,,
634,conv_epinet,1,0.12103625386953354,0.002189425053074956,0.1188468262553215,1.0,,,1,Q3,0.973427414894104,,
635,conv_epinet,1,0.06430884450674057,0.0017572811339050531,0.06255156546831131,1.0,,,1,Q4,0.9896440505981444,,
636,conv_epinet,1,0.06987133622169495,0.0032266846392303705,0.06664465367794037,1.0,,,1,Q4,0.987674593925476,,
637,conv_epinet,1,0.04573244974017143,0.0009278598590753973,0.044804587960243225,1.0,,,1,Q4,0.9898475408554076,,
638,conv_epinet,1,0.2330450862646103,0.006677140481770039,0.22636795043945312,1.0,,,1,Q2,0.9220525026321412,,
639,conv_epinet,1,0.043883856385946274,0.0008464287384413183,0.043037425726652145,1.0,,,1,Q4,0.9891352653503418,,
640,conv_epinet,1,0.060320015996694565,0.0018949209479615092,0.05842509865760803,1.0,,,1,Q4,0.9897863864898682,,
641,conv_epinet,1,0.6429691910743713,0.022594306617975235,0.620374858379364,1.0,,,1,Q2,0.7286595106124878,,
642,conv_epinet,1,0.979751467704773,0.07601289451122284,0.9037385582923889,0.699999988079071,,,1,Q1,0.2891848087310791,,
643,conv_epinet,1,0.0629742369055748,0.0035713056568056345,0.05940293148159981,1.0,,,1,Q4,0.98936665058136,,
644,conv_epinet,1,0.055130936205387115,0.001693034777417779,0.05343789979815483,1.0,,,1,Q4,0.9898604154586792,,
645,conv_epinet,1,0.07980215549468994,0.004216493107378483,0.07558566331863403,1.0,,,1,Q4,0.9877827167510986,,
646,conv_epinet,1,0.32606929540634155,0.00717767421156168,0.31889161467552185,1.0,,,1,Q2,0.8734109401702881,,
647,conv_epinet,1,0.07012195140123367,0.002323034219443798,0.067798912525177,1.0,,,1,Q4,0.9894397258758544,,
648,conv_epinet,0,0.6067140102386475,0.026366015896201134,0.580348014831543,1.0,,,1,Q1,0.6548439264297485,,
649,conv_epinet,0,0.16237188875675201,0.010240374132990837,0.15213152766227722,1.0,,,1,Q3,0.9462317824363708,,
650,conv_epinet,1,0.9822316765785217,0.01664026640355587,0.9655914306640625,0.800000011920929,,,1,Q1,0.2534949779510498,,
651,conv_epinet,0,0.4834192395210266,0.01839062012732029,0.4650286138057709,1.0,,,1,Q2,0.7305576801300049,,
652,conv_epinet,1,0.06177443265914917,0.001382127869874239,0.06039230525493622,1.0,,,1,Q4,0.9885495901107788,,
653,conv_epinet,1,0.16803766787052155,0.005818441975861788,0.16221922636032104,1.0,,,1,Q3,0.9627920389175416,,
654,conv_epinet,1,0.06128540635108948,0.0015101473545655608,0.059775255620479584,1.0,,,1,Q4,0.9897223711013794,,
655,conv_epinet,1,0.05346454307436943,0.000704446283634752,0.05276009440422058,1.0,,,1,Q4,0.9898948669433594,,
656,conv_epinet,1,0.07350442558526993,0.0038257702253758907,0.0696786567568779,1.0,,,1,Q4,0.984660267829895,,
657,conv_epinet,1,0.07365615665912628,0.0022849775850772858,0.0713711753487587,1.0,,,1,Q4,0.989932656288147,,
658,conv_epinet,1,0.05338788032531738,0.0023162944708019495,0.051071587949991226,1.0,,,1,Q4,0.9889942407608032,,
659,conv_epinet,0,0.11740095913410187,0.0030669665429741144,0.11433398723602295,1.0,,,1,Q3,0.9740082621574402,,
660,conv_epinet,1,0.049211595207452774,0.001282227342016995,0.04792936518788338,1.0,,,1,Q4,0.9896596670150756,,
661,conv_epinet,1,0.06290259957313538,0.0008481969125568867,0.06205440312623978,1.0,,,1,Q4,0.9894331693649292,,
662,conv_epinet,0,0.4907386600971222,0.01733989268541336,0.47339874505996704,1.0,,,1,Q2,0.7889047861099243,,
663,conv_epinet,1,0.6568567156791687,0.041775789111852646,0.6150809526443481,1.0,,,1,Q2,0.7496219873428345,,
664,conv_epinet,1,0.06498947739601135,0.001101527363061905,0.06388794630765915,1.0,,,1,Q4,0.9870024919509888,,
665,conv_epinet,1,0.7494168877601624,0.04057388752698898,0.7088429927825928,1.0,,,1,Q1,0.5707012414932251,,
666,conv_epinet,1,0.07349464297294617,0.0020696339197456837,0.07142500579357147,1.0,,,1,Q4,0.98889422416687,,
667,conv_epinet,0,0.8353593945503235,0.08281953632831573,0.7525398135185242,0.8999999761581421,,,1,Q1,0.3720410466194153,,
668,conv_epinet,1,0.4809029698371887,0.04175871983170509,0.4391442537307739,1.0,,,1,Q2,0.7379405498504639,,
669,conv_epinet,1,0.8582534193992615,0.0765916109085083,0.7816618084907532,0.8999999761581421,,,1,Q1,0.5245994329452515,,
670,conv_epinet,1,0.06833773851394653,0.0022181731183081865,0.06611956655979156,1.0,,,1,Q4,0.9894307851791382,,
671,conv_epinet,1,0.08474095165729523,0.0008939389372244477,0.08384701609611511,1.0,,,1,Q3,0.9820939302444458,,
672,conv_epinet,1,0.055642545223236084,0.0008573657833039761,0.05478518083691597,1.0,,,1,Q4,0.9890149831771852,,
673,conv_epinet,1,0.9621555805206299,0.06386429816484451,0.898291289806366,0.800000011920929,,,1,Q1,0.3314428329467773,,
674,conv_epinet,0,0.7630338668823242,0.05556337907910347,0.7074704766273499,1.0,,,1,Q1,0.6445833444595337,,
675,conv_epinet,1,0.04404152184724808,0.0013198271626606584,0.042721692472696304,1.0,,,1,Q4,0.989615559577942,,
676,conv_epinet,1,0.11213534325361252,0.0028527514077723026,0.10928259044885635,1.0,,,1,Q3,0.9725275039672852,,
677,conv_epinet,1,0.06158437579870224,0.0015991806285455823,0.059985194355249405,1.0,,,1,Q4,0.9898488521575928,,
678,conv_epinet,1,0.05493800342082977,0.0012456219410523772,0.05369238182902336,1.0,,,1,Q4,0.9898948669433594,,
679,conv_epinet,1,0.05477414280176163,0.001291697146371007,0.05348244309425354,1.0,,,1,Q4,0.9895548820495604,,
680,conv_epinet,1,0.9590216279029846,0.041616879403591156,0.9174047112464905,0.800000011920929,,,1,Q1,0.3017820119857788,,
681,conv_epinet,0,0.40874481201171875,0.016468370333313942,0.39227643609046936,1.0,,,1,Q2,0.7993453741073608,,
682,conv_epinet,1,0.1088884100317955,0.0030858847312629223,0.105802521109581,1.0,,,1,Q3,0.9714456796646118,,
683,conv_epinet,1,0.05575302243232727,0.002009778516367078,0.05374324694275856,1.0,,,1,Q4,0.989738941192627,,
684,conv_epinet,1,0.0628829374909401,0.0003004429454449564,0.06258250027894974,1.0,,,1,Q4,0.989681839942932,,
685,conv_epinet,1,0.0548807755112648,0.00232913950458169,0.05255163833498955,1.0,,,1,Q3,0.9833688735961914,,
686,conv_epinet,1,0.07393638789653778,0.0014717038720846176,0.07246468216180801,1.0,,,1,Q4,0.9887239933013916,,
687,conv_epinet,0,0.628954291343689,0.020792314782738686,0.6081619262695312,1.0,,,1,Q1,0.7005763649940491,,
688,conv_epinet,1,0.33012616634368896,0.015399283729493618,0.31472688913345337,1.0,,,1,Q2,0.9184870719909668,,
689,conv_epinet,1,0.06564776599407196,0.0026913457550108433,0.06295642256736755,1.0,,,1,Q4,0.9898918867111206,,
690,conv_epinet,1,0.06180986762046814,0.0024329633451998234,0.059376902878284454,1.0,,,1,Q4,0.9887311458587646,,
691,conv_epinet,1,0.7661763429641724,0.03332129493355751,0.7328550219535828,1.0,,,1,Q1,0.6112139225006104,,
692,conv_epinet,0,0.3118330240249634,0.009198212996125221,0.3026348054409027,1.0,,,1,Q2,0.9095577597618104,,
693,conv_epinet,1,0.8723143935203552,0.047868359833955765,0.8244460225105286,1.0,,,1,Q1,0.5043988227844238,,
694,conv_epinet,1,0.06745978444814682,0.0029757244046777487,0.06448405981063843,1.0,,,1,Q4,0.9887511730194092,,
695,conv_epinet,1,0.37794628739356995,0.011292940005660057,0.36665332317352295,1.0,,,1,Q2,0.894733190536499,,
696,conv_epinet,1,0.9785391688346863,0.063608817756176,0.9149303436279297,0.6000000238418579,,,1,Q1,0.112720251083374,,
697,conv_epinet,1,0.6281430721282959,0.053113874047994614,0.575029194355011,1.0,,,1,Q2,0.8029175996780396,,
698,conv_epinet,1,0.9180161952972412,0.010101056657731533,0.9079151749610901,1.0,,,1,Q1,0.3690425157546997,,
699,conv_epinet,1,0.056954704225063324,0.0020841448567807674,0.05487056076526642,1.0,,,1,Q4,0.9896334409713744,,
700,conv_epinet,1,0.058779191225767136,0.001854913542047143,0.056924279779195786,1.0,,,1,Q4,0.9877445697784424,,
701,conv_epinet,1,0.07859690487384796,0.0025554741732776165,0.07604143023490906,1.0,,,1,Q4,0.9888913631439208,,
702,conv_epinet,1,0.0668264701962471,0.0020742989145219326,0.06475216895341873,1.0,,,1,Q4,0.9898842573165894,,
703,conv_epinet,1,0.0523364283144474,0.0015594419091939926,0.05077698454260826,1.0,,,1,Q4,0.98944354057312,,
704,conv_epinet,1,0.14511500298976898,0.002317240461707115,0.14279776811599731,1.0,,,1,Q3,0.9672753810882568,,
705,conv_epinet,1,0.058049526065588,0.0011895340867340565,0.05685998871922493,1.0,,,1,Q4,0.9883384704589844,,
706,conv_epinet,1,0.5157124400138855,0.03908185288310051,0.4766305685043335,1.0,,,1,Q2,0.8531289100646973,,
707,conv_epinet,0,0.4974977374076843,0.03893996775150299,0.45855778455734253,1.0,,,1,Q1,0.7193149328231812,,
708,conv_epinet,1,0.07486478984355927,0.007137693930417299,0.06772709637880325,1.0,,,1,Q4,0.989749550819397,,
709,conv_epinet,0,0.9998457431793213,0.06149213761091232,0.9383535981178284,0.6000000238418579,,,1,Q1,0.1325712203979492,,
710,conv_epinet,1,0.9335277676582336,0.05364818125963211,0.8798795938491821,0.8999999761581421,,,1,Q1,0.3887431621551513,,
711,conv_epinet,0,0.8970482349395752,0.04073581099510193,0.8563124537467957,0.8999999761581421,,,1,Q1,0.3923214673995971,,
712,conv_epinet,1,0.6050803065299988,0.01750112697482109,0.5875791311264038,1.0,,,1,Q2,0.7590463161468506,,
713,conv_epinet,1,0.39957958459854126,0.049877505749464035,0.3497020900249481,1.0,,,1,Q2,0.9064563512802124,,
714,conv_epinet,1,0.09575839340686798,0.0025810941588133574,0.09317729622125626,1.0,,,1,Q4,0.9855455160140992,,
715,conv_epinet,1,0.05135923624038696,0.0008171970839612186,0.050542041659355164,1.0,,,1,Q4,0.9898837804794312,,
716,conv_epinet,1,0.08368083834648132,0.00480158906430006,0.07887925207614899,1.0,,,1,Q4,0.9892555475234984,,
717,conv_epinet,1,0.08323892205953598,0.007890607230365276,0.07534831762313843,1.0,,,1,Q4,0.9882793426513672,,
718,conv_epinet,0,0.9694603681564331,0.04095689579844475,0.9285034537315369,0.699999988079071,,,1,Q1,0.2736226320266723,,
719,conv_epinet,1,0.07134482264518738,0.002308738185092807,0.0690360814332962,1.0,,,1,Q4,0.9873720407485962,,
720,conv_epinet,1,0.047362636774778366,0.001138922874815762,0.0462237112224102,1.0,,,1,Q4,0.9899300336837769,,
721,conv_epinet,1,0.05792844295501709,0.0017344611696898937,0.05619398131966591,1.0,,,1,Q4,0.9898830652236938,,
722,conv_epinet,0,0.855029821395874,0.03990960493683815,0.8151202201843262,1.0,,,1,Q1,0.3212822079658508,,
723,conv_epinet,0,0.7508278489112854,0.036881767213344574,0.7139460444450378,1.0,,,1,Q1,0.5110191106796265,,
724,conv_epinet,1,0.07135527580976486,0.0014428000431507826,0.06991247832775116,1.0,,,1,Q4,0.988887906074524,,
725,conv_epinet,0,0.6445238590240479,0.014201037585735321,0.6303228139877319,1.0,,,1,Q1,0.660039484500885,,
726,conv_epinet,1,0.0494702085852623,0.00072965252911672,0.048740554600954056,1.0,,,1,Q4,0.98875892162323,,
727,conv_epinet,1,0.07143731415271759,0.0021560820750892162,0.06928123533725739,1.0,,,1,Q4,0.9884315729141236,,
728,conv_epinet,0,0.9297390580177307,0.0665564239025116,0.8631826639175415,0.800000011920929,,,1,Q1,0.2601346373558044,,
729,conv_epinet,1,0.9776477813720703,0.07918494194746017,0.8984628319740295,0.8999999761581421,,,1,Q1,0.2693355083465576,,
730,conv_epinet,1,0.683006227016449,0.039896491914987564,0.6431097388267517,1.0,,,1,Q2,0.7534215450286865,,
731,conv_epinet,1,0.976779580116272,0.013157876208424568,0.9636217355728149,1.0,,,1,Q1,0.1883589029312133,,
732,conv_epinet,1,0.8204967975616455,0.041329581290483475,0.7791672348976135,1.0,,,1,Q1,0.5901775360107422,,
733,conv_epinet,1,0.09077703207731247,0.0025502231437712908,0.0882268100976944,1.0,,,1,Q3,0.9813437461853028,,
734,conv_epinet,1,0.28971216082572937,0.01594332978129387,0.273768812417984,1.0,,,1,Q2,0.9118081331253052,,
735,conv_epinet,1,0.36412516236305237,0.005415303632616997,0.35870984196662903,1.0,,,1,Q2,0.8639405965805054,,
736,conv_epinet,1,0.5128079652786255,0.01840820536017418,0.4943997859954834,1.0,,,1,Q2,0.77862548828125,,
737,conv_epinet,1,0.08694137632846832,0.00470801442861557,0.08223336189985275,1.0,,,1,Q4,0.9888157844543456,,
738,conv_epinet,1,0.05314957723021507,0.0006594674778170884,0.05249011144042015,1.0,,,1,Q4,0.9872423410415648,,
739,conv_epinet,1,0.0985771045088768,0.0034153389278799295,0.09516176581382751,1.0,,,1,Q3,0.9823398590087892,,
740,conv_epinet,1,0.05770966038107872,0.0007352634565904737,0.056974396109580994,1.0,,,1,Q4,0.9890086650848388,,
741,conv_epinet,1,0.0868370458483696,0.0023067656438797712,0.08453027904033661,1.0,,,1,Q4,0.989254355430603,,
742,conv_epinet,1,0.049745745956897736,0.0007295772666111588,0.04901616647839546,1.0,,,1,Q4,0.9898083209991456,,
743,conv_epinet,1,0.07016463577747345,0.001729925163090229,0.0684347078204155,1.0,,,1,Q4,0.9895355701446532,,
744,conv_epinet,1,0.0681157335639,0.0029766596853733063,0.06513907015323639,1.0,,,1,Q4,0.9890904426574708,,
745,conv_epinet,1,0.1153043583035469,0.004025071393698454,0.11127928644418716,1.0,,,1,Q4,0.989288330078125,,
746,conv_epinet,1,0.6260151863098145,0.01611507497727871,0.6099001169204712,1.0,,,1,Q1,0.69889235496521,,
747,conv_epinet,1,0.7144978642463684,0.03894701972603798,0.6755508780479431,1.0,,,1,Q1,0.6341366767883301,,
748,conv_epinet,1,0.05830758810043335,0.001223436207510531,0.05708415433764458,1.0,,,1,Q4,0.9898377656936646,,
749,conv_epinet,1,0.12713253498077393,0.011033396236598492,0.11609914898872375,1.0,,,1,Q4,0.9883747100830078,,
750,conv_epinet,1,0.054666996002197266,0.0017229598015546799,0.052944038063287735,1.0,,,1,Q4,0.9883179664611816,,
751,conv_epinet,1,0.3799651861190796,0.020179197192192078,0.3597859740257263,1.0,,,1,Q2,0.8704030513763428,,
752,conv_epinet,1,0.5133159160614014,0.026574844494462013,0.4867410957813263,1.0,,,1,Q2,0.8027646541595459,,
753,conv_epinet,1,0.058718860149383545,0.0019564747344702482,0.05676238611340523,1.0,,,1,Q4,0.9893732070922852,,
754,conv_epinet,1,0.05589712783694267,0.0011248148512095213,0.05477231368422508,1.0,,,1,Q4,0.9890472888946532,,
755,conv_epinet,1,0.06925207376480103,0.0030874700751155615,0.06616459786891937,1.0,,,1,Q4,0.9894808530807496,,
756,conv_epinet,1,0.06652702391147614,0.0006779395043849945,0.06584908813238144,1.0,,,1,Q4,0.989370584487915,,
757,conv_epinet,1,0.12350362539291382,0.004889176692813635,0.11861444264650345,1.0,,,1,Q3,0.9789880514144896,,
758,conv_epinet,1,0.12964731454849243,0.005845142062753439,0.12380217015743256,1.0,,,1,Q3,0.9720827341079712,,
759,conv_epinet,1,0.08534181118011475,0.005873959977179766,0.07946784794330597,1.0,,,1,Q4,0.9892914295196532,,
760,conv_epinet,1,0.9529701471328735,0.038144033402204514,0.9148260951042175,0.8999999761581421,,,1,Q1,0.3237773180007934,,
761,conv_epinet,1,0.05296078324317932,0.0008738277247175574,0.052086956799030304,1.0,,,1,Q4,0.9896582365036012,,
762,conv_epinet,1,0.06063641235232353,0.0018650658894330263,0.058771345764398575,1.0,,,1,Q4,0.9883664846420288,,
763,conv_epinet,1,0.3961605727672577,0.02725735865533352,0.3689032196998596,1.0,,,1,Q2,0.8745481967926025,,
764,conv_epinet,1,0.15836413204669952,0.011515947058796883,0.1468481868505478,1.0,,,1,Q3,0.9675123691558838,,
765,conv_epinet,1,0.07257531583309174,0.0024246221873909235,0.07015068829059601,1.0,,,1,Q4,0.9897115230560304,,
766,conv_epinet,0,0.985777735710144,0.04438132792711258,0.9413964152336121,0.699999988079071,,,1,Q1,0.0775697827339172,,
767,conv_epinet,1,0.48718807101249695,0.03939400240778923,0.4477940499782562,1.0,,,1,Q2,0.8549937009811401,,
768,conv_epinet,1,0.2489752620458603,0.02286844700574875,0.22610682249069214,1.0,,,1,Q3,0.9643621444702148,,
769,conv_epinet,0,0.4927189350128174,0.03626279905438423,0.45645615458488464,1.0,,,1,Q2,0.8757525682449341,,
770,conv_epinet,1,0.05966402217745781,0.001965847797691822,0.05769817531108856,1.0,,,1,Q4,0.9896059036254884,,
771,conv_epinet,1,0.06063467264175415,0.005516832694411278,0.05511783808469772,1.0,,,1,Q4,0.9894871711730956,,
772,conv_epinet,1,0.08093800395727158,0.006503120996057987,0.07443488389253616,1.0,,,1,Q4,0.9898618459701538,,
773,conv_epinet,1,0.06708092242479324,0.00483825895935297,0.06224266439676285,1.0,,,1,Q4,0.9881370067596436,,
774,conv_epinet,1,0.12281624972820282,0.008713210932910442,0.1141030415892601,1.0,,,1,Q4,0.987436056137085,,
775,conv_epinet,0,0.8462803363800049,0.056640077382326126,0.7896403074264526,1.0,,,1,Q1,0.3880798816680908,,
776,conv_epinet,1,0.11126703768968582,0.005312984809279442,0.10595405101776123,1.0,,,1,Q3,0.9802485704421996,,
777,conv_epinet,0,0.7981439828872681,0.19730064272880554,0.6008433103561401,0.800000011920929,,,1,Q1,0.6251653432846069,,
778,conv_epinet,1,0.12982489168643951,0.009214013814926147,0.12061088532209396,1.0,,,1,Q3,0.9777357578277588,,
779,conv_epinet,1,0.5148600935935974,0.0731513574719429,0.4417087137699127,1.0,,,1,Q2,0.8378620147705078,,
780,conv_epinet,1,0.05237505957484245,0.0020832796581089497,0.05029178038239479,1.0,,,1,Q4,0.9887539148330688,,
781,conv_epinet,1,0.7214469909667969,0.06961978226900101,0.6518272161483765,1.0,,,1,Q1,0.7233767509460449,,
782,conv_epinet,0,0.8922977447509766,0.07530827820301056,0.8169894814491272,1.0,,,1,Q1,0.1243825554847717,,
783,conv_epinet,1,0.1298341602087021,0.014683136716485023,0.11515101790428162,1.0,,,1,Q3,0.977907657623291,,
784,conv_epinet,1,0.4771871864795685,0.042621299624443054,0.4345659017562866,1.0,,,1,Q2,0.9141374826431274,,
785,conv_epinet,1,0.07987919449806213,0.0056725735776126385,0.07420662045478821,1.0,,,1,Q4,0.9882901906967164,,
786,conv_epinet,1,0.726290225982666,0.06973535567522049,0.6565548777580261,1.0,,,1,Q1,0.6506468057632446,,
787,conv_epinet,0,0.6559279561042786,0.0603070929646492,0.59562087059021,1.0,,,1,Q2,0.751268744468689,,
788,conv_epinet,1,0.08386236429214478,0.004399128258228302,0.07946323603391647,1.0,,,1,Q4,0.989396333694458,,
789,conv_epinet,1,0.08580179512500763,0.0012571555562317371,0.08454463630914688,1.0,,,1,Q4,0.9896268844604492,,
790,conv_epinet,1,0.9530373811721802,0.10597837716341019,0.8470590114593506,0.699999988079071,,,1,Q1,0.3371975421905517,,
791,conv_epinet,1,0.07675576210021973,0.002642964944243431,0.07411280274391174,1.0,,,1,Q4,0.984024167060852,,
792,conv_epinet,0,0.38915425539016724,0.04977859556674957,0.33937567472457886,1.0,,,0,Q2,0.8648001551628113,,
793,conv_epinet,0,0.13626594841480255,0.00673769973218441,0.1295282542705536,1.0,,,0,Q3,0.9643664956092834,,
794,conv_epinet,0,0.12000273168087006,0.0038723936304450035,0.11613033711910248,1.0,,,0,Q3,0.9583128690719604,,
795,conv_epinet,0,0.08973944932222366,0.003748668124899268,0.0859907791018486,1.0,,,0,Q3,0.9780734181404114,,
796,conv_epinet,0,0.7643280625343323,0.07066620886325836,0.6936618089675903,1.0,,,0,Q1,0.6496188044548035,,
797,conv_epinet,0,0.21743044257164001,0.011034385301172733,0.20639605820178986,1.0,,,0,Q2,0.9361839890480042,,
798,conv_epinet,0,0.7037129402160645,0.06551021337509155,0.6382027268409729,1.0,,,0,Q2,0.7983501553535461,,
799,conv_epinet,0,0.6960003972053528,0.061947934329509735,0.6340524554252625,1.0,,,0,Q1,0.6188111901283264,,
800,conv_epinet,0,0.4019869565963745,0.09123042970895767,0.31075653433799744,1.0,,,0,Q2,0.9292738437652588,,
801,conv_epinet,0,0.10181809216737747,0.004892412107437849,0.09692568331956863,1.0,,,0,Q3,0.9755700826644896,,
802,conv_epinet,1,0.9853689074516296,0.14855939149856567,0.836809515953064,0.699999988079071,,,0,Q1,0.0836243629455566,,
803,conv_epinet,0,0.15920399129390717,0.018230482935905457,0.1409735083580017,1.0,,,0,Q3,0.967364490032196,,
804,conv_epinet,0,0.4797714054584503,0.05062025412917137,0.42915114760398865,1.0,,,0,Q2,0.7673380970954895,,
805,conv_epinet,0,0.3165819048881531,0.057699814438819885,0.258882075548172,1.0,,,0,Q3,0.9449146389961244,,
806,conv_epinet,0,0.28289440274238586,0.012606392614543438,0.27028799057006836,1.0,,,0,Q3,0.960469365119934,,
807,conv_epinet,0,0.1103639230132103,0.007408625446259975,0.10295529663562775,1.0,,,0,Q3,0.9760271310806274,,
808,conv_epinet,0,0.18086428940296173,0.01877870038151741,0.16208559274673462,1.0,,,0,Q3,0.969723105430603,,
809,conv_epinet,0,0.16458505392074585,0.005984942428767681,0.1586001068353653,1.0,,,0,Q3,0.9567931890487672,,
810,conv_epinet,1,0.3070683479309082,0.025279385969042778,0.28178897500038147,1.0,,,0,Q2,0.9362324476242064,,
811,conv_epinet,0,0.7738010287284851,0.05118977651000023,0.7226112484931946,1.0,,,0,Q1,0.5170637369155884,,
812,conv_epinet,0,0.11214552074670792,0.0053402334451675415,0.10680528730154037,1.0,,,0,Q3,0.9773539900779724,,
813,conv_epinet,0,0.27456969022750854,0.006575498729944229,0.2679941952228546,1.0,,,0,Q2,0.8752111792564392,,
814,conv_epinet,0,0.12624020874500275,0.007055469788610935,0.11918473988771439,1.0,,,0,Q3,0.9718252420425416,,
815,conv_epinet,0,0.2520963251590729,0.024656035006046295,0.22744029760360718,1.0,,,0,Q2,0.9104909896850586,,
816,conv_epinet,0,0.6656063795089722,0.020420273765921593,0.6451861262321472,1.0,,,0,Q1,0.6144872307777405,,
817,conv_epinet,0,0.13043616712093353,0.007089372258633375,0.12334679812192917,1.0,,,0,Q3,0.9755897521972656,,
818,conv_epinet,0,0.9171828031539917,0.21110105514526367,0.706081748008728,0.8999999761581421,,,0,Q1,0.3740378022193908,,
819,conv_epinet,1,0.2651517391204834,0.007916855625808239,0.2572348713874817,1.0,,,0,Q2,0.9205257892608644,,
820,conv_epinet,0,0.11146451532840729,0.002766803139820695,0.10869771242141724,1.0,,,0,Q3,0.97621887922287,,
821,conv_epinet,0,0.2082396000623703,0.013702481053769588,0.19453711807727814,1.0,,,0,Q3,0.9564100503921508,,
822,conv_epinet,0,0.07625529170036316,0.00516467122361064,0.07109061628580093,1.0,,,0,Q3,0.975754737854004,,
823,conv_epinet,0,0.35279136896133423,0.040578532963991165,0.31221282482147217,1.0,,,0,Q2,0.8640881776809692,,
824,conv_epinet,0,0.4885455369949341,0.024191293865442276,0.4643542170524597,1.0,,,0,Q2,0.7314896583557129,,
825,conv_epinet,0,0.6329379081726074,0.0400153324007988,0.592922568321228,1.0,,,0,Q2,0.798254132270813,,
826,conv_epinet,0,0.7691985964775085,0.0746370330452919,0.6945615410804749,1.0,,,0,Q1,0.5895248055458069,,
827,conv_epinet,0,0.754131555557251,0.09038354456424713,0.6637479662895203,0.8999999761581421,,,0,Q1,0.6500474214553833,,
828,conv_epinet,0,0.35640791058540344,0.05575959011912346,0.3006483018398285,1.0,,,0,Q2,0.9293540716171264,,
829,conv_epinet,1,0.7268564105033875,0.07926658540964127,0.6475898027420044,1.0,,,0,Q1,0.5734871625900269,,
830,conv_epinet,0,0.17762434482574463,0.006898439023643732,0.17072591185569763,1.0,,,0,Q3,0.948075830936432,,
831,conv_epinet,0,0.12727361917495728,0.007136366330087185,0.12013725191354752,1.0,,,0,Q3,0.9690624475479126,,
832,conv_epinet,0,0.138141468167305,0.0028306087478995323,0.13531085848808289,1.0,,,0,Q3,0.9689440727233888,,
833,conv_epinet,1,0.9995021224021912,0.08782294392585754,0.9116791486740112,0.6000000238418579,,,0,Q1,0.0280841588973999,,
834,conv_epinet,0,0.4236321449279785,0.015560388565063477,0.40807175636291504,1.0,,,0,Q2,0.8372746706008911,,
835,conv_epinet,0,0.19205567240715027,0.03056693822145462,0.16148872673511505,1.0,,,0,Q3,0.96868497133255,,
836,conv_epinet,0,0.7925146222114563,0.15136274695396423,0.6411519050598145,0.8999999761581421,,,0,Q1,0.6228713989257812,,
837,conv_epinet,0,0.1510656625032425,0.007407679688185453,0.14365798234939575,1.0,,,0,Q3,0.974471151828766,,
838,conv_epinet,0,0.35056668519973755,0.02493823692202568,0.32562845945358276,1.0,,,0,Q2,0.91481751203537,,
839,conv_epinet,0,0.15171106159687042,0.016835758462548256,0.13487529754638672,1.0,,,0,Q3,0.966735064983368,,
840,conv_epinet,0,0.19702495634555817,0.017566824331879616,0.1794581413269043,1.0,,,0,Q3,0.9710564613342284,,
841,conv_epinet,1,0.9999734163284302,0.09031127393245697,0.909662127494812,0.6000000238418579,,,0,Q1,0.0552801489830017,,
842,conv_epinet,0,0.1282133013010025,0.004862734116613865,0.12335056811571121,1.0,,,0,Q3,0.9522903561592102,,
843,conv_epinet,0,0.25399383902549744,0.014243559911847115,0.23975028097629547,1.0,,,0,Q2,0.9376307129859924,,
844,conv_epinet,0,0.9985243678092957,0.10207763314247131,0.8964467644691467,0.699999988079071,,,0,Q1,0.0296961069107055,,
845,conv_epinet,0,0.18503472208976746,0.003676752559840679,0.1813579648733139,1.0,,,0,Q3,0.9597458839416504,,
846,conv_epinet,0,0.07525349408388138,0.00218216422945261,0.07307133078575134,1.0,,,0,Q3,0.9797992706298828,,
847,conv_epinet,0,0.8218767046928406,0.07567941397428513,0.7461972832679749,1.0,,,0,Q1,0.6762914061546326,,
848,conv_epinet,0,0.20394928753376007,0.020974574610590935,0.182974711060524,1.0,,,0,Q3,0.9637014269828796,,
849,conv_epinet,0,0.09057611227035522,0.004276149906218052,0.08629996329545975,1.0,,,0,Q3,0.9764097929000854,,
850,conv_epinet,0,0.24998639523983002,0.006837277673184872,0.24314911663532257,1.0,,,0,Q2,0.919569969177246,,
851,conv_epinet,0,0.2976716458797455,0.02261907234787941,0.27505257725715637,1.0,,,0,Q2,0.940031886100769,,
852,conv_epinet,0,0.28223127126693726,0.024457352235913277,0.25777390599250793,1.0,,,0,Q2,0.9248034954071044,,
853,conv_epinet,0,0.24582280218601227,0.014050746336579323,0.2317720502614975,1.0,,,0,Q2,0.90505850315094,,
854,conv_epinet,0,0.5027907490730286,0.028171703219413757,0.474619060754776,1.0,,,0,Q2,0.8370752930641174,,
855,conv_epinet,0,0.16342304646968842,0.008603292517364025,0.15481975674629211,1.0,,,0,Q3,0.9597893953323364,,
856,conv_epinet,0,0.1285279244184494,0.013301406987011433,0.11522651463747025,1.0,,,0,Q3,0.971319019794464,,
857,conv_epinet,0,0.17156437039375305,0.018088338896632195,0.1534760296344757,1.0,,,0,Q3,0.9601681232452391,,
858,conv_epinet,1,0.9830911159515381,0.037410009652376175,0.945681095123291,0.6000000238418579,,,0,Q1,0.2584608793258667,,
859,conv_epinet,0,0.1671183854341507,0.0022427828516811132,0.16487561166286469,1.0,,,0,Q3,0.9481346011161804,,
860,conv_epinet,0,0.2327776849269867,0.012319074012339115,0.22045861184597015,1.0,,,0,Q2,0.9223086833953856,,
861,conv_epinet,0,0.19420592486858368,0.006923634558916092,0.18728229403495789,1.0,,,0,Q2,0.9340658187866212,,
862,conv_epinet,0,0.6216867566108704,0.01476320531219244,0.606923520565033,1.0,,,0,Q1,0.6647257804870605,,
863,conv_epinet,0,0.3677554428577423,0.02348814345896244,0.3442673087120056,1.0,,,0,Q2,0.8613011240959167,,
864,conv_epinet,0,0.624984622001648,0.016254425048828125,0.6087301969528198,1.0,,,0,Q1,0.632400393486023,,
865,conv_epinet,0,0.18120159208774567,0.014313987456262112,0.16688759624958038,1.0,,,0,Q3,0.9630881547927856,,
866,conv_epinet,0,0.1444300413131714,0.002669127658009529,0.141760915517807,1.0,,,0,Q3,0.9592702984809875,,
867,conv_epinet,0,0.16808933019638062,0.00978302862495184,0.1583063006401062,1.0,,,0,Q3,0.972076654434204,,
868,conv_epinet,0,0.27486878633499146,0.014930889010429382,0.25993791222572327,1.0,,,0,Q2,0.9180952906608582,,
869,conv_epinet,0,0.1266515851020813,0.0029877577908337116,0.12366382032632828,1.0,,,0,Q3,0.9704397916793824,,
870,conv_epinet,0,0.5751509070396423,0.01910095289349556,0.5560499429702759,1.0,,,0,Q2,0.7563544511795044,,
871,conv_epinet,0,0.5728984475135803,0.030348272994160652,0.5425502061843872,1.0,,,0,Q1,0.6013849377632141,,
872,conv_epinet,0,0.1966622918844223,0.03217639401555061,0.164485901594162,1.0,,,0,Q3,0.972065806388855,,
873,conv_epinet,0,0.9310215711593628,0.07796110957860947,0.8530604243278503,0.8999999761581421,,,0,Q1,0.2934010028839111,,
874,conv_epinet,0,0.0989358052611351,0.004747849889099598,0.09418795257806778,1.0,,,0,Q3,0.9740390777587892,,
875,conv_epinet,1,0.8500179052352905,0.08410278707742691,0.7659150958061218,1.0,,,0,Q1,0.692969799041748,,
876,conv_epinet,0,0.3100990355014801,0.023260438814759254,0.2868385910987854,1.0,,,0,Q2,0.9293909668922424,,
877,conv_epinet,0,0.29986414313316345,0.01635206677019596,0.28351205587387085,1.0,,,0,Q2,0.9292657375335692,,
878,conv_epinet,0,0.8311947584152222,0.056928835809230804,0.7742658853530884,1.0,,,0,Q1,0.5617784261703491,,
879,conv_epinet,0,0.12559469044208527,0.002234226558357477,0.12336046993732452,1.0,,,0,Q3,0.9728315472602844,,
880,conv_epinet,0,0.5065077543258667,0.011321703903377056,0.49518609046936035,1.0,,,0,Q2,0.793579638004303,,
881,conv_epinet,0,0.12087250500917435,0.012305358424782753,0.10856714099645615,1.0,,,0,Q3,0.9713013172149658,,
882,conv_epinet,0,0.21885333955287933,0.023047933354973793,0.1958054006099701,1.0,,,0,Q3,0.9546610116958618,,
883,conv_epinet,0,0.6901894211769104,0.034111253917217255,0.6560781598091125,1.0,,,0,Q1,0.6561052799224854,,
884,conv_epinet,0,0.09868680685758591,0.004017632920295,0.0946691706776619,1.0,,,0,Q3,0.9744558334350586,,
885,conv_epinet,0,0.6330828666687012,0.030548332259058952,0.6025345325469971,1.0,,,0,Q1,0.6711874008178711,,
886,conv_epinet,0,0.2228623628616333,0.00562492897734046,0.2172374278306961,1.0,,,0,Q2,0.9391254782676696,,
887,conv_epinet,0,0.07931291311979294,0.0011596683179959655,0.07815324515104294,1.0,,,0,Q3,0.9783104658126832,,
888,conv_epinet,0,0.14106501638889313,0.002735351910814643,0.1383296698331833,1.0,,,0,Q3,0.9659454822540284,,
889,conv_epinet,0,0.06975395977497101,0.001428831834346056,0.06832512468099594,1.0,,,0,Q3,0.9782190322875975,,
890,conv_epinet,0,0.7275537848472595,0.05723131075501442,0.6703224778175354,1.0,,,0,Q1,0.6368131637573242,,
891,conv_epinet,0,0.1955161690711975,0.0022290025372058153,0.1932871788740158,1.0,,,0,Q3,0.9480599164962769,,
892,conv_epinet,0,0.8369802832603455,0.06334103643894196,0.7736392617225647,0.8999999761581421,,,0,Q1,0.5675646066665649,,
893,conv_epinet,0,0.9411134719848633,0.03504395857453346,0.9060695171356201,0.8999999761581421,,,0,Q1,0.400589108467102,,
894,conv_epinet,0,0.1674591600894928,0.005751444026827812,0.16170771420001984,1.0,,,0,Q3,0.9613113403320312,,
895,conv_epinet,1,0.9999324083328247,0.03257574886083603,0.9673566818237305,0.5,,,0,Q1,0.0254344940185546,,
896,conv_epinet,0,0.0935804694890976,0.002165928017348051,0.09141454100608826,1.0,,,0,Q3,0.978181004524231,,
897,conv_epinet,0,0.5380957722663879,0.03604106977581978,0.5020546913146973,1.0,,,0,Q1,0.721268892288208,,
898,conv_epinet,0,0.17077672481536865,0.006023251451551914,0.1647534817457199,1.0,,,0,Q3,0.943930983543396,,
899,conv_epinet,0,0.13693343102931976,0.010325837880373001,0.12660758197307587,1.0,,,0,Q3,0.9703741073608398,,
900,conv_epinet,0,0.09860661625862122,0.008906788192689419,0.08969982713460922,1.0,,,0,Q3,0.9784733653068542,,
901,conv_epinet,0,0.24324746429920197,0.010382291860878468,0.23286516964435577,1.0,,,0,Q2,0.893455445766449,,
902,conv_epinet,0,0.8141754269599915,0.12537620961666107,0.6887992024421692,0.800000011920929,,,0,Q1,0.6034549474716187,,
903,conv_epinet,0,0.3262808918952942,0.018726373091340065,0.3075545132160187,1.0,,,0,Q2,0.8871864080429077,,
904,conv_epinet,0,0.10273861140012741,0.002205838682129979,0.10053277015686035,1.0,,,0,Q3,0.971023440361023,,
905,conv_epinet,0,0.13750000298023224,0.004646079149097204,0.1328539252281189,1.0,,,0,Q3,0.9593862295150756,,
906,conv_epinet,0,0.41816264390945435,0.021685119718313217,0.3964775502681732,1.0,,,0,Q2,0.8771319389343262,,
907,conv_epinet,0,0.1270873099565506,0.0021434735972434282,0.12494383752346039,1.0,,,0,Q3,0.9590551257133484,,
908,conv_epinet,0,0.1504754275083542,0.006793680135160685,0.14368174970149994,1.0,,,0,Q3,0.9705886244773864,,
909,conv_epinet,0,0.8492061495780945,0.041582997888326645,0.8076231479644775,1.0,,,0,Q1,0.290418803691864,,
910,conv_epinet,0,0.09726110100746155,0.002796351909637451,0.0944647490978241,1.0,,,0,Q3,0.973846197128296,,
911,conv_epinet,0,0.12445404380559921,0.006369227077811956,0.11808481067419052,1.0,,,0,Q3,0.9734710454940796,,
912,conv_epinet,0,0.23708848655223846,0.0102103091776371,0.22687818109989166,1.0,,,0,Q2,0.8974108099937439,,
913,conv_epinet,0,0.4307849705219269,0.013600043952465057,0.4171849489212036,1.0,,,0,Q2,0.7799016237258911,,
914,conv_epinet,0,0.962427020072937,0.04019578546285629,0.9222312569618225,0.699999988079071,,,0,Q1,0.2590073943138122,,
915,conv_epinet,0,0.10650736838579178,0.0036028323229402304,0.1029045432806015,1.0,,,0,Q3,0.9661754965782166,,
916,conv_epinet,0,0.3263419270515442,0.008580815978348255,0.3177611231803894,1.0,,,0,Q2,0.8595407009124756,,
917,conv_epinet,0,0.10872707515954971,0.0073004914447665215,0.10142658650875092,1.0,,,0,Q3,0.9724891781806946,,
918,conv_epinet,0,0.1002940759062767,0.003963189665228128,0.09633088856935501,1.0,,,0,Q3,0.9751478433609008,,
919,conv_epinet,0,0.9896586537361145,0.09423548728227615,0.895423173904419,0.699999988079071,,,0,Q1,0.2228549718856811,,
920,conv_epinet,1,0.9456297755241394,0.09040964394807816,0.8552200794219971,0.6000000238418579,,,0,Q1,0.3332438468933105,,
921,conv_epinet,0,0.2518531382083893,0.00955488346517086,0.24229824542999268,1.0,,,0,Q2,0.912934184074402,,
922,conv_epinet,0,0.3491731286048889,0.011292639188468456,0.3378804922103882,1.0,,,0,Q2,0.9054054617881776,,
923,conv_epinet,0,0.15089087188243866,0.010338586755096912,0.14055228233337402,1.0,,,0,Q3,0.9721843004226683,,
924,conv_epinet,0,0.1746288686990738,0.012016094289720058,0.16261278092861176,1.0,,,0,Q3,0.9649640917778016,,
925,conv_epinet,0,0.732336699962616,0.03915202245116234,0.6931846737861633,1.0,,,0,Q1,0.7105063199996948,,
926,conv_epinet,0,0.20535704493522644,0.007445129100233316,0.19791191816329956,1.0,,,0,Q2,0.9409419298171996,,
927,conv_epinet,0,0.11149095743894577,0.0029135365039110184,0.1085774227976799,1.0,,,0,Q3,0.9656804203987122,,
928,conv_epinet,0,0.13274604082107544,0.004637039266526699,0.12810899317264557,1.0,,,0,Q3,0.9715364575386048,,
929,conv_epinet,0,0.45003482699394226,0.05097019672393799,0.3990646302700043,1.0,,,0,Q2,0.8178479075431824,,
930,conv_epinet,0,0.1017061397433281,0.005433189682662487,0.09627295285463333,1.0,,,0,Q3,0.9684820175170898,,
931,conv_epinet,0,0.28228259086608887,0.018633825704455376,0.26364877820014954,1.0,,,0,Q2,0.9415804743766784,,
932,conv_epinet,0,0.11154846101999283,0.0010294343810528517,0.11051902920007706,1.0,,,0,Q3,0.9633022546768188,,
933,conv_epinet,0,0.658297061920166,0.059917379170656204,0.5983797311782837,1.0,,,0,Q1,0.7145987153053284,,
934,conv_epinet,0,0.2968522012233734,0.009516960941255093,0.28733524680137634,1.0,,,0,Q2,0.9156646132469176,,
935,conv_epinet,0,0.7371751070022583,0.0863862857222557,0.6507887840270996,0.8999999761581421,,,0,Q2,0.7650514841079712,,
936,conv_epinet,0,0.13462476432323456,0.00587629247456789,0.12874847650527954,1.0,,,0,Q3,0.9747512936592102,,
937,conv_epinet,0,0.16670460999011993,0.006009235046803951,0.1606953740119934,1.0,,,0,Q2,0.9422077536582948,,
938,conv_epinet,0,0.12858687341213226,0.00119666603859514,0.12739020586013794,1.0,,,0,Q3,0.9605174660682678,,
939,conv_epinet,0,0.9714085459709167,0.06452101469039917,0.9068875908851624,0.699999988079071,,,0,Q1,0.060887336730957,,
940,conv_epinet,0,0.8563694357872009,0.09573311358690262,0.7606363296508789,0.8999999761581421,,,0,Q1,0.5438605546951294,,
941,conv_epinet,0,0.19654056429862976,0.011383122764527798,0.18515744805335999,1.0,,,0,Q3,0.945880889892578,,
942,conv_epinet,0,0.484479695558548,0.011181623674929142,0.4732980728149414,1.0,,,0,Q1,0.7059482932090759,,
943,conv_epinet,1,0.9680501222610474,0.06729122251272202,0.9007588624954224,0.800000011920929,,,0,Q1,0.3134886026382446,,
944,conv_epinet,0,0.1071128249168396,0.0045127710327506065,0.10260005295276642,1.0,,,0,Q3,0.9733155965805054,,
945,conv_epinet,0,0.6024959683418274,0.02732950448989868,0.5751664638519287,1.0,,,0,Q1,0.677965521812439,,
946,conv_epinet,0,0.18048721551895142,0.007244618609547615,0.17324259877204895,1.0,,,0,Q2,0.935859441757202,,
947,conv_epinet,0,0.10533412545919418,0.006953849922865629,0.09838027507066727,1.0,,,0,Q3,0.9737390875816344,,
948,conv_epinet,1,0.9991458654403687,0.11827780306339264,0.8808680772781372,0.5,,,0,Q1,0.0350454449653625,,
949,conv_epinet,0,0.935305118560791,0.1053662896156311,0.8299388289451599,0.699999988079071,,,0,Q1,0.3571208119392395,,
950,conv_epinet,0,0.8066750168800354,0.09428660571575165,0.7123883962631226,0.8999999761581421,,,0,Q1,0.5662132501602173,,
951,conv_epinet,1,0.9579057097434998,0.11150916665792465,0.8463965058326721,0.699999988079071,,,0,Q1,0.2074036598205566,,
952,conv_epinet,1,0.9223368763923645,0.033572304993867874,0.8887645602226257,0.8999999761581421,,,0,Q1,0.3741449117660522,,
953,conv_epinet,0,0.378306120634079,0.023933514952659607,0.3543725907802582,1.0,,,0,Q2,0.883646547794342,,
954,conv_epinet,0,0.38777396082878113,0.04312750697135925,0.3446464538574219,1.0,,,0,Q2,0.8413147926330566,,
955,conv_epinet,0,0.24782699346542358,0.014277225360274315,0.23354977369308472,1.0,,,0,Q3,0.9609030485153198,,
956,conv_epinet,0,0.9661067128181458,0.10100076347589493,0.865105926990509,0.6000000238418579,,,0,Q1,0.1407212018966674,,
957,conv_epinet,0,0.12755097448825836,0.0034724478609859943,0.12407852709293365,1.0,,,0,Q3,0.9581936001777648,,
958,conv_epinet,0,0.8973836302757263,0.09929788112640381,0.7980857491493225,0.800000011920929,,,0,Q1,0.6038906574249268,,
959,conv_epinet,0,0.5701240301132202,0.14678366482257843,0.423340380191803,0.8999999761581421,,,0,Q2,0.8772571682929993,,
960,conv_epinet,0,0.5070043206214905,0.03333999589085579,0.4736643433570862,1.0,,,0,Q2,0.8771204352378845,,
961,conv_epinet,1,0.8375793099403381,0.026783116161823273,0.8107962012290955,1.0,,,0,Q1,0.5248000621795654,,
962,conv_epinet,0,0.11165743321180344,0.0035483890678733587,0.10810904949903488,1.0,,,0,Q3,0.9752383828163148,,
963,conv_epinet,0,0.13953694701194763,0.0051504396833479404,0.13438649475574493,1.0,,,0,Q3,0.9685531854629515,,
964,conv_epinet,0,0.48469439148902893,0.030184416100382805,0.454509973526001,1.0,,,0,Q2,0.8180174231529236,,
965,conv_epinet,0,0.09860381484031677,0.001841246266849339,0.09676256775856018,1.0,,,0,Q3,0.9769896268844604,,
966,conv_epinet,0,0.536228597164154,0.007635728921741247,0.5285928249359131,1.0,,,0,Q1,0.689198911190033,,
967,conv_epinet,0,0.9369539022445679,0.08766420185565948,0.8492897152900696,0.800000011920929,,,0,Q1,0.3891060352325439,,
968,conv_epinet,0,0.12935782968997955,0.003614559303969145,0.12574326992034912,1.0,,,0,Q3,0.9690688848495485,,
969,conv_epinet,0,0.8757777810096741,0.07875790446996689,0.797019898891449,1.0,,,0,Q1,0.2813020348548889,,
970,conv_epinet,0,0.29752498865127563,0.0134336082264781,0.28409138321876526,1.0,,,0,Q2,0.9037806987762452,,
971,conv_epinet,0,0.896917998790741,0.057675670832395554,0.8392423391342163,0.8999999761581421,,,0,Q1,0.4211361408233642,,
972,conv_epinet,0,0.9782617092132568,0.05195406824350357,0.9263076782226562,0.6000000238418579,,,0,Q1,0.003602921962738,,
973,conv_epinet,0,0.3665745258331299,0.021433552727103233,0.3451409637928009,1.0,,,0,Q2,0.8696048855781555,,
974,conv_epinet,0,0.09481678903102875,0.004975356161594391,0.08984143286943436,1.0,,,0,Q3,0.9778918027877808,,
975,conv_epinet,0,0.2855013906955719,0.011197704821825027,0.274303674697876,1.0,,,0,Q2,0.9234642386436462,,
976,conv_epinet,0,0.5602381825447083,0.012677142396569252,0.5475610494613647,1.0,,,0,Q2,0.7837592363357544,,
977,conv_epinet,0,0.23863358795642853,0.024599066004157066,0.21403451263904572,1.0,,,0,Q3,0.9583580493927002,,
978,conv_epinet,0,0.0759706199169159,0.0013531164731830359,0.07461749762296677,1.0,,,0,Q3,0.9782450795173644,,
979,conv_epinet,0,0.2366694062948227,0.009121465496718884,0.22754794359207153,1.0,,,0,Q2,0.9429559707641602,,
980,conv_epinet,0,0.0975862443447113,0.0032834389712661505,0.09430280327796936,1.0,,,0,Q3,0.972093105316162,,
981,conv_epinet,0,0.3048807382583618,0.024931078776717186,0.2799496650695801,1.0,,,0,Q2,0.8755134344100952,,
982,conv_epinet,0,0.15307220816612244,0.010800800286233425,0.14227141439914703,1.0,,,0,Q3,0.9599094986915588,,
983,conv_epinet,1,0.40159717202186584,0.009508490562438965,0.3920886814594269,1.0,,,0,Q2,0.8423519134521484,,
984,conv_epinet,0,0.7972316741943359,0.10193321108818054,0.6952984929084778,0.8999999761581421,,,0,Q1,0.5867074728012085,,
985,conv_epinet,0,0.4741230607032776,0.023641251027584076,0.4504818022251129,1.0,,,0,Q2,0.863654375076294,,
986,conv_epinet,0,0.2306090146303177,0.011461117304861546,0.21914790570735931,1.0,,,0,Q2,0.9319223165512084,,
987,conv_epinet,1,0.48747625946998596,0.022802148014307022,0.46467411518096924,1.0,,,0,Q2,0.7366037368774414,,
988,conv_epinet,0,0.11076200008392334,0.0023286559153348207,0.10843334347009659,1.0,,,0,Q3,0.9758452773094176,,
989,conv_epinet,0,0.2132020741701126,0.009345236234366894,0.20385684072971344,1.0,,,0,Q3,0.959546446800232,,
990,conv_epinet,0,0.4717971384525299,0.028123978525400162,0.44367313385009766,1.0,,,0,Q2,0.8463490009307861,,
991,conv_epinet,0,0.11882206797599792,0.016556983813643456,0.10226508975028992,1.0,,,0,Q3,0.9761702418327332,,
992,conv_epinet,1,0.5989072918891907,0.015976672992110252,0.5829306244850159,1.0,,,0,Q1,0.7222583293914795,,
993,conv_epinet,1,0.6746554970741272,0.032078806310892105,0.6425766944885254,1.0,,,0,Q1,0.6858489513397217,,
994,conv_epinet,0,0.29742151498794556,0.008769567124545574,0.2886519730091095,1.0,,,0,Q2,0.9016014337539672,,
995,conv_epinet,0,0.22374987602233887,0.008010930381715298,0.2157389521598816,1.0,,,0,Q2,0.9120389819145204,,
996,conv_epinet,0,0.4374990165233612,0.042922355234622955,0.39457666873931885,1.0,,,0,Q2,0.8491442799568176,,
997,conv_epinet,0,0.14408889412879944,0.0045957849361002445,0.13949310779571533,1.0,,,0,Q3,0.9736722111701964,,
998,conv_epinet,0,0.240213543176651,0.0045521873980760574,0.2356613576412201,1.0,,,0,Q2,0.9379597902297974,,
999,conv_epinet,0,0.08449377864599228,0.0032447429839521646,0.08124903589487076,1.0,,,0,Q3,0.9784795641899108,,
1000,conv_epinet,0,0.17857405543327332,0.003351974068209529,0.17522208392620087,1.0,,,0,Q2,0.939327836036682,,
1001,conv_epinet,0,0.17914985120296478,0.008678954094648361,0.17047089338302612,1.0,,,0,Q3,0.9627602100372314,,
1002,conv_epinet,0,0.09374511241912842,0.0036332786548882723,0.09011182934045792,1.0,,,0,Q3,0.9762266278266908,,
1003,conv_epinet,1,0.9313827157020569,0.027185555547475815,0.9041971564292908,0.8999999761581421,,,0,Q1,0.4391844272613525,,
1004,conv_epinet,0,0.12224479764699936,0.0036290704738348722,0.11861572414636612,1.0,,,0,Q3,0.972087562084198,,
1005,conv_epinet,0,0.8277440071105957,0.0729573592543602,0.7547866106033325,1.0,,,0,Q1,0.4752286672592163,,
1006,conv_epinet,0,0.27013272047042847,0.008617384359240532,0.261515349149704,1.0,,,0,Q2,0.863654375076294,,
1007,conv_epinet,0,0.2181912511587143,0.008772662840783596,0.20941857993602753,1.0,,,0,Q2,0.9405987858772278,,
1008,conv_epinet,0,0.11999841034412384,0.007390105165541172,0.11260830610990524,1.0,,,0,Q3,0.9745813012123108,,
1009,conv_epinet,0,0.5705251097679138,0.08604519814252853,0.4844799041748047,1.0,,,0,Q2,0.8185662031173706,,
1010,conv_epinet,0,0.27797219157218933,0.014304012060165405,0.2636681795120239,1.0,,,0,Q2,0.9023929834365844,,
1011,conv_epinet,0,0.0829121544957161,0.0021247058175504208,0.08078745007514954,1.0,,,0,Q3,0.9719209671020508,,
1012,conv_epinet,0,0.675098180770874,0.029766585677862167,0.645331621170044,1.0,,,0,Q1,0.7105496525764465,,
1013,conv_epinet,0,0.08491363376379013,0.002857690677046776,0.0820559412240982,1.0,,,0,Q3,0.9763185977935792,,
1014,conv_epinet,0,0.9851861000061035,0.02153274416923523,0.9636533856391907,0.699999988079071,,,0,Q1,0.1332903504371643,,
1015,conv_epinet,0,0.19389338791370392,0.007560701109468937,0.18633268773555756,1.0,,,0,Q3,0.9629573225975036,,
1016,conv_epinet,0,0.38824227452278137,0.01920500211417675,0.3690372705459595,1.0,,,0,Q2,0.8259458541870117,,
1017,conv_epinet,0,0.1251986175775528,0.005327420774847269,0.11987119913101196,1.0,,,0,Q3,0.9628751277923584,,
1018,conv_epinet,0,0.2820242941379547,0.016245631501078606,0.26577866077423096,1.0,,,0,Q2,0.9369470477104188,,
1019,conv_epinet,0,0.37838974595069885,0.029244014993309975,0.34914571046829224,1.0,,,0,Q2,0.9076387882232666,,
1020,conv_epinet,0,0.1653558313846588,0.001816007774323225,0.1635398268699646,1.0,,,0,Q3,0.9609975218772888,,
1021,conv_epinet,0,0.48032239079475403,0.017805321142077446,0.4625170826911926,1.0,,,0,Q2,0.7849067449569702,,
1022,conv_epinet,0,0.4536101818084717,0.010843420401215553,0.4427667558193207,1.0,,,0,Q2,0.7627295851707458,,
1023,conv_epinet,0,0.8641082644462585,0.06609181314706802,0.7980164289474487,0.8999999761581421,,,0,Q1,0.2207957506179809,,
1024,conv_epinet,0,0.16347338259220123,0.008488408289849758,0.1549849659204483,1.0,,,0,Q3,0.9656280875205994,,
1025,conv_epinet,0,0.9535399079322815,0.05345805361866951,0.9000818729400635,0.8999999761581421,,,0,Q1,0.1532812714576721,,
1026,conv_epinet,0,0.11433565616607666,0.007044559810310602,0.1072910949587822,1.0,,,0,Q3,0.97134929895401,,
1027,conv_epinet,0,0.16490165889263153,0.008319058455526829,0.15658260881900787,1.0,,,0,Q3,0.9634909629821776,,
1028,conv_epinet,0,0.3622925877571106,0.030496500432491302,0.3317960798740387,1.0,,,0,Q2,0.8761611580848694,,
1029,conv_epinet,0,0.39785274863243103,0.027816344052553177,0.37003642320632935,1.0,,,0,Q2,0.8664147853851318,,
1030,conv_epinet,0,0.8916038274765015,0.07700660824775696,0.8145971894264221,0.8999999761581421,,,0,Q1,0.3438351154327392,,
1031,conv_epinet,0,0.6477692723274231,0.035969484597444534,0.6117998361587524,1.0,,,0,Q1,0.5649558901786804,,
1032,conv_epinet,0,0.5582748055458069,0.08682750165462494,0.47144731879234314,1.0,,,0,Q2,0.8006898164749146,,
1033,conv_epinet,0,0.7752833366394043,0.04717441275715828,0.7281089425086975,1.0,,,0,Q1,0.4366967678070068,,
1034,conv_epinet,0,0.4392959773540497,0.05119463428854942,0.38810133934020996,1.0,,,0,Q2,0.7655054330825806,,
1035,conv_epinet,1,0.8584567904472351,0.08329962193965912,0.7751572132110596,0.800000011920929,,,0,Q1,0.5674071311950684,,
1036,conv_epinet,0,0.8960360288619995,0.035465918481349945,0.8605701327323914,0.8999999761581421,,,0,Q1,0.307471752166748,,
1037,conv_epinet,0,0.39648234844207764,0.014622309245169163,0.38186004757881165,1.0,,,0,Q2,0.8828595280647278,,
1038,conv_epinet,0,0.851614236831665,0.08972412347793579,0.7618901133537292,0.800000011920929,,,0,Q1,0.518917441368103,,
1039,conv_epinet,1,0.6191610097885132,0.07565826177597046,0.5435027480125427,1.0,,,0,Q2,0.7797595262527466,,
1040,conv_epinet,0,0.16532813012599945,0.00853280071169138,0.15679532289505005,1.0,,,0,Q3,0.9644451141357422,,
1041,conv_epinet,0,0.09642709046602249,0.0034264856949448586,0.09300060570240021,1.0,,,0,Q3,0.978054940700531,,
1042,conv_epinet,0,0.1521681696176529,0.004179038573056459,0.14798912405967712,1.0,,,0,Q3,0.9710784554481506,,
1043,conv_epinet,0,0.606528639793396,0.02576020546257496,0.5807684063911438,1.0,,,0,Q1,0.654875636100769,,
1044,conv_epinet,0,0.1603478044271469,0.00789965782314539,0.1524481475353241,1.0,,,0,Q3,0.9709550738334656,,
1045,conv_epinet,0,0.464897096157074,0.047113485634326935,0.41778361797332764,1.0,,,0,Q2,0.821294903755188,,
1046,conv_epinet,0,0.7617253661155701,0.13242143392562866,0.6293039321899414,0.8999999761581421,,,0,Q1,0.7206448912620544,,
1047,conv_epinet,0,0.23846015334129333,0.020024413242936134,0.21843574941158295,1.0,,,0,Q3,0.9465165138244628,,
1048,conv_epinet,0,0.20380327105522156,0.004166946280747652,0.1996363252401352,1.0,,,0,Q3,0.9563957452774048,,
1049,conv_epinet,0,0.15096120536327362,0.014312234707176685,0.1366489678621292,1.0,,,0,Q3,0.9703187942504884,,
1050,conv_epinet,0,0.13174881041049957,0.011702409014105797,0.12004640698432922,1.0,,,0,Q3,0.9693999290466307,,
1051,conv_epinet,0,0.18048425018787384,0.024173032492399216,0.15631121397018433,1.0,,,0,Q3,0.9700080752372742,,
1052,conv_epinet,0,0.5824282169342041,0.048774752765893936,0.5336534380912781,1.0,,,0,Q2,0.7762141227722168,,
1053,conv_epinet,0,0.8819308280944824,0.085727758705616,0.796203076839447,0.8999999761581421,,,0,Q1,0.3454597592353821,,
1054,conv_epinet,0,0.3739648461341858,0.02291974052786827,0.3510451018810272,1.0,,,0,Q2,0.8521324992179871,,
1055,conv_epinet,0,0.9991220235824585,0.04027369245886803,0.9588483572006226,0.6000000238418579,,,0,Q1,0.1472307443618774,,
1056,conv_epinet,0,0.16200172901153564,0.018011517822742462,0.14399021863937378,1.0,,,0,Q3,0.959769368171692,,
1057,conv_epinet,0,0.2924364507198334,0.027320174500346184,0.26511627435684204,1.0,,,0,Q2,0.9139551520347596,,
1058,conv_epinet,1,0.9986462593078613,0.09463431686162949,0.9040119051933289,0.699999988079071,,,0,Q1,0.1106129884719848,,
1059,conv_epinet,0,0.7268915772438049,0.06977486610412598,0.657116711139679,0.8999999761581421,,,0,Q1,0.6299675703048706,,
1060,conv_epinet,0,0.6041731834411621,0.08852170407772064,0.5156514644622803,0.8999999761581421,,,0,Q2,0.7724502086639404,,
1061,conv_epinet,0,0.18871787190437317,0.004744012374430895,0.18397386372089386,1.0,,,0,Q2,0.9411892294883728,,
1062,conv_epinet,1,0.06368852406740189,0.0017353103030472994,0.061953213065862656,1.0,,,0,Q3,0.9832947254180908,,
1063,conv_epinet,0,0.1888812929391861,0.01236412301659584,0.17651717364788055,1.0,,,0,Q3,0.9462067484855652,,
1064,conv_epinet,0,0.16728587448596954,0.0076343100517988205,0.15965156257152557,1.0,,,0,Q3,0.9478294849395752,,
1065,conv_epinet,0,0.14685149490833282,0.008742716163396835,0.1381087750196457,1.0,,,0,Q3,0.9772859215736388,,
1066,conv_epinet,0,0.15020868182182312,0.006623642984777689,0.14358504116535187,1.0,,,0,Q3,0.9528764486312866,,
1067,conv_epinet,0,0.3620060980319977,0.022966906428337097,0.3390392065048218,1.0,,,0,Q2,0.8402811288833618,,
1068,conv_epinet,0,0.5016866326332092,0.05351468175649643,0.4481719434261322,1.0,,,0,Q2,0.7916936874389648,,
1069,conv_epinet,0,0.862446665763855,0.051452651619911194,0.8109939694404602,1.0,,,0,Q1,0.4107823967933655,,
1070,conv_epinet,0,0.21373096108436584,0.01813342049717903,0.1955975443124771,1.0,,,0,Q3,0.9608328938484192,,
1071,conv_epinet,1,0.7683006525039673,0.11294840276241302,0.6553522944450378,0.8999999761581421,,,0,Q1,0.6210809946060181,,
1072,conv_epinet,0,0.7568333745002747,0.08605895936489105,0.6707744002342224,0.8999999761581421,,,0,Q1,0.4761549830436706,,
1073,conv_epinet,0,0.1914302557706833,0.024831414222717285,0.166598841547966,1.0,,,0,Q3,0.9718894362449646,,
1074,conv_epinet,0,0.1261063516139984,0.01612357795238495,0.10998277366161346,1.0,,,0,Q3,0.9762410521507264,,
1075,conv_epinet,0,0.994347333908081,0.07577237486839294,0.9185749888420105,0.5,,,0,Q1,0.0456074476242065,,
1076,conv_epinet,0,0.26390787959098816,0.017528321593999863,0.2463795691728592,1.0,,,0,Q2,0.89253169298172,,
1077,conv_epinet,0,0.15061889588832855,0.0051331124268472195,0.1454857736825943,1.0,,,0,Q3,0.9566413164138794,,
1078,conv_epinet,0,0.4354502260684967,0.044717080891132355,0.39073315262794495,1.0,,,0,Q2,0.8612542748451233,,
1079,conv_epinet,0,0.07669434696435928,0.0015316506614908576,0.07516269385814667,1.0,,,0,Q3,0.9750977158546448,,
1080,conv_epinet,0,0.14512313902378082,0.00576903996989131,0.13935409486293793,1.0,,,0,Q3,0.9713103771209716,,
1081,conv_epinet,0,0.23843158781528473,0.009802968241274357,0.22862862050533295,1.0,,,0,Q2,0.9238510131835938,,
1082,conv_epinet,0,0.28601229190826416,0.026640305295586586,0.25937196612358093,1.0,,,0,Q2,0.9181246161460876,,
1083,conv_epinet,0,0.10690684616565704,0.004103774670511484,0.1028030663728714,1.0,,,0,Q3,0.9714738130569458,,
1084,conv_epinet,0,0.5722690224647522,0.0778496265411377,0.4944194257259369,1.0,,,0,Q2,0.8632755875587463,,
1085,conv_epinet,0,0.9411437511444092,0.08835006505250931,0.8527936935424805,0.800000011920929,,,0,Q1,0.3281784057617187,,
1086,conv_epinet,0,0.43154335021972656,0.023728489875793457,0.4078148603439331,1.0,,,0,Q2,0.8422164916992188,,
1087,conv_epinet,0,0.31785282492637634,0.01722244918346405,0.3006303906440735,1.0,,,0,Q2,0.8801146745681763,,
1088,conv_epinet,0,0.14644791185855865,0.010477161966264248,0.13597075641155243,1.0,,,0,Q3,0.9763917326927184,,
1089,conv_epinet,1,0.9644792079925537,0.11449556052684784,0.8499836325645447,0.699999988079071,,,0,Q1,0.287778377532959,,
1090,conv_epinet,0,0.6101065874099731,0.022760828956961632,0.5873457193374634,1.0,,,0,Q2,0.7428135275840759,,
1091,conv_epinet,0,0.25487300753593445,0.02787625975906849,0.22699673473834991,1.0,,,0,Q2,0.941950798034668,,
1092,conv_epinet,0,0.15654540061950684,0.0160286333411932,0.14051677286624908,1.0,,,0,Q3,0.9683215618133544,,
1093,conv_epinet,0,0.3671775460243225,0.04170282557606697,0.32547470927238464,1.0,,,0,Q2,0.840663731098175,,
1094,conv_epinet,0,0.1418696641921997,0.01983308233320713,0.12203659117221832,1.0,,,0,Q3,0.9774263501167296,,
1095,conv_epinet,0,0.2401375025510788,0.01750935986638069,0.2226281464099884,1.0,,,0,Q3,0.9674577116966248,,
1096,conv_epinet,0,0.5132443904876709,0.05416271090507507,0.4590816795825958,1.0,,,0,Q2,0.8868141770362854,,
1097,conv_epinet,0,0.27985894680023193,0.016808144748210907,0.26305079460144043,1.0,,,0,Q2,0.9118207097053528,,
1098,conv_epinet,0,0.15451295673847198,0.007729867938905954,0.14678308367729187,1.0,,,0,Q3,0.972981870174408,,
1099,conv_epinet,0,0.10414353758096695,0.014623700641095638,0.08951983600854874,1.0,,,0,Q3,0.9688296914100648,,
1100,conv_epinet,0,0.1363111436367035,0.013198303058743477,0.12311284244060516,1.0,,,0,Q3,0.9716702699661256,,
1101,conv_epinet,0,0.08730468153953552,0.0023383621592074633,0.08496631681919098,1.0,,,0,Q3,0.9775545001029968,,
1102,conv_epinet,0,0.1595384180545807,0.017101384699344635,0.14243702590465546,1.0,,,0,Q3,0.9680270552635192,,
1103,conv_epinet,0,0.27355512976646423,0.00995469931513071,0.2636004388332367,1.0,,,0,Q2,0.9340084791183472,,
1104,conv_epinet,1,0.14604054391384125,0.04069582372903824,0.1053447276353836,1.0,,,0,Q4,0.9881802797317504,,
1105,conv_epinet,0,0.5571287870407104,0.028852540999650955,0.5282762050628662,1.0,,,0,Q1,0.6827310919761658,,
1106,conv_epinet,0,0.2205914556980133,0.008780273608863354,0.21181118488311768,1.0,,,0,Q2,0.9072907567024232,,
1107,conv_epinet,0,0.6878929138183594,0.05478382483124733,0.6331090927124023,1.0,,,0,Q1,0.5715397596359253,,
1108,conv_epinet,0,0.29563266038894653,0.023185132071375847,0.27244752645492554,1.0,,,0,Q2,0.8908455967903137,,
1109,conv_epinet,0,0.8833692669868469,0.13688941299915314,0.746479868888855,0.800000011920929,,,0,Q1,0.3247602581977844,,
1110,conv_epinet,0,0.9779162406921387,0.18607181310653687,0.7918444275856018,0.6000000238418579,,,0,Q1,0.4747776389122009,,
1111,conv_epinet,0,0.12806436419487,0.002841454464942217,0.12522290647029877,1.0,,,0,Q3,0.9714683294296264,,
1112,conv_epinet,0,0.9006908535957336,0.0708770602941513,0.8298137784004211,1.0,,,0,Q1,0.4810085296630859,,
1113,conv_epinet,0,0.30038875341415405,0.05471711978316307,0.24567162990570068,1.0,,,0,Q3,0.9451801776885986,,
1114,conv_epinet,1,0.9072217345237732,0.14373837411403656,0.7634833455085754,0.8999999761581421,,,0,Q1,0.3767873048782348,,
1115,conv_epinet,0,0.4961594045162201,0.05245492234826088,0.4437044858932495,1.0,,,0,Q2,0.8130563497543335,,
1116,conv_epinet,0,0.5585399866104126,0.058390773832798004,0.5001491904258728,1.0,,,0,Q2,0.7975337505340576,,
1117,conv_epinet,0,0.9766125082969666,0.09392523020505905,0.8826872706413269,0.699999988079071,,,0,Q1,0.0857244729995727,,
1118,conv_epinet,0,0.33914825320243835,0.06165502592921257,0.2774932086467743,1.0,,,0,Q2,0.9196321368217468,,
1119,conv_epinet,1,0.9074109196662903,0.09360809624195099,0.8138028383255005,0.699999988079071,,,0,Q1,0.3969576358795166,,
1120,conv_epinet,0,0.16096201539039612,0.008703085593879223,0.15225893259048462,1.0,,,0,Q3,0.966160774230957,,
1121,conv_epinet,0,0.2804684340953827,0.02313603088259697,0.2573324143886566,1.0,,,0,Q2,0.9357656240463256,,
1122,conv_epinet,0,0.3074541985988617,0.06312526762485504,0.24432893097400665,1.0,,,0,Q3,0.94679456949234,,
1123,conv_epinet,0,0.10754195600748062,0.0043846117332577705,0.10315734148025513,1.0,,,0,Q3,0.9766477346420288,,
1124,conv_epinet,0,0.551505446434021,0.0753575935959816,0.47614786028862,0.8999999761581421,,,0,Q2,0.8891157507896423,,
1125,conv_epinet,0,0.16417557001113892,0.00865235086530447,0.15552322566509247,1.0,,,0,Q3,0.9744502305984496,,
1126,conv_epinet,0,0.17031577229499817,0.010784859769046307,0.159530907869339,1.0,,,0,Q3,0.955351173877716,,
1127,conv_epinet,0,0.13563308119773865,0.005473756231367588,0.13015933334827423,1.0,,,0,Q3,0.9713180661201476,,
1128,conv_epinet,1,0.8791957497596741,0.03348175436258316,0.8457140326499939,1.0,,,0,Q1,0.2613652944564819,,
1129,conv_epinet,0,0.7579061985015869,0.10642458498477936,0.6514816284179688,0.8999999761581421,,,0,Q1,0.6894464492797852,,
1130,conv_epinet,0,0.2908460795879364,0.03945043310523033,0.25139567255973816,1.0,,,0,Q3,0.9521920084953308,,
1131,conv_epinet,0,0.9601708054542542,0.031161535531282425,0.9290092587471008,0.800000011920929,,,0,Q1,0.1083348393440246,,
1132,conv_epinet,1,0.22767652571201324,0.07187319546937943,0.15580332279205322,1.0,,,0,Q4,0.9894685745239258,,
1133,conv_epinet,0,0.9327138662338257,0.14530323445796967,0.7874106168746948,0.699999988079071,,,0,Q1,0.4366967678070068,,
1134,conv_epinet,0,0.997621476650238,0.18829494714736938,0.8093265295028687,0.5,,,0,Q1,0.1229267120361328,,
1135,conv_epinet,0,0.49557867646217346,0.03610272705554962,0.45947593450546265,1.0,,,0,Q1,0.7137225866317749,,
1136,conv_epinet,0,0.5792175531387329,0.08764072507619858,0.49157682061195374,1.0,,,0,Q2,0.883325457572937,,
1137,conv_epinet,0,0.9992716312408447,0.10334592312574387,0.895925760269165,0.5,,,0,Q1,0.2168699502944946,,
1138,conv_epinet,0,0.2927444279193878,0.038468047976493835,0.2542763650417328,1.0,,,0,Q2,0.9249356389045716,,
1139,conv_epinet,0,0.48502594232559204,0.035681843757629395,0.44934409856796265,1.0,,,0,Q2,0.8134521245956421,,
1140,conv_epinet,0,0.14507277309894562,0.007746958639472723,0.13732580840587616,1.0,,,0,Q3,0.974125325679779,,
1141,conv_epinet,0,0.76805180311203,0.07663960009813309,0.6914122104644775,1.0,,,0,Q1,0.7220425009727478,,
1142,conv_epinet,0,0.13328887522220612,0.0065151541493833065,0.12677371501922607,1.0,,,0,Q3,0.9737090468406676,,
1143,conv_epinet,0,0.3420849144458771,0.029839549213647842,0.31224536895751953,1.0,,,0,Q2,0.9035029411315918,,
1144,conv_epinet,0,0.2122904360294342,0.018405389040708542,0.19388504326343536,1.0,,,0,Q3,0.9775545001029968,,
1145,conv_epinet,0,0.2334323525428772,0.04046160727739334,0.19297075271606445,1.0,,,0,Q3,0.9765750169754028,,
1146,conv_epinet,0,0.2776419222354889,0.028461258858442307,0.24918067455291748,1.0,,,0,Q2,0.8861472010612488,,
1147,conv_epinet,0,0.5512137413024902,0.08761965483427048,0.46359410881996155,1.0,,,0,Q2,0.8475536108016968,,
1148,conv_epinet,0,0.7296345829963684,0.13634836673736572,0.5932862162590027,0.8999999761581421,,,0,Q1,0.6396550536155701,,
1149,conv_epinet,0,0.21121859550476074,0.026411956176161766,0.18480664491653442,1.0,,,0,Q3,0.959873616695404,,
1150,conv_epinet,0,0.45461124181747437,0.03863031417131424,0.4159809350967407,1.0,,,0,Q2,0.8802399635314941,,
1151,conv_epinet,0,0.1300695389509201,0.003383479081094265,0.12668605148792267,1.0,,,0,Q3,0.9741921424865724,,
1152,conv_epinet,0,0.1766970455646515,0.0075310771353542805,0.1691659688949585,1.0,,,0,Q3,0.960467517375946,,
1153,conv_epinet,0,0.5674692392349243,0.08156470954418182,0.4859045147895813,0.8999999761581421,,,0,Q2,0.8685466051101685,,
1154,conv_epinet,0,0.24179986119270325,0.027523543685674667,0.21427632868289948,1.0,,,0,Q3,0.9447600841522216,,
1155,conv_epinet,0,0.3990150988101959,0.029244961217045784,0.3697701394557953,1.0,,,0,Q2,0.9300011992454528,,
1156,conv_epinet,0,0.594346821308136,0.04001976177096367,0.5543270707130432,1.0,,,0,Q2,0.7340731620788574,,
1157,conv_epinet,0,0.1547021120786667,0.020389746874570847,0.13431236147880554,1.0,,,0,Q3,0.9726966023445128,,
1158,conv_epinet,0,0.2621353566646576,0.05033674091100693,0.21179860830307007,1.0,,,0,Q3,0.953988254070282,,
1159,conv_epinet,0,0.19933223724365234,0.01046905666589737,0.18886317312717438,1.0,,,0,Q3,0.9669423699378968,,
1160,conv_epinet,1,0.5104122161865234,0.06583960354328156,0.4445726275444031,1.0,,,0,Q2,0.757235050201416,,
1161,conv_epinet,0,0.23289664089679718,0.017473844811320305,0.21542280912399292,1.0,,,0,Q2,0.9199470281600952,,
1162,conv_epinet,0,0.37484273314476013,0.013865284621715546,0.360977441072464,1.0,,,0,Q2,0.8475944995880127,,
1163,conv_epinet,0,0.14038003981113434,0.007862691767513752,0.13251735270023346,1.0,,,0,Q3,0.9641559720039368,,
1164,conv_epinet,0,0.41992807388305664,0.029364662244915962,0.39056339859962463,1.0,,,0,Q2,0.908931851387024,,
1165,conv_epinet,0,0.15876205265522003,0.02103671431541443,0.1377253383398056,1.0,,,0,Q3,0.9758208394050598,,
1166,conv_epinet,0,0.9609054327011108,0.09690070152282715,0.8640047311782837,0.800000011920929,,,0,Q1,0.2115662097930908,,
1167,conv_epinet,1,0.996241569519043,0.15848571062088013,0.8377558588981628,0.699999988079071,,,0,Q1,0.2519587278366089,,
1168,conv_epinet,0,0.9274490475654602,0.17286372184753418,0.754585325717926,0.6000000238418579,,,0,Q1,0.2923996448516845,,
1169,conv_epinet,0,0.8957381248474121,0.14462967216968536,0.7511084079742432,0.699999988079071,,,0,Q1,0.587884783744812,,
1170,conv_epinet,0,0.145906463265419,0.01492378395050764,0.1309826672077179,1.0,,,0,Q3,0.9668977856636048,,
1171,conv_epinet,0,0.1351657211780548,0.011880948208272457,0.12328477203845978,1.0,,,0,Q3,0.968768835067749,,
1172,conv_epinet,0,0.21302638947963715,0.011095159687101841,0.20193123817443848,1.0,,,0,Q2,0.9407603144645692,,
1173,conv_epinet,0,0.9452195763587952,0.11492086946964264,0.8302987217903137,0.800000011920929,,,0,Q1,0.3175908327102661,,
1174,conv_epinet,0,0.3991631865501404,0.032192014157772064,0.3669711649417877,1.0,,,0,Q2,0.7888661026954651,,
1175,conv_epinet,0,0.14569126069545746,0.010066327638924122,0.1356249302625656,1.0,,,0,Q3,0.944570004940033,,
1176,conv_epinet,0,0.4436587393283844,0.045569341629743576,0.3980894088745117,1.0,,,0,Q2,0.911279320716858,,
1177,conv_epinet,0,0.10925141721963882,0.0033502434380352497,0.10590117424726486,1.0,,,0,Q3,0.9583585262298584,,
1178,conv_epinet,0,0.2566634714603424,0.028537381440401077,0.22812607884407043,1.0,,,0,Q2,0.9402479529380798,,
1179,conv_epinet,0,0.21899384260177612,0.02515377476811409,0.19384007155895233,1.0,,,0,Q3,0.9507589936256408,,
1180,conv_epinet,0,0.3486800193786621,0.03554657846689224,0.31313344836235046,1.0,,,0,Q2,0.9340658187866212,,
1181,conv_epinet,0,0.1803196370601654,0.011661208234727383,0.16865843534469604,1.0,,,0,Q3,0.9711266160011292,,
1182,conv_epinet,0,0.2976842224597931,0.014536553993821144,0.2831476628780365,1.0,,,0,Q2,0.8812546730041504,,
1183,conv_epinet,0,0.2711763381958008,0.025175895541906357,0.24600045382976532,1.0,,,0,Q2,0.8984729051589966,,
1184,conv_epinet,0,0.08995173871517181,0.0016634968342259526,0.08828824013471603,1.0,,,0,Q3,0.9606400728225708,,
1185,conv_epinet,0,0.719948410987854,0.12233371287584305,0.5976147055625916,0.8999999761581421,,,0,Q2,0.7294776439666748,,
1186,conv_epinet,0,0.939599871635437,0.17490704357624054,0.7646928429603577,0.699999988079071,,,0,Q1,0.5443292260169983,,
1187,conv_epinet,0,0.34913936257362366,0.12873415648937225,0.2204052060842514,1.0,,,0,Q3,0.9495110511779784,,
1188,conv_epinet,0,0.4620414078235626,0.1023326888680458,0.3597087264060974,1.0,,,0,Q2,0.869679868221283,,
1189,conv_epinet,0,0.10305392742156982,0.004018815234303474,0.0990351140499115,1.0,,,0,Q3,0.976165235042572,,
1190,conv_epinet,0,0.2375659942626953,0.022744489833712578,0.21482150256633759,1.0,,,0,Q2,0.933655560016632,,
1191,conv_epinet,0,0.3988568186759949,0.03785845637321472,0.36099836230278015,1.0,,,0,Q2,0.8036273121833801,,
1192,conv_epinet,0,0.21433645486831665,0.007504290901124477,0.206832155585289,1.0,,,0,Q2,0.940933644771576,,
1193,conv_epinet,0,0.29106730222702026,0.008931833319365978,0.2821354866027832,1.0,,,0,Q2,0.8827853798866272,,
1194,conv_epinet,0,0.1833953708410263,0.01524114515632391,0.16815422475337982,1.0,,,0,Q3,0.9637041091918944,,
1195,conv_epinet,0,0.14996622502803802,0.005288971588015556,0.14467725157737732,1.0,,,0,Q3,0.9689661860466005,,
1196,conv_epinet,0,0.92145174741745,0.07098326086997986,0.8504684567451477,0.800000011920929,,,0,Q1,0.0678828954696655,,
1197,conv_epinet,0,0.10468626767396927,0.006739634554833174,0.0979466363787651,1.0,,,0,Q3,0.9671408534049988,,
1198,conv_epinet,0,0.8476433157920837,0.01555041316896677,0.8320928812026978,1.0,,,0,Q1,0.447596788406372,,
1199,conv_epinet,0,0.11174733191728592,0.0052099996246397495,0.10653732717037201,1.0,,,0,Q3,0.966726541519165,,
1200,conv_epinet,0,0.09138476848602295,0.0029872043523937464,0.0883975625038147,1.0,,,0,Q3,0.9701541662216188,,
1201,conv_epinet,0,0.4682019054889679,0.10294262319803238,0.3652592897415161,0.8999999761581421,,,0,Q2,0.8543206453323364,,
1202,conv_epinet,0,0.4845177233219147,0.013455449603497982,0.4710622727870941,1.0,,,0,Q2,0.8034535646438599,,
1203,conv_epinet,1,0.780768871307373,0.06499680131673813,0.7157720923423767,1.0,,,0,Q1,0.3540661334991455,,
1204,conv_epinet,0,0.4339582026004791,0.03984098508954048,0.39411720633506775,1.0,,,0,Q2,0.9032574892044068,,
1205,conv_epinet,0,0.14657427370548248,0.006615108344703913,0.1399591714143753,1.0,,,0,Q3,0.966624677181244,,
1206,conv_epinet,0,0.3896949291229248,0.008599863387644291,0.3810950517654419,1.0,,,0,Q2,0.8335371613502502,,
1207,conv_epinet,0,0.14739596843719482,0.0008566241012886167,0.1465393453836441,1.0,,,0,Q3,0.953445851802826,,
1208,conv_epinet,0,0.14217951893806458,0.014334184117615223,0.12784533202648163,1.0,,,0,Q3,0.9688379764556884,,
1209,conv_epinet,0,0.16301128268241882,0.021959872916340828,0.14105141162872314,1.0,,,0,Q3,0.970049262046814,,
1210,conv_epinet,1,0.8850646615028381,0.06793864816427231,0.8171260356903076,0.8999999761581421,,,0,Q1,0.3314863443374634,,
1211,conv_epinet,0,0.11548586934804916,0.0037918412126600742,0.11169402301311493,1.0,,,0,Q3,0.9797319769859314,,
1212,conv_epinet,0,0.7450426816940308,0.05455779656767845,0.690484881401062,1.0,,,0,Q1,0.3712235689163208,,
1213,conv_epinet,0,0.19273047149181366,0.01950771175324917,0.17322275042533875,1.0,,,0,Q3,0.956145167350769,,
1214,conv_epinet,0,0.1386541724205017,0.007702995557337999,0.1309511810541153,1.0,,,0,Q3,0.9747866988182068,,
1215,conv_epinet,0,0.19340962171554565,0.00820243265479803,0.18520718812942505,1.0,,,0,Q3,0.9484862685203552,,
1216,conv_epinet,0,0.233360156416893,0.050446767359972,0.1829133927822113,1.0,,,0,Q2,0.9238319396972656,,
1217,conv_epinet,1,0.11522626876831055,0.010457759723067284,0.10476850718259811,1.0,,,0,Q4,0.9845646619796752,,
1218,conv_epinet,0,0.17286741733551025,0.02163122594356537,0.15123619139194489,1.0,,,0,Q3,0.9506990909576416,,
1219,conv_epinet,0,0.965311586856842,0.18576422333717346,0.779547393321991,0.5,,,0,Q1,0.4362621903419494,,
1220,conv_epinet,0,0.11648908257484436,0.011661842465400696,0.10482724010944366,1.0,,,0,Q3,0.9777225255966188,,
1221,conv_epinet,0,0.37599843740463257,0.05617869272828102,0.31981974840164185,1.0,,,0,Q2,0.904288411140442,,
1222,conv_epinet,0,0.709848940372467,0.07010752707719803,0.6397414207458496,1.0,,,0,Q2,0.7879500389099121,,
1223,conv_epinet,0,0.28835776448249817,0.01965043693780899,0.2687073349952698,1.0,,,0,Q2,0.8997071385383606,,
1224,conv_epinet,0,0.9999326467514038,0.1774536818265915,0.8224790096282959,0.5,,,0,Q1,0.0617579221725463,,
1225,conv_epinet,0,0.1778901219367981,0.013294355943799019,0.16459576785564423,1.0,,,0,Q3,0.9716075658798218,,
1226,conv_epinet,0,0.9752864241600037,0.1594482958316803,0.8158381581306458,0.800000011920929,,,0,Q1,0.2030309438705444,,
1227,conv_epinet,0,0.6332910060882568,0.1637987643480301,0.46949225664138794,0.8999999761581421,,,0,Q1,0.7105813026428223,,
1228,conv_epinet,1,0.8122973442077637,0.09807384014129639,0.7142235040664673,1.0,,,0,Q1,0.5802599191665649,,
1229,conv_epinet,0,0.47120141983032227,0.04330093041062355,0.427900493144989,1.0,,,0,Q2,0.7646413445472717,,
1230,conv_epinet,0,0.10037533193826675,0.004459327552467585,0.09591600298881531,1.0,,,0,Q3,0.9670342206954956,,
1231,conv_epinet,0,0.17448389530181885,0.021281616762280464,0.15320228040218353,1.0,,,0,Q3,0.970878541469574,,
1232,conv_epinet,0,0.30016064643859863,0.04318432882428169,0.25697633624076843,1.0,,,0,Q3,0.9659246802330016,,
1233,conv_epinet,0,0.625704288482666,0.10261073708534241,0.523093581199646,0.8999999761581421,,,0,Q1,0.6140846014022827,,
1234,conv_epinet,0,0.12327289581298828,0.012139491736888885,0.1111334040760994,1.0,,,0,Q3,0.9737662076950072,,
1235,conv_epinet,0,0.13372719287872314,0.0065089198760688305,0.12721827626228333,1.0,,,0,Q3,0.971526026725769,,
1236,conv_epinet,0,0.10314135998487473,0.0023258288856595755,0.1008155345916748,1.0,,,0,Q3,0.9646745920181274,,
1237,conv_epinet,0,0.3411311209201813,0.03605771064758301,0.30507341027259827,1.0,,,0,Q2,0.9349709749221802,,
1238,conv_epinet,0,0.6048750281333923,0.17701099812984467,0.4278640151023865,0.8999999761581421,,,0,Q1,0.6563066244125366,,
1239,conv_epinet,0,0.12882696092128754,0.009682354517281055,0.11914460361003876,1.0,,,0,Q3,0.9666022658348083,,
1240,conv_epinet,0,0.13067017495632172,0.020299702882766724,0.11037047952413559,1.0,,,0,Q3,0.9709235429763794,,
1241,conv_epinet,1,0.982583224773407,0.20255815982818604,0.780025064945221,0.6000000238418579,,,0,Q1,0.2252064943313598,,
1242,conv_epinet,0,0.1533719301223755,0.01605493575334549,0.1373170018196106,1.0,,,0,Q3,0.9747218489646912,,
1243,conv_epinet,0,0.07951727509498596,0.00457547465339303,0.07494179904460907,1.0,,,0,Q3,0.9770548343658448,,
1244,conv_epinet,0,0.8971495628356934,0.03768415004014969,0.8594654202461243,0.8999999761581421,,,0,Q1,0.3731496334075928,,
1245,conv_epinet,0,0.8747897744178772,0.16852042078971863,0.7062693238258362,0.800000011920929,,,0,Q1,0.012287437915802,,
1246,conv_epinet,0,0.19815044105052948,0.018188798800110817,0.17996163666248322,1.0,,,0,Q3,0.970080316066742,,
1247,conv_epinet,0,0.1685904860496521,0.008813304826617241,0.1597771793603897,1.0,,,0,Q3,0.9728311896324158,,
1248,conv_epinet,0,0.07953929156064987,0.003573046997189522,0.0759662389755249,1.0,,,0,Q3,0.9765974879264832,,
1249,conv_epinet,0,0.12059585005044937,0.0105607770383358,0.11003506928682327,1.0,,,0,Q3,0.9709201455116272,,
1250,conv_epinet,0,0.6625412106513977,0.112318255007267,0.5502229332923889,0.8999999761581421,,,0,Q2,0.7698268294334412,,
1251,conv_epinet,0,0.14201316237449646,0.012459734454751015,0.12955342233181,1.0,,,0,Q3,0.9747689366340636,,
1252,conv_epinet,0,0.2726533114910126,0.042308636009693146,0.23034466803073883,1.0,,,0,Q3,0.9684858322143556,,
1253,conv_epinet,0,0.21144156157970428,0.03590322658419609,0.1755383312702179,1.0,,,0,Q3,0.9772936105728148,,
1254,conv_epinet,1,0.9474287033081055,0.10580562055110931,0.841623067855835,0.800000011920929,,,0,Q1,0.3493279218673706,,
1255,conv_epinet,0,0.20970284938812256,0.025666411966085434,0.18403644859790802,1.0,,,0,Q3,0.9761366844177246,,
1256,conv_epinet,0,0.12164785712957382,0.013720151968300343,0.10792770236730576,1.0,,,0,Q3,0.970313310623169,,
1257,conv_epinet,0,0.5704428553581238,0.05531929433345795,0.5151235461235046,1.0,,,0,Q1,0.7242879867553711,,
1258,conv_epinet,0,0.45749589800834656,0.033567875623703,0.42392802238464355,1.0,,,0,Q2,0.7839781045913696,,
1259,conv_epinet,0,0.18585139513015747,0.02700355462729931,0.158847838640213,1.0,,,0,Q3,0.9642186760902404,,
1260,conv_epinet,1,0.97212815284729,0.16084763407707214,0.8112804889678955,0.699999988079071,,,0,Q1,0.1750983595848083,,
1261,conv_epinet,0,0.6649276614189148,0.18146319687366486,0.48346447944641113,0.8999999761581421,,,0,Q2,0.7688495516777039,,
1262,conv_epinet,0,0.15607857704162598,0.009636381641030312,0.14644218981266022,1.0,,,0,Q3,0.9775516390800476,,
1263,conv_epinet,0,0.11899326741695404,0.00544333690777421,0.11354993283748627,1.0,,,0,Q3,0.9716374278068542,,
1264,conv_epinet,0,0.17570732533931732,0.01701750047504902,0.15868982672691345,1.0,,,0,Q3,0.9681991934776306,,
1265,conv_epinet,0,0.17534306645393372,0.015789318829774857,0.15955375134944916,1.0,,,0,Q3,0.9729682803153992,,
1266,conv_epinet,0,0.9117070436477661,0.11231516301631927,0.7993918657302856,0.800000011920929,,,0,Q1,0.1918407082557678,,
1267,conv_epinet,0,0.2144382894039154,0.007624958176165819,0.20681333541870117,1.0,,,0,Q3,0.9472749829292296,,
1268,conv_epinet,1,0.9153375029563904,0.2541753947734833,0.6611620783805847,0.800000011920929,,,0,Q1,0.4730074405670166,,
1269,conv_epinet,0,0.9742485880851746,0.2115265280008316,0.7627220749855042,0.6000000238418579,,,0,Q1,0.0857244729995727,,
1270,conv_epinet,0,0.29970094561576843,0.05865584313869476,0.24104510247707367,1.0,,,0,Q3,0.9668043851852416,,
1271,conv_epinet,0,0.9208148717880249,0.16674628853797913,0.7540686130523682,0.8999999761581421,,,0,Q1,0.1510422229766845,,
1272,conv_epinet,0,0.1768653839826584,0.016426868736743927,0.16043850779533386,1.0,,,0,Q2,0.9244584441184998,,
1273,conv_epinet,0,0.24884870648384094,0.023863496258854866,0.22498521208763123,1.0,,,0,Q3,0.9641167521476746,,
1274,conv_epinet,0,0.184184730052948,0.02439671754837036,0.15978801250457764,1.0,,,0,Q3,0.9695369005203248,,
1275,conv_epinet,1,0.8871204853057861,0.13212472200393677,0.7549957633018494,0.800000011920929,,,0,Q1,0.5801604986190796,,
1276,conv_epinet,0,0.9993748664855957,0.15364517271518707,0.845729649066925,0.5,,,0,Q1,0.025992214679718,,
1277,conv_epinet,0,0.14393438398838043,0.011513292789459229,0.1324210911989212,1.0,,,0,Q3,0.9716928601264954,,
1278,conv_epinet,0,0.1540203094482422,0.010077484883368015,0.14394281804561615,1.0,,,0,Q3,0.9729877710342408,,
1279,conv_epinet,0,0.13578559458255768,0.009127398952841759,0.12665818631649017,1.0,,,0,Q3,0.97577965259552,,
1280,conv_epinet,0,0.8802850842475891,0.05930090695619583,0.8209841847419739,0.8999999761581421,,,0,Q1,0.297293484210968,,
1281,conv_epinet,0,0.5913108587265015,0.15544867515563965,0.43586215376853943,0.8999999761581421,,,0,Q2,0.8405357599258423,,
1282,conv_epinet,0,0.4866071045398712,0.023467205464839935,0.4631398916244507,1.0,,,0,Q2,0.8399071097373962,,
1283,conv_epinet,0,0.9433804154396057,0.16735434532165527,0.7760260701179504,0.800000011920929,,,0,Q1,0.3983950614929199,,
1284,conv_epinet,0,0.14551611244678497,0.00909663550555706,0.13641947507858276,1.0,,,0,Q3,0.957865834236145,,
1285,conv_epinet,0,0.14651243388652802,0.007432369980961084,0.13908006250858307,1.0,,,0,Q3,0.9768170714378356,,
1286,conv_epinet,0,0.3434765338897705,0.04756126552820206,0.29591527581214905,1.0,,,0,Q2,0.8773416876792908,,
1287,conv_epinet,0,0.13995449244976044,0.005831953138113022,0.13412253558635712,1.0,,,0,Q3,0.9720393419265748,,
1288,conv_epinet,0,0.1374327540397644,0.002602333901450038,0.13483041524887085,1.0,,,0,Q3,0.9570075869560242,,
1289,conv_epinet,0,0.1562182456254959,0.009968619793653488,0.14624962210655212,1.0,,,0,Q3,0.9696761965751648,,
1290,conv_epinet,0,0.19754208624362946,0.010466800071299076,0.18707528710365295,1.0,,,0,Q3,0.9480685591697692,,
1291,conv_epinet,0,0.3964581787586212,0.013168840669095516,0.3832893371582031,1.0,,,0,Q2,0.8180339336395264,,
1292,conv_epinet,0,0.1693240851163864,0.008817034773528576,0.16050705313682556,1.0,,,0,Q2,0.9323284029960632,,
1293,conv_epinet,0,0.26270511746406555,0.010869969613850117,0.2518351674079895,1.0,,,0,Q2,0.934018075466156,,
1294,conv_epinet,0,0.33764684200286865,0.04125730320811272,0.29638952016830444,1.0,,,0,Q2,0.893439769744873,,
1295,conv_epinet,0,0.11357109993696213,0.0013807626673951745,0.11219033598899841,1.0,,,0,Q3,0.9719078540802002,,
1296,conv_epinet,0,0.548873245716095,0.038529615849256516,0.510343611240387,1.0,,,0,Q2,0.8053185343742371,,
1297,conv_epinet,0,0.11206995695829391,0.006317632272839546,0.10575232654809952,1.0,,,0,Q3,0.9728578329086304,,
1298,conv_epinet,1,0.12070681154727936,0.00780513184145093,0.11290167272090912,1.0,,,0,Q3,0.9820140600204468,,
1299,conv_epinet,0,0.1204790249466896,0.0024094770196825266,0.11806955188512802,1.0,,,0,Q3,0.9651283621788024,,
1300,conv_epinet,0,0.2688835859298706,0.018346615135669708,0.2505369782447815,1.0,,,0,Q2,0.9231348037719728,,
1301,conv_epinet,0,0.33049872517585754,0.024043453857302666,0.30645525455474854,1.0,,,0,Q2,0.8773416876792908,,
1302,conv_epinet,0,0.38532549142837524,0.013090803287923336,0.3722347021102905,1.0,,,0,Q2,0.8372746706008911,,
1303,conv_epinet,0,0.525159478187561,0.01951155997812748,0.5056478977203369,1.0,,,0,Q2,0.737332820892334,,
1304,conv_epinet,0,0.9760528206825256,0.0972510278224945,0.8788017630577087,0.699999988079071,,,0,Q1,0.2473969459533691,,
1305,conv_epinet,0,0.2159850150346756,0.010427501983940601,0.20555751025676727,1.0,,,0,Q2,0.9252011179924012,,
1306,conv_epinet,0,0.8835163116455078,0.039681900292634964,0.843834400177002,1.0,,,0,Q1,0.3768346309661865,,
1307,conv_epinet,0,0.16985520720481873,0.003946722485125065,0.16590848565101624,1.0,,,0,Q3,0.953612744808197,,
1308,conv_epinet,0,0.34408584237098694,0.03124348632991314,0.31284233927726746,1.0,,,0,Q2,0.9304753541946412,,
1309,conv_epinet,0,0.3640094995498657,0.023299822583794594,0.3407096564769745,1.0,,,0,Q2,0.8866956830024719,,
1310,conv_epinet,0,0.18333354592323303,0.008353670127689838,0.17497988045215607,1.0,,,0,Q3,0.9696061015129088,,
1311,conv_epinet,0,0.14829608798027039,0.014489312656223774,0.13380677998065948,1.0,,,0,Q3,0.9634039998054504,,
1312,conv_epinet,0,0.6632657647132874,0.05731674283742905,0.6059489846229553,1.0,,,0,Q1,0.6948131322860718,,
1313,conv_epinet,0,0.6185591816902161,0.012127786874771118,0.6064313650131226,1.0,,,0,Q1,0.6339401006698608,,
1314,conv_epinet,0,0.829113245010376,0.03226437419652939,0.7968488335609436,1.0,,,0,Q1,0.4420816898345947,,
1315,conv_epinet,0,0.8552243113517761,0.04785451665520668,0.8073698282241821,0.8999999761581421,,,0,Q1,0.2943933010101318,,
1316,conv_epinet,1,0.40732240676879883,0.05925309658050537,0.34806931018829346,1.0,,,0,Q2,0.9160146713256836,,
1317,conv_epinet,0,0.22370250523090363,0.008543388918042183,0.2151591032743454,1.0,,,0,Q3,0.9652737975120544,,
1318,conv_epinet,0,0.2843821346759796,0.016758935526013374,0.2676232159137726,1.0,,,0,Q2,0.9199470281600952,,
1319,conv_epinet,0,0.24881219863891602,0.004838990047574043,0.24397321045398712,1.0,,,0,Q2,0.9311305284500122,,
1320,conv_epinet,0,0.1933559626340866,0.01745990477502346,0.1758960634469986,1.0,,,0,Q3,0.9651079773902892,,
1321,conv_epinet,0,0.4465368688106537,0.015482093207538128,0.4310547709465027,1.0,,,0,Q2,0.8037018775939941,,
1322,conv_epinet,0,0.10963453352451324,0.012452371418476105,0.09718216210603714,1.0,,,0,Q3,0.9730748534202576,,
1323,conv_epinet,0,0.9989415407180786,0.04648217931389809,0.9524593353271484,0.5,,,0,Q1,0.1553094387054443,,
1324,conv_epinet,0,0.9860355257987976,0.03630786016583443,0.9497276544570923,0.800000011920929,,,0,Q1,0.1677229404449463,,
1325,conv_epinet,1,0.4359295964241028,0.026988591998815536,0.40894100069999695,1.0,,,0,Q2,0.8599275350570679,,
1326,conv_epinet,0,0.15757030248641968,0.007229967974126339,0.15034033358097076,1.0,,,0,Q3,0.961899995803833,,
1327,conv_epinet,0,0.22450971603393555,0.03204825893044472,0.19246146082878113,1.0,,,0,Q3,0.9597346782684326,,
1328,conv_epinet,1,0.8185043931007385,0.026199493557214737,0.7923048734664917,1.0,,,0,Q1,0.4392338991165161,,
1329,conv_epinet,0,0.0885612741112709,0.004150242544710636,0.08441103249788284,1.0,,,0,Q3,0.9752439260482788,,
1330,conv_epinet,0,0.09621065109968185,0.0018423640867695212,0.09436828643083572,1.0,,,0,Q3,0.97188001871109,,
1331,conv_epinet,0,0.10738080739974976,0.004202858079224825,0.10317794978618622,1.0,,,0,Q3,0.9766120910644532,,
1332,conv_epinet,0,0.13937191665172577,0.011794612742960453,0.1275773048400879,1.0,,,0,Q3,0.9714987874031068,,
1333,conv_epinet,0,0.13276538252830505,0.007463004440069199,0.12530237436294556,1.0,,,0,Q3,0.9703900218009948,,
1334,conv_epinet,0,0.16437101364135742,0.009983561001718044,0.1543874442577362,1.0,,,0,Q3,0.9624265432357788,,
1335,conv_epinet,0,0.6040475964546204,0.0955200269818306,0.5085275769233704,0.8999999761581421,,,0,Q1,0.7264147400856018,,
1336,conv_epinet,0,0.10955795645713806,0.004230665508657694,0.1053272932767868,1.0,,,0,Q3,0.9589128494262696,,
1337,conv_epinet,0,0.5298565030097961,0.011226167902350426,0.5186303853988647,1.0,,,0,Q1,0.6506558656692505,,
1338,conv_epinet,0,0.16738514602184296,0.00723271956667304,0.16015242040157318,1.0,,,0,Q3,0.9657230377197266,,
1339,conv_epinet,0,0.14454469084739685,0.004726276732981205,0.13981841504573822,1.0,,,0,Q3,0.9577599167823792,,
1340,conv_epinet,0,0.5723051428794861,0.049383483827114105,0.5229216814041138,1.0,,,0,Q2,0.7889161109924316,,
1341,conv_epinet,1,0.9144360423088074,0.04277397692203522,0.8716620802879333,1.0,,,0,Q1,0.4177777767181396,,
1342,conv_epinet,0,0.786186933517456,0.06589188426733017,0.7202950716018677,1.0,,,0,Q1,0.4589468836784363,,
1343,conv_epinet,0,0.9714009165763855,0.08762834221124649,0.8837725520133972,0.6000000238418579,,,0,Q1,0.0991373062133789,,
1344,conv_epinet,0,0.8066049814224243,0.07940439134836197,0.7272006273269653,0.8999999761581421,,,0,Q1,0.6608453989028931,,
1345,conv_epinet,0,0.657930314540863,0.1052909567952156,0.5526393055915833,0.8999999761581421,,,0,Q1,0.5275757312774658,,
1346,conv_epinet,0,0.21330563724040985,0.008434330113232136,0.2048712968826294,1.0,,,0,Q2,0.9435182809829712,,
1347,conv_epinet,1,0.9797629714012146,0.10774042457342148,0.8720225691795349,0.6000000238418579,,,0,Q1,0.3172544240951538,,
1348,conv_epinet,0,0.8168663382530212,0.07881879061460495,0.7380475401878357,1.0,,,0,Q1,0.5812720656394958,,
1349,conv_epinet,0,0.9911838173866272,0.18805107474327087,0.8031327724456787,0.5,,,0,Q1,0.2264031171798706,,
1350,conv_epinet,0,0.07128642499446869,0.0017406740225851536,0.06954574584960938,1.0,,,0,Q3,0.9745320081710817,,
1351,conv_epinet,1,0.595252513885498,0.05344812199473381,0.5418043732643127,1.0,,,0,Q2,0.742952823638916,,
1352,conv_epinet,0,0.275627076625824,0.02697909064590931,0.24864797294139862,1.0,,,0,Q2,0.9129588603973388,,
1353,conv_epinet,1,0.9999669790267944,0.07008413225412369,0.929882824420929,0.5,,,0,Q1,0.1905806064605713,,
1354,conv_epinet,0,0.28282538056373596,0.010745024308562279,0.27208036184310913,1.0,,,0,Q2,0.90838623046875,,
1355,conv_epinet,0,0.20353059470653534,0.011955847032368183,0.19157473742961884,1.0,,,0,Q2,0.9436154961586,,
1356,conv_epinet,1,0.8061391115188599,0.04723365977406502,0.7589054107666016,0.8999999761581421,,,0,Q1,0.7118500471115112,,
1357,conv_epinet,1,0.8747839331626892,0.04478135704994202,0.8300025463104248,0.8999999761581421,,,0,Q1,0.5212258100509644,,
1358,conv_epinet,0,0.2314385622739792,0.006845769472420216,0.22459279000759125,1.0,,,0,Q2,0.9327443838119508,,
1359,conv_epinet,0,0.28095248341560364,0.02050056867301464,0.26045191287994385,1.0,,,0,Q3,0.9464147090911864,,
1360,conv_epinet,0,0.23118451237678528,0.006680107209831476,0.22450441122055054,1.0,,,0,Q2,0.9364231824874878,,
1361,conv_epinet,1,0.433621346950531,0.07488904893398285,0.35873231291770935,1.0,,,0,Q2,0.905168890953064,,
1362,conv_epinet,0,0.23750820755958557,0.006569500546902418,0.23093871772289276,1.0,,,0,Q2,0.9372056126594543,,
1363,conv_epinet,0,0.3437105119228363,0.028287339955568314,0.3154231607913971,1.0,,,0,Q2,0.9274845719337464,,
1364,conv_epinet,0,0.3014610707759857,0.021081289276480675,0.2803798019886017,1.0,,,0,Q2,0.9378504753112792,,
1365,conv_epinet,0,0.23379753530025482,0.01658559776842594,0.21721193194389343,1.0,,,0,Q3,0.9475163221359252,,
1366,conv_epinet,0,0.09916232526302338,0.002480527153238654,0.09668179601430893,1.0,,,0,Q3,0.9794856309890748,,
1367,conv_epinet,0,0.16768939793109894,0.017001505941152573,0.15068790316581726,1.0,,,0,Q3,0.9755714535713196,,
1368,conv_epinet,1,0.9955090284347534,0.06596463173627853,0.9295443892478943,0.5,,,0,Q1,0.1399027109146118,,
1369,conv_epinet,0,0.2748630940914154,0.0075363656505942345,0.2673267126083374,1.0,,,0,Q2,0.9049022793769836,,
1370,conv_epinet,0,0.9974369406700134,0.05998746305704117,0.9374494552612305,0.699999988079071,,,0,Q1,0.1392276287078857,,
1371,conv_epinet,0,0.126560240983963,0.00661702174693346,0.11994321644306183,1.0,,,0,Q3,0.975284457206726,,
1372,conv_epinet,0,0.11020766198635101,0.0024735296610742807,0.10773413628339767,1.0,,,0,Q3,0.9662925004959106,,
1373,conv_epinet,0,0.4000314176082611,0.02383369952440262,0.3761977255344391,1.0,,,0,Q2,0.878333568572998,,
1374,conv_epinet,0,0.5006563067436218,0.05361589044332504,0.4470404386520386,1.0,,,0,Q2,0.7388136386871338,,
1375,conv_epinet,0,0.11078805476427078,0.015053566545248032,0.09573448449373245,1.0,,,0,Q3,0.9655300974845886,,
1376,conv_epinet,0,0.3468793034553528,0.025378597900271416,0.321500688791275,1.0,,,0,Q2,0.9124844074249268,,
1377,conv_epinet,0,0.24310293793678284,0.012268038466572762,0.23083490133285522,1.0,,,0,Q3,0.9464147090911864,,
1378,conv_epinet,0,0.16457869112491608,0.006893537472933531,0.15768514573574066,1.0,,,0,Q3,0.9474859833717346,,
1379,conv_epinet,0,0.9074518084526062,0.09069892019033432,0.8167529106140137,0.699999988079071,,,0,Q1,0.4990521073341369,,
1380,conv_epinet,0,0.5260851383209229,0.037476394325494766,0.48860877752304077,1.0,,,0,Q2,0.845283031463623,,
1381,conv_epinet,1,0.9977148771286011,0.07876066118478775,0.9189541935920715,0.5,,,0,Q1,0.1742467880249023,,
1382,conv_epinet,0,0.5859338641166687,0.04674316570162773,0.5391907095909119,1.0,,,0,Q1,0.7285698652267456,,
1383,conv_epinet,1,0.9515600800514221,0.035861823707818985,0.915698230266571,0.699999988079071,,,0,Q1,0.2581709623336792,,
1384,conv_epinet,0,0.4151630699634552,0.027747293934226036,0.3874157667160034,1.0,,,0,Q2,0.8442263603210449,,
1385,conv_epinet,0,0.16054996848106384,0.005343694239854813,0.15520627796649933,1.0,,,0,Q3,0.9554558992385864,,
1386,conv_epinet,0,0.17458660900592804,0.0281782615929842,0.146408349275589,1.0,,,0,Q3,0.9760181307792664,,
1387,conv_epinet,0,0.8584088087081909,0.09420908987522125,0.7641997337341309,0.800000011920929,,,0,Q1,0.4054139852523803,,
1388,conv_epinet,0,0.09952371567487717,0.003187107155099511,0.09633661061525345,1.0,,,0,Q3,0.9683576822280884,,
1389,conv_epinet,0,0.16177912056446075,0.006353297270834446,0.1554258167743683,1.0,,,0,Q3,0.9643450379371644,,
1390,conv_epinet,0,0.24837931990623474,0.012442858889698982,0.2359364628791809,1.0,,,0,Q2,0.9392045140266418,,
1391,conv_epinet,0,0.17388294637203217,0.007637093774974346,0.16624586284160614,1.0,,,0,Q3,0.9716955423355104,,
1392,conv_epinet,0,0.14845408499240875,0.00917073804885149,0.13928335905075073,1.0,,,0,Q3,0.9444976449012756,,
1393,conv_epinet,0,0.2031659483909607,0.009721190668642521,0.19344475865364075,1.0,,,0,Q3,0.9501195549964904,,
1394,conv_epinet,0,0.36734336614608765,0.036235108971595764,0.3311082720756531,1.0,,,0,Q2,0.9051414728164672,,
1395,conv_epinet,0,0.2794887125492096,0.033476572483778,0.2460121363401413,1.0,,,0,Q3,0.9444663524627686,,
1396,conv_epinet,1,0.3845716118812561,0.0189362782984972,0.36563533544540405,1.0,,,0,Q2,0.9055299758911132,,
1397,conv_epinet,0,0.7792618274688721,0.045698799192905426,0.7335630059242249,1.0,,,0,Q1,0.503453254699707,,
1398,conv_epinet,0,0.11426936089992523,0.006834343075752258,0.10743501782417297,1.0,,,0,Q3,0.97130286693573,,
1399,conv_epinet,0,0.6836538314819336,0.04477740451693535,0.6388764381408691,1.0,,,0,Q1,0.7012077569961548,,
1400,conv_epinet,0,0.23159149289131165,0.013154393993318081,0.2184371054172516,1.0,,,0,Q3,0.9519641399383544,,
1401,conv_epinet,0,0.45695024728775024,0.021929722279310226,0.4350205361843109,1.0,,,0,Q2,0.799671471118927,,
1402,conv_epinet,0,0.2416384220123291,0.03667719289660454,0.20496122539043427,1.0,,,0,Q3,0.9747564196586608,,
1403,conv_epinet,0,0.31245261430740356,0.019987350329756737,0.2924652695655823,1.0,,,0,Q2,0.9150254130363464,,
1404,conv_epinet,0,0.18187960982322693,0.005552191287279129,0.1763274222612381,1.0,,,0,Q2,0.939586877822876,,
1405,conv_epinet,0,0.14426858723163605,0.00638650031760335,0.13788209855556488,1.0,,,0,Q3,0.953413724899292,,
1406,conv_epinet,0,0.16977965831756592,0.015333338640630245,0.1544463187456131,1.0,,,0,Q3,0.9719507694244384,,
1407,conv_epinet,0,0.3646041750907898,0.010364685207605362,0.35423949360847473,1.0,,,0,Q2,0.8653045892715454,,
1408,conv_epinet,0,0.3322802484035492,0.052057813853025436,0.28022241592407227,1.0,,,0,Q2,0.9182056784629822,,
1409,conv_epinet,0,0.35460764169692993,0.025337429717183113,0.32927021384239197,1.0,,,0,Q2,0.9356420636177064,,
1410,conv_epinet,0,0.098222516477108,0.004138268064707518,0.0940842479467392,1.0,,,0,Q3,0.9763637781143188,,
1411,conv_epinet,0,0.7237243056297302,0.010797758586704731,0.7129265666007996,1.0,,,0,Q2,0.7295302748680115,,
1412,conv_epinet,0,0.11223965883255005,0.005573173053562641,0.10666649043560028,1.0,,,0,Q3,0.9738507270812988,,
1413,conv_epinet,0,0.7013134360313416,0.03412105515599251,0.6671923995018005,1.0,,,0,Q1,0.6360024213790894,,
1414,conv_epinet,1,0.6894086003303528,0.04468582198023796,0.6447228193283081,1.0,,,0,Q1,0.692969799041748,,
1415,conv_epinet,0,0.12276344001293182,0.00838476698845625,0.1143786758184433,1.0,,,0,Q3,0.976750910282135,,
1416,conv_epinet,0,0.2613460421562195,0.01222783699631691,0.24911820888519287,1.0,,,0,Q2,0.9373413920402528,,
1417,conv_epinet,0,0.5926846265792847,0.016712069511413574,0.5759725570678711,1.0,,,0,Q2,0.7395779490470886,,
1418,conv_epinet,0,0.09499180316925049,0.0027744886465370655,0.09221731126308441,1.0,,,0,Q3,0.9700836539268494,,
1419,conv_epinet,1,0.6568173170089722,0.025426259264349937,0.6313910484313965,1.0,,,0,Q2,0.7398827075958252,,
1420,conv_epinet,1,0.9951813817024231,0.05152101442217827,0.9436603784561157,0.699999988079071,,,0,Q1,0.0552801489830017,,
1421,conv_epinet,0,0.19679521024227142,0.012919745407998562,0.18387547135353088,1.0,,,0,Q2,0.9320370554924012,,
1422,conv_epinet,0,0.4204815924167633,0.04951475188136101,0.3709668219089508,1.0,,,0,Q2,0.8807674646377563,,
1423,conv_epinet,0,0.12777124345302582,0.0025491591077297926,0.1252220869064331,1.0,,,0,Q3,0.9667282104492188,,
1424,conv_epinet,0,0.18049652874469757,0.0037903147749602795,0.1767062097787857,1.0,,,0,Q3,0.9485654234886168,,
1425,conv_epinet,0,0.15705183148384094,0.008663357235491276,0.14838847517967224,1.0,,,0,Q3,0.9690687656402588,,
1426,conv_epinet,0,0.2556467652320862,0.006257008295506239,0.24938976764678955,1.0,,,0,Q2,0.8979929089546204,,
1427,conv_epinet,0,0.07561717927455902,0.002588387345895171,0.0730287954211235,1.0,,,0,Q3,0.973479688167572,,
1428,conv_epinet,1,0.6332224011421204,0.03870534151792526,0.5945170521736145,1.0,,,0,Q2,0.7591007947921753,,
1429,conv_epinet,0,0.13803240656852722,0.004132753703743219,0.13389964401721954,1.0,,,0,Q3,0.9749366641044616,,
1430,conv_epinet,0,0.8692684769630432,0.11206655949354172,0.7572019696235657,0.800000011920929,,,0,Q1,0.5492109060287476,,
1431,conv_epinet,0,0.33579152822494507,0.01571422629058361,0.3200773000717163,1.0,,,0,Q2,0.8800828456878662,,
1432,conv_epinet,0,0.9131260514259338,0.045158516615629196,0.8679675459861755,0.8999999761581421,,,0,Q1,0.445598840713501,,
1433,conv_epinet,0,0.9237573146820068,0.02122695930302143,0.9025303721427917,0.8999999761581421,,,0,Q1,0.194958209991455,,
1434,conv_epinet,0,0.064997099339962,0.001338981674052775,0.06365811824798584,1.0,,,0,Q3,0.9763246178627014,,
1435,conv_epinet,0,0.09326089918613434,0.0007275081006810069,0.09253339469432831,1.0,,,0,Q3,0.9757579565048218,,
1436,conv_epinet,0,0.1858184039592743,0.00662864139303565,0.1791897565126419,1.0,,,0,Q3,0.9585983753204346,,
1437,conv_epinet,0,0.24074047803878784,0.010047699324786663,0.2306927740573883,1.0,,,0,Q2,0.94040846824646,,
1438,conv_epinet,0,0.10029645264148712,0.002521147485822439,0.09777531027793884,1.0,,,0,Q3,0.9759458899497986,,
1439,conv_epinet,0,0.5623801350593567,0.1743115484714508,0.3880685865879059,0.8999999761581421,,,0,Q2,0.8583425283432007,,
1440,conv_epinet,0,0.9999844431877136,0.07946690171957016,0.9205175042152405,0.4000000059604645,,,0,Q1,0.0713722109794616,,
1441,conv_epinet,0,0.140618234872818,0.005394150037318468,0.1352240890264511,1.0,,,0,Q3,0.9608405232429504,,
1442,conv_epinet,0,0.1387840211391449,0.0031804321333765984,0.13560359179973602,1.0,,,0,Q3,0.9716489911079408,,
1443,conv_epinet,0,0.14750388264656067,0.007394888438284397,0.14010898768901825,1.0,,,0,Q3,0.9643613696098328,,
1444,conv_epinet,1,0.6488399505615234,0.04845211282372475,0.6003878712654114,1.0,,,0,Q1,0.5772440433502197,,
1445,conv_epinet,0,0.16896958649158478,0.005903100129216909,0.16306649148464203,1.0,,,0,Q3,0.959314465522766,,
1446,conv_epinet,0,0.14796292781829834,0.008580150082707405,0.13938277959823608,1.0,,,0,Q3,0.9588235020637512,,
1447,conv_epinet,0,0.13574941456317902,0.004189164377748966,0.13156025111675262,1.0,,,0,Q3,0.9713492393493652,,
1448,conv_epinet,0,0.29498398303985596,0.010500271804630756,0.28448373079299927,1.0,,,0,Q2,0.9394119381904602,,
1449,conv_epinet,0,0.49274495244026184,0.02930128574371338,0.46344366669654846,1.0,,,0,Q2,0.8381550312042236,,
1450,conv_epinet,0,0.18382318317890167,0.008612267673015594,0.17521090805530548,1.0,,,0,Q3,0.961616277694702,,
1451,conv_epinet,0,0.1702970713376999,0.005227917805314064,0.16506914794445038,1.0,,,0,Q3,0.9499432444572448,,
1452,conv_epinet,1,0.7534933686256409,0.06460253149271011,0.6888908743858337,1.0,,,0,Q1,0.3896903991699219,,
1453,conv_epinet,0,0.7054044604301453,0.12505464255809784,0.5803498029708862,0.8999999761581421,,,0,Q1,0.67444908618927,,
1454,conv_epinet,0,0.6798797249794006,0.038187842816114426,0.6416919231414795,1.0,,,0,Q1,0.6916381120681763,,
1455,conv_epinet,0,0.838692307472229,0.07614333927631378,0.7625489830970764,1.0,,,0,Q1,0.4994980692863464,,
1456,conv_epinet,0,0.06826432794332504,0.0020018727518618107,0.06626245379447937,1.0,,,0,Q3,0.9783411026000975,,
1457,conv_epinet,0,0.18410561978816986,0.004433196969330311,0.17967242002487183,1.0,,,0,Q2,0.9421807527542114,,
1458,conv_epinet,0,0.3075178265571594,0.024150190874934196,0.2833676338195801,1.0,,,0,Q2,0.9083403944969176,,
1459,conv_epinet,0,0.30537110567092896,0.02397984266281128,0.2813912630081177,1.0,,,0,Q2,0.9001044631004333,,
1460,conv_epinet,0,0.8440748453140259,0.05534616485238075,0.7887287139892578,0.8999999761581421,,,0,Q1,0.428386390209198,,
1461,conv_epinet,0,0.5341643691062927,0.06195171922445297,0.47221267223358154,1.0,,,0,Q2,0.7969179153442383,,
1462,conv_epinet,0,0.36557263135910034,0.01750989817082882,0.34806275367736816,1.0,,,0,Q2,0.8447422385215759,,
1463,conv_epinet,0,0.8245733976364136,0.028794797137379646,0.7957785725593567,1.0,,,0,Q1,0.4911639094352722,,
1464,conv_epinet,0,0.10232474654912949,0.0009157753665931523,0.10140896588563919,1.0,,,0,Q3,0.9728428721427916,,
1465,conv_epinet,0,0.08813635259866714,0.0026053113397210836,0.08553104102611542,1.0,,,0,Q3,0.9738543033599854,,
1466,conv_epinet,0,0.803066611289978,0.07403784245252609,0.7290287613868713,0.8999999761581421,,,0,Q1,0.4785177111625671,,
1467,conv_epinet,0,0.17622247338294983,0.007333189714699984,0.16888928413391113,1.0,,,0,Q3,0.9654558897018432,,
1468,conv_epinet,0,0.17524205148220062,0.009244712069630623,0.16599732637405396,1.0,,,0,Q3,0.9646252393722534,,
1469,conv_epinet,0,0.5295409560203552,0.03031937964260578,0.4992215633392334,1.0,,,0,Q2,0.7910308837890625,,
1470,conv_epinet,0,0.15742620825767517,0.004182854667305946,0.15324336290359497,1.0,,,0,Q2,0.9391959309577942,,
1471,conv_epinet,0,0.986128032207489,0.13226068019866943,0.8538673520088196,0.800000011920929,,,0,Q1,0.2626071572303772,,
1472,conv_epinet,0,0.5634040832519531,0.06015406921505928,0.503250002861023,1.0,,,0,Q1,0.6830407381057739,,
1473,conv_epinet,0,0.9153062701225281,0.06676142662763596,0.8485448360443115,0.800000011920929,,,0,Q1,0.4595059156417846,,
1474,conv_epinet,0,0.07807810604572296,0.0018052858067676425,0.07627281546592712,1.0,,,0,Q3,0.972537100315094,,
1475,conv_epinet,0,0.08783968538045883,0.0024827630259096622,0.08535692095756531,1.0,,,0,Q3,0.9756062626838684,,
1476,conv_epinet,0,0.1453189104795456,0.011096137575805187,0.13422277569770813,1.0,,,0,Q3,0.9752439260482788,,
1477,conv_epinet,0,0.09244778752326965,0.0018788675079122186,0.0905689224600792,1.0,,,0,Q3,0.9713114500045776,,
1478,conv_epinet,0,0.9921718835830688,0.07707823812961578,0.9150936007499695,0.6000000238418579,,,0,Q1,0.1167404651641845,,
1479,conv_epinet,0,0.12422789633274078,0.005701160524040461,0.11852673441171646,1.0,,,0,Q3,0.9604764580726624,,
1480,conv_epinet,0,0.23947416245937347,0.014868824742734432,0.22460533678531647,1.0,,,0,Q2,0.9359407424926758,,
1481,conv_epinet,0,0.09972255676984787,0.002878559520468116,0.09684400260448456,1.0,,,0,Q3,0.9728156328201294,,
1482,conv_epinet,0,0.20683562755584717,0.010532518848776817,0.1963030993938446,1.0,,,0,Q2,0.9175949692726136,,
1483,conv_epinet,0,0.16351447999477386,0.004705101251602173,0.1588093787431717,1.0,,,0,Q3,0.956497848033905,,
1484,conv_epinet,0,0.7464755773544312,0.07756980508565903,0.6689057350158691,1.0,,,0,Q1,0.582607626914978,,
1485,conv_epinet,0,0.9535519480705261,0.06692592799663544,0.8866260051727295,0.699999988079071,,,0,Q1,0.2188044190406799,,
1486,conv_epinet,0,0.16168588399887085,0.01022915169596672,0.15145672857761383,1.0,,,0,Q3,0.9675724506378174,,
1487,conv_epinet,0,0.1668609082698822,0.004551144782453775,0.16230976581573486,1.0,,,0,Q3,0.951263666152954,,
1488,conv_epinet,1,0.99637770652771,0.08926854282617569,0.9071091413497925,0.6000000238418579,,,0,Q1,0.2308332920074463,,
1489,conv_epinet,0,0.31796795129776,0.02776442840695381,0.2902035117149353,1.0,,,0,Q2,0.9132168292999268,,
1490,conv_epinet,0,0.33742865920066833,0.03951892629265785,0.2979097366333008,1.0,,,0,Q2,0.8550522327423096,,
1491,conv_epinet,0,0.30667781829833984,0.008808908052742481,0.29786890745162964,1.0,,,0,Q2,0.9005475044250488,,
1492,conv_epinet,0,0.16390423476696014,0.015546769835054874,0.14835745096206665,1.0,,,0,Q2,0.9409419298171996,,
1493,conv_epinet,0,0.41969430446624756,0.0733260065317154,0.34636828303337097,1.0,,,0,Q2,0.8562808036804199,,
1494,conv_epinet,0,0.13857993483543396,0.0025333366356790066,0.1360466033220291,1.0,,,0,Q3,0.9453262686729432,,
1495,conv_epinet,0,0.8695514798164368,0.11559409648180008,0.7539573907852173,0.800000011920929,,,0,Q1,0.5990865230560303,,
1496,conv_epinet,0,0.309835821390152,0.0126772066578269,0.2971585988998413,1.0,,,0,Q2,0.8999931812286377,,
1497,conv_epinet,1,0.8707759976387024,0.06069998815655708,0.8100760579109192,0.8999999761581421,,,0,Q1,0.41082763671875,,
1498,conv_epinet,0,0.3732205331325531,0.026018116623163223,0.3472024202346802,1.0,,,0,Q2,0.9006294012069702,,
1499,conv_epinet,0,0.9643542766571045,0.09332484006881714,0.8710294365882874,0.6000000238418579,,,0,Q1,0.3885514736175537,,
1500,conv_epinet,0,0.35230007767677307,0.04263821989297867,0.309661865234375,1.0,,,0,Q2,0.9337322115898132,,
1501,conv_epinet,0,0.1601807177066803,0.00550831388682127,0.15467239916324615,1.0,,,0,Q3,0.9657906889915466,,
1502,conv_epinet,0,0.1457514762878418,0.007298535201698542,0.1384529322385788,1.0,,,0,Q3,0.9671525359153748,,
1503,conv_epinet,0,0.09928657114505768,0.0026661395095288754,0.09662043303251266,1.0,,,0,Q3,0.9771059155464172,,
1504,conv_epinet,0,0.6825026273727417,0.0645635798573494,0.6179390549659729,1.0,,,0,Q2,0.7366104125976562,,
1505,conv_epinet,0,0.16711054742336273,0.009442610666155815,0.15766793489456177,1.0,,,0,Q3,0.973011314868927,,
1506,conv_epinet,0,0.557137131690979,0.06603062897920609,0.4911065101623535,1.0,,,0,Q2,0.7752506136894226,,
1507,conv_epinet,0,0.14288923144340515,0.00824776105582714,0.13464146852493286,1.0,,,0,Q3,0.9704689979553224,,
1508,conv_epinet,0,0.4396854639053345,0.024720484390854836,0.4149649739265442,1.0,,,0,Q2,0.8340117931365967,,
1509,conv_epinet,0,0.20055438578128815,0.018500646576285362,0.18205374479293823,1.0,,,0,Q3,0.9694413542747498,,
1510,conv_epinet,0,0.1194576770067215,0.0036242548376321793,0.11583342403173447,1.0,,,0,Q3,0.9690847396850586,,
1511,conv_epinet,0,0.9772109389305115,0.09728731960058212,0.8799235820770264,0.699999988079071,,,0,Q1,0.2177300453186035,,
1512,conv_epinet,0,0.11681089550256729,0.00449227262288332,0.11231862008571625,1.0,,,0,Q3,0.962344229221344,,
1513,conv_epinet,0,0.12417740374803543,0.0021610050462186337,0.12201640009880066,1.0,,,0,Q3,0.9724955558776855,,
1514,conv_epinet,0,0.15814830362796783,0.013571741990745068,0.1445765644311905,1.0,,,0,Q3,0.9579915404319764,,
1515,conv_epinet,0,0.721946120262146,0.0142170749604702,0.7077290415763855,1.0,,,0,Q1,0.5379534959793091,,
1516,conv_epinet,0,0.40930572152137756,0.013521447777748108,0.39578428864479065,1.0,,,0,Q2,0.7694360613822937,,
1517,conv_epinet,1,0.8177369832992554,0.022246558219194412,0.7954904437065125,1.0,,,0,Q1,0.4807965755462646,,
1518,conv_epinet,0,0.26639777421951294,0.04808097332715988,0.21831679344177246,1.0,,,0,Q3,0.9442598223686218,,
1519,conv_epinet,0,0.10158589482307434,0.0023557967506349087,0.099230095744133,1.0,,,0,Q3,0.9751892685890198,,
1520,conv_epinet,0,0.8510270714759827,0.05754745751619339,0.7934796214103699,0.8999999761581421,,,0,Q1,0.3813236355781555,,
1521,conv_epinet,0,0.7564555406570435,0.051048148423433304,0.7054073810577393,0.8999999761581421,,,0,Q1,0.4409785866737366,,
1522,conv_epinet,0,0.24953867495059967,0.03946225717663765,0.21007642149925232,1.0,,,0,Q3,0.968666672706604,,
1523,conv_epinet,0,0.08095395565032959,0.0009049565996974707,0.08004899322986603,1.0,,,0,Q3,0.9761368632316588,,
1524,conv_epinet,0,0.5050860643386841,0.041573453694581985,0.4635125994682312,1.0,,,0,Q2,0.8116494417190552,,
1525,conv_epinet,0,0.15280602872371674,0.010614952072501183,0.1421910673379898,1.0,,,0,Q3,0.9670559763908386,,
1526,conv_epinet,0,0.2745992839336395,0.0077899969182908535,0.26680928468704224,1.0,,,0,Q2,0.9100731611251832,,
1527,conv_epinet,0,0.7300668954849243,0.02837812714278698,0.7016887664794922,1.0,,,0,Q1,0.707581639289856,,
1528,conv_epinet,0,0.27600976824760437,0.010265150107443333,0.2657446265220642,1.0,,,0,Q2,0.9099880456924438,,
1529,conv_epinet,1,0.8932266235351562,0.05365274101495743,0.8395739197731018,0.8999999761581421,,,0,Q1,0.3769429922103882,,
1530,conv_epinet,0,0.9235385656356812,0.09248728305101395,0.8310512900352478,0.800000011920929,,,0,Q1,0.4175863862037658,,
1531,conv_epinet,0,0.3271495997905731,0.012268682941794395,0.31488093733787537,1.0,,,0,Q3,0.9436185359954834,,
1532,conv_epinet,0,0.3085388243198395,0.0298234261572361,0.2787153720855713,1.0,,,0,Q2,0.9022384881973268,,
1533,conv_epinet,1,0.40861421823501587,0.04049868881702423,0.36811554431915283,1.0,,,0,Q2,0.8967043161392212,,
1534,conv_epinet,0,0.3512706756591797,0.03997326269745827,0.3112974166870117,1.0,,,0,Q2,0.92256760597229,,
1535,conv_epinet,0,0.4743017852306366,0.019909657537937164,0.45439213514328003,1.0,,,0,Q2,0.8267121315002441,,
1536,conv_epinet,0,0.2414689064025879,0.014788100495934486,0.22668081521987915,1.0,,,0,Q3,0.9544000625610352,,
1537,conv_epinet,0,0.69259113073349,0.053041212260723114,0.639549970626831,1.0,,,0,Q1,0.7111072540283203,,
1538,conv_epinet,0,0.3963596522808075,0.01943773776292801,0.3769218921661377,1.0,,,0,Q2,0.879176139831543,,
1539,conv_epinet,0,0.17715010046958923,0.02929823286831379,0.1478518694639206,1.0,,,0,Q3,0.9675076007843018,,
1540,conv_epinet,0,0.09501528739929199,0.005044353194534779,0.08997093141078949,1.0,,,0,Q3,0.9710785746574402,,
1541,conv_epinet,0,0.9957829713821411,0.056836653500795364,0.9389463067054749,0.5,,,0,Q1,0.0329436659812927,,
1542,conv_epinet,0,0.15280000865459442,0.015523465350270271,0.1372765451669693,1.0,,,0,Q3,0.9638935327529908,,
1543,conv_epinet,0,0.48807328939437866,0.022885430604219437,0.4651878774166107,1.0,,,0,Q2,0.8861554265022278,,
1544,conv_epinet,1,0.20848210155963898,0.014147765934467316,0.19433432817459106,1.0,,,0,Q3,0.9681967496871948,,
1545,conv_epinet,0,0.3420026898384094,0.015838785097002983,0.3261638879776001,1.0,,,0,Q2,0.8783696889877319,,
1546,conv_epinet,0,0.20073926448822021,0.011417369358241558,0.18932190537452698,1.0,,,0,Q3,0.9574861526489258,,
1547,conv_epinet,1,0.8192952275276184,0.08847784996032715,0.7308173775672913,0.8999999761581421,,,0,Q1,0.7260377407073975,,
1548,conv_epinet,1,0.9957733750343323,0.030335932970046997,0.9654374122619629,0.6000000238418579,,,0,Q1,0.0196609497070312,,
1549,conv_epinet,1,0.21958738565444946,0.008518816903233528,0.21106857061386108,1.0,,,0,Q3,0.9661613702774048,,
1550,conv_epinet,0,0.17227716743946075,0.007040367927402258,0.16523680090904236,1.0,,,0,Q3,0.9594025015830994,,
1551,conv_epinet,0,0.1152854636311531,0.004500140901654959,0.11078532040119171,1.0,,,0,Q3,0.9771150946617126,,
1552,conv_epinet,0,0.9832229018211365,0.07782034575939178,0.9054026007652283,0.699999988079071,,,0,Q1,0.0707228779792785,,
1553,conv_epinet,0,0.7414159774780273,0.10391338169574738,0.6375026106834412,0.8999999761581421,,,0,Q1,0.6214790344238281,,
1554,conv_epinet,0,0.7047032713890076,0.023199211806058884,0.6815040111541748,1.0,,,0,Q1,0.5949532985687256,,
1555,conv_epinet,0,0.9168098568916321,0.102395199239254,0.8144146203994751,0.699999988079071,,,0,Q1,0.0702148675918579,,
1556,conv_epinet,0,0.9275584816932678,0.046237193048000336,0.8813213109970093,0.800000011920929,,,0,Q1,0.1961851716041565,,
1557,conv_epinet,0,0.7299755215644836,0.04475100338459015,0.6852245330810547,1.0,,,0,Q1,0.5178577303886414,,
1558,conv_epinet,0,0.12844496965408325,0.006296101957559586,0.12214886397123337,1.0,,,0,Q3,0.9731891751289368,,
1559,conv_epinet,0,0.14886070787906647,0.015270661562681198,0.13359004259109497,1.0,,,0,Q3,0.9747254252433776,,
1560,conv_epinet,0,0.30579808354377747,0.027643179520964622,0.2781548798084259,1.0,,,0,Q3,0.9515126943588256,,
1561,conv_epinet,0,0.5979591012001038,0.08793868124485016,0.51002037525177,1.0,,,0,Q1,0.6865173578262329,,
1562,conv_epinet,0,0.44190654158592224,0.07812995463609695,0.3637765944004059,1.0,,,0,Q2,0.8531942367553711,,
1563,conv_epinet,0,0.2680697739124298,0.009635070338845253,0.2584346830844879,1.0,,,0,Q2,0.9397759437561036,,
1564,conv_epinet,0,0.6854019165039062,0.030077744275331497,0.6553242206573486,1.0,,,0,Q1,0.6381523609161377,,
1565,conv_epinet,0,0.5412132740020752,0.10193252563476562,0.43928074836730957,1.0,,,0,Q1,0.6485843658447266,,
1566,conv_epinet,0,0.8636731505393982,0.029459940269589424,0.8342131972312927,1.0,,,0,Q1,0.4322484135627746,,
1567,conv_epinet,0,0.5668198466300964,0.0606723390519619,0.5061475038528442,1.0,,,0,Q2,0.7735434770584106,,
1568,conv_epinet,0,0.3280845582485199,0.02164517715573311,0.3064393699169159,1.0,,,0,Q2,0.8961876630783081,,
1569,conv_epinet,0,0.216140016913414,0.01435919664800167,0.20178081095218658,1.0,,,0,Q3,0.9517124891281128,,
1570,conv_epinet,0,0.7914571166038513,0.025921912863850594,0.7655351758003235,1.0,,,0,Q1,0.6736664175987244,,
1571,conv_epinet,1,0.5416210293769836,0.07351961731910706,0.468101441860199,1.0,,,0,Q2,0.7651711702346802,,
1572,conv_epinet,0,0.25433096289634705,0.018873311579227448,0.235457643866539,1.0,,,0,Q3,0.9485548734664916,,
1573,conv_epinet,0,0.4013515114784241,0.09476276487112045,0.3065887689590454,1.0,,,0,Q2,0.9036000370979308,,
1574,conv_epinet,0,0.19020958244800568,0.014865847304463387,0.17534373700618744,1.0,,,0,Q2,0.9432881474494934,,
1575,conv_epinet,0,0.32392367720603943,0.025516357272863388,0.29840731620788574,1.0,,,0,Q2,0.930738627910614,,
1576,conv_epinet,0,0.30609461665153503,0.052773285657167435,0.2533213198184967,1.0,,,0,Q2,0.9395530223846436,,
1577,conv_epinet,0,0.16306985914707184,0.009116176515817642,0.1539536863565445,1.0,,,0,Q3,0.9680936932563782,,
1578,conv_epinet,1,0.5270487666130066,0.10541117936372757,0.42163756489753723,1.0,,,0,Q2,0.8104652166366577,,
1579,conv_epinet,0,0.8043894171714783,0.14065790176391602,0.6637315154075623,0.8999999761581421,,,0,Q1,0.5768049359321594,,
1580,conv_epinet,0,0.9828547239303589,0.12436572462320328,0.8584889769554138,0.6000000238418579,,,0,Q1,0.318686842918396,,
1581,conv_epinet,0,0.07564838230609894,0.0018615187145769596,0.07378686219453812,1.0,,,0,Q3,0.9738567471504213,,
1582,conv_epinet,0,0.12354663759469986,0.0076873451471328735,0.11585929244756699,1.0,,,0,Q3,0.9744956493377686,,
1583,conv_epinet,0,0.42043614387512207,0.03487937152385712,0.38555675745010376,1.0,,,0,Q2,0.8656195402145386,,
